offset,knee,exponent,r2,mae,n_peaks,fit_ok,gamma_peak_cf,gamma_peak_pw,gamma_peak_bw,gamma_peak_present,gamma_peak_pinned,periodic_gamma_power,aperiodic_gamma_power,naive_gamma_power,fit_fmin,fit_fmax,aperiodic_mode,subject,task,condition,run,meditator,tradition,group,first_session,years_of_practice,age,gender,emg_proxy_logpower,ica_muscle_variance_ratio,ica_n_excluded,n_epochs_kept,epoch_reject_fraction,bad_channels,n_bad_channels,roi,variant,fit_range_name,irasa_exponent,irasa_intercept,irasa_r2,irasa_periodic_gamma_power,irasa_aperiodic_gamma_power
-10.843348864998283,,1.6408071392634742,0.9947115662102451,0.014385063239754465,0,True,,,,False,False,0.0,-13.998384252606483,-13.993730057637777,30,120,fixed,sub-001,med1breath,meditation,1,True,himalayan,htr,meditation,3.0,26.0,m,-13.518573376936112,0.026797817527025036,4,294,0.01342281879194629,Fp1,1,parieto_occipital,clean-average,primary,1.7300636907242826,-24.21216423332806,0.9853116035918467,0.03354914261494625,-13.839775190224668
-10.687290505023636,,1.8210816770319602,0.9918859900265706,0.019996961392207642,0,True,,,,False,False,0.0,-14.188967818141496,-14.192448954920412,30,120,fixed,sub-001,med1breath,meditation,1,True,himalayan,htr,meditation,3.0,26.0,m,-13.518573376936112,0.026797817527025036,4,294,0.01342281879194629,Fp1,1,frontal,clean-average,primary,,,,,
-10.070132638525214,,2.2260080354524696,0.9761796818549582,0.04299041863489406,0,True,,,,False,False,0.0,-14.350424914743183,-14.368269115539475,30,120,fixed,sub-001,med1breath,meditation,1,True,himalayan,htr,meditation,3.0,26.0,m,-13.518573376936112,0.026797817527025036,4,294,0.01342281879194629,Fp1,1,central,clean-average,primary,,,,,
-11.109590998505421,,1.491456560383318,0.9922940530752993,0.018482731196919778,1,True,63.36991350216014,0.07071033349779832,29.999999995802035,False,True,0.03129796905150466,-13.977446771732993,-13.938676975490154,30,120,fixed,sub-001,med1breath,meditation,1,True,himalayan,htr,meditation,3.0,26.0,m,-13.518573376936112,0.026797817527025036,4,294,0.01342281879194629,Fp1,1,temporal,clean-average,primary,,,,,
-11.001796571935033,,1.5801271276679048,0.9874703040245858,0.02107678649094456,0,True,,,,False,False,0.0,-14.040153052361955,-14.041216827568672,30,120,fixed,sub-001,think1,thinking,1,True,himalayan,htr,meditation,3.0,26.0,m,-13.452566700343011,0.024265521082103336,3,292,0.020134228187919434,Fp1;PO4,2,parieto_occipital,clean-average,primary,1.6802008764185434,-24.522363817465184,0.9853335884207736,0.01871887017225247,-13.883610683988982
-10.792202380543113,,1.7481227498797274,0.9880258183721145,0.023771388407026816,0,True,,,,False,False,0.0,-14.153590203507632,-14.159180134854951,30,120,fixed,sub-001,think1,thinking,1,True,himalayan,htr,meditation,3.0,26.0,m,-13.452566700343011,0.024265521082103336,3,292,0.020134228187919434,Fp1;PO4,2,frontal,clean-average,primary,,,,,
-9.668170582211673,,2.463812720285576,0.9896663519287006,0.026914774821831695,3,True,96.09443976368672,0.0758137738017357,14.133325711335603,True,False,0.03850057212607133,-14.405726956100656,-14.374304027768838,30,120,fixed,sub-001,think1,thinking,1,True,himalayan,htr,meditation,3.0,26.0,m,-13.452566700343011,0.024265521082103336,3,292,0.020134228187919434,Fp1;PO4,2,central,clean-average,primary,,,,,
-11.069732305947532,,1.4738262902656947,0.9928240603280764,0.016512760288665728,0,True,,,,False,False,0.0,-13.903687613493831,-13.904523082558516,30,120,fixed,sub-001,think1,thinking,1,True,himalayan,htr,meditation,3.0,26.0,m,-13.452566700343011,0.024265521082103336,3,292,0.020134228187919434,Fp1;PO4,2,temporal,clean-average,primary,,,,,
-10.723554738782255,,1.7980198871399427,0.9879968684208633,0.025304850869213004,0,True,,,,False,False,0.0,-14.180887557370694,-14.187151857697879,30,120,fixed,sub-001,med2,meditation,2,True,himalayan,htr,meditation,3.0,26.0,m,-14.07204098649562,0.008289472206534865,3,297,0.0,Fp1,1,parieto_occipital,clean-average,primary,1.8693519053537853,-23.985066487003895,0.9872667740947462,0.007159932028818924,-14.016898931855343
-10.569259943332623,,1.9195705502190497,0.9780050426068685,0.03843900008138093,0,True,,,,False,False,0.0,-14.260317149282008,-14.27115120509538,30,120,fixed,sub-001,med2,meditation,2,True,himalayan,htr,meditation,3.0,26.0,m,-14.07204098649562,0.008289472206534865,3,297,0.0,Fp1,1,frontal,clean-average,primary,,,,,
-9.890462260104178,,2.3783125767929487,0.9670413965544427,0.057959175261086814,0,True,,,,False,False,0.0,-14.463614194306292,-14.488554887941348,30,120,fixed,sub-001,med2,meditation,2,True,himalayan,htr,meditation,3.0,26.0,m,-14.07204098649562,0.008289472206534865,3,297,0.0,Fp1,1,central,clean-average,primary,,,,,
-11.265530735158386,,1.5234795553757055,0.967122595307729,0.03670477753533618,0,True,,,,False,False,0.0,-14.194962107370454,-14.20376808984932,30,120,fixed,sub-001,med2,meditation,2,True,himalayan,htr,meditation,3.0,26.0,m,-14.07204098649562,0.008289472206534865,3,297,0.0,Fp1,1,temporal,clean-average,primary,,,,,
-11.104344043019312,,1.5440187807548955,0.9846701008232712,0.023668867003972322,0,True,,,,False,False,0.0,-14.073269382166758,-14.077961020136376,30,120,fixed,sub-001,think2,thinking,2,True,himalayan,htr,meditation,3.0,26.0,m,-13.232517334037851,0.09807393556026711,6,291,0.023489932885906062,Fp1;PO4,2,parieto_occipital,clean-average,primary,1.6310332427028846,-24.800042606670697,0.9837243252504029,0.01603093754104452,-13.910840305111414
-10.960505180486068,,1.6545467299102585,0.9787636282480522,0.03076927921193641,0,True,,,,False,False,0.0,-14.141959818513492,-14.1520150869244,30,120,fixed,sub-001,think2,thinking,2,True,himalayan,htr,meditation,3.0,26.0,m,-13.232517334037851,0.09807393556026711,6,291,0.023489932885906062,Fp1;PO4,2,frontal,clean-average,primary,,,,,
-10.125540251659793,,2.209620354176862,0.9640777176423472,0.05525841205713379,0,True,,,,False,False,0.0,-14.374321381254767,-14.400983708311108,30,120,fixed,sub-001,think2,thinking,2,True,himalayan,htr,meditation,3.0,26.0,m,-13.232517334037851,0.09807393556026711,6,291,0.023489932885906062,Fp1;PO4,2,central,clean-average,primary,,,,,
-11.349409184850069,,1.3720993905028984,0.9902626019726171,0.016216363967812234,0,True,,,,False,False,0.0,-13.987758341653167,-13.990450728845225,30,120,fixed,sub-001,think2,thinking,2,True,himalayan,htr,meditation,3.0,26.0,m,-13.232517334037851,0.09807393556026711,6,291,0.023489932885906062,Fp1;PO4,2,temporal,clean-average,primary,,,,,
-10.711041815833344,,1.5184388817698777,0.9564457795742427,0.043946722079939354,0,True,,,,False,False,0.0,-13.630780699986818,-13.640353103173283,30,120,fixed,sub-002,med1breath,meditation,1,True,himalayan,htr,thinking,31.0,62.0,f,-13.059183063614254,0.0014557337600560327,4,251,0.15771812080536918,Fp1;P1;P3;PO3;POz;Pz,6,parieto_occipital,clean-average,primary,1.6843578626470843,-23.547584029629824,0.9655069620341127,0.02231834375484499,-13.474540617448293
-11.011999787276691,,1.3012117094364124,0.9915407379771111,0.0165956904295653,0,True,,,,False,False,0.0,-13.514042161302962,-13.508037171355747,30,120,fixed,sub-002,med1breath,meditation,1,True,himalayan,htr,thinking,31.0,62.0,f,-13.059183063614254,0.0014557337600560327,4,251,0.15771812080536918,Fp1;P1;P3;PO3;POz;Pz,6,frontal,clean-average,primary,,,,,
-10.352308079839702,,2.017456797241155,0.9926035089959179,0.020457486630134875,3,True,104.97270806889327,0.11496824272622064,21.616455320801464,True,False,0.04259303643652634,-14.231586415454288,-14.192630144962743,30,120,fixed,sub-002,med1breath,meditation,1,True,himalayan,htr,thinking,31.0,62.0,f,-13.059183063614254,0.0014557337600560327,4,251,0.15771812080536918,Fp1;P1;P3;PO3;POz;Pz,6,central,clean-average,primary,,,,,
-11.955772861070104,,0.5888397491530151,0.9384829302994615,0.020421278398511336,0,True,,,,False,False,0.0,-13.088026738903688,-13.082319058359992,30,120,fixed,sub-002,med1breath,meditation,1,True,himalayan,htr,thinking,31.0,62.0,f,-13.059183063614254,0.0014557337600560327,4,251,0.15771812080536918,Fp1;P1;P3;PO3;POz;Pz,6,temporal,clean-average,primary,,,,,
-10.875494124532905,,1.4126144785672683,0.974418218864521,0.026592925026218277,1,True,,,,False,False,0.025047528262597943,-13.591747950030046,-13.569405139395736,30,120,fixed,sub-002,think1,thinking,1,True,himalayan,htr,thinking,31.0,62.0,f,-12.946136188819258,0.06762230806864833,6,269,0.135048231511254,Fp1,1,parieto_occipital,clean-average,primary,1.4383397591105571,-24.488624589568197,0.9656059442633855,0.01661181187560354,-13.40719197648249
-11.172111001986101,,1.0968969287262378,0.9756485175643915,0.022841388697778388,0,True,,,,False,False,0.0,-13.281285531933287,-13.27153657793074,30,120,fixed,sub-002,think1,thinking,1,True,himalayan,htr,thinking,31.0,62.0,f,-12.946136188819258,0.06762230806864833,6,269,0.135048231511254,Fp1,1,frontal,clean-average,primary,,,,,
-10.84949397752154,,1.673240133995851,0.9499352898373075,0.04933896956887331,0,True,,,,False,False,0.0,-14.066893334458085,-14.085419616217203,30,120,fixed,sub-002,think1,thinking,1,True,himalayan,htr,thinking,31.0,62.0,f,-12.946136188819258,0.06762230806864833,6,269,0.135048231511254,Fp1,1,central,clean-average,primary,,,,,
-11.689624588727039,,0.7446361750029811,0.9734668682597956,0.015606003731967888,0,True,,,,False,False,0.0,-13.12145251463562,-13.116461428146133,30,120,fixed,sub-002,think1,thinking,1,True,himalayan,htr,thinking,31.0,62.0,f,-12.946136188819258,0.06762230806864833,6,269,0.135048231511254,Fp1,1,temporal,clean-average,primary,,,,,
-11.216856294912688,,1.2486152037111917,0.9869091996655679,0.022559126174517177,1,True,,,,False,False,1.852656302698548e-06,-13.61776317723084,-13.625433323027648,30,120,fixed,sub-002,med2,meditation,2,True,himalayan,htr,thinking,31.0,62.0,f,-13.112318907245902,0.027551711967878534,3,270,0.09090909090909094,Fp1;POz,2,parieto_occipital,clean-average,primary,1.6322238537908884,-23.73754177678121,0.9631046729343569,0.02063505773760871,-13.458393945479708
-11.168974130315988,,1.2213894103738432,0.9846216538226666,0.020102479675397248,0,True,,,,False,False,0.0,-13.51752974027583,-13.51594364991536,30,120,fixed,sub-002,med2,meditation,2,True,himalayan,htr,thinking,31.0,62.0,f,-13.112318907245902,0.027551711967878534,3,270,0.09090909090909094,Fp1;POz,2,frontal,clean-average,primary,,,,,
-10.571691885088189,,1.877256539349557,0.9765036227707559,0.04089449674153226,2,True,,,,False,False,2.1693951013073762e-05,-14.18138535334393,-14.202458608724891,30,120,fixed,sub-002,med2,meditation,2,True,himalayan,htr,thinking,31.0,62.0,f,-13.112318907245902,0.027551711967878534,3,270,0.09090909090909094,Fp1;POz,2,central,clean-average,primary,,,,,
-11.763960935045958,,0.7200917596266865,0.9574570823025046,0.019548831191466456,0,True,,,,False,False,0.0,-13.148593491537069,-13.144986372760673,30,120,fixed,sub-002,med2,meditation,2,True,himalayan,htr,thinking,31.0,62.0,f,-13.112318907245902,0.027551711967878534,3,270,0.09090909090909094,Fp1;POz,2,temporal,clean-average,primary,,,,,
-11.054766523217257,,1.3385416666658987,0.9780511279194969,0.02546912038542157,0,True,,,,False,False,0.0,-13.62858901890353,-13.630839410272413,30,120,fixed,sub-002,think2,thinking,2,True,himalayan,htr,thinking,31.0,62.0,f,-13.110541455224862,0.08144279271720434,7,281,0.057046979865771785,Fp1,1,parieto_occipital,clean-average,primary,1.4828777303315601,-24.449966981300783,0.9758552981400435,0.019796377636183138,-13.473859590119122
-10.978909034615286,,1.2232404955416458,0.9726182221988695,0.029033300293412372,0,True,,,,False,False,0.0,-13.33102401427199,-13.319297159873283,30,120,fixed,sub-002,think2,thinking,2,True,himalayan,htr,thinking,31.0,62.0,f,-13.110541455224862,0.08144279271720434,7,281,0.057046979865771785,Fp1,1,frontal,clean-average,primary,,,,,
-10.6716518951744,,1.8113456733304378,0.9675852374158651,0.040219991077176664,0,True,,,,False,False,0.0,-14.154608277917724,-14.1693757195518,30,120,fixed,sub-002,think2,thinking,2,True,himalayan,htr,thinking,31.0,62.0,f,-13.110541455224862,0.08144279271720434,7,281,0.057046979865771785,Fp1,1,central,clean-average,primary,,,,,
-11.330643971150346,,0.96595548412973,0.9879672223502975,0.014425005799586678,0,True,,,,False,False,0.0,-13.1880369958123,-13.182258923303056,30,120,fixed,sub-002,think2,thinking,2,True,himalayan,htr,thinking,31.0,62.0,f,-13.110541455224862,0.08144279271720434,7,281,0.057046979865771785,Fp1,1,temporal,clean-average,primary,,,,,
-11.514962765215849,,1.1708475077700862,0.9888388309100471,0.01642654791751789,0,True,,,,False,False,0.0,-13.766333588825065,-13.758914908700142,30,120,fixed,sub-003,med1breath,meditation,1,True,himalayan,htr,meditation,3.0,22.0,m,-13.758465376117295,0.008135595951005548,5,217,0.2668918918918919,Fp1,1,parieto_occipital,clean-average,primary,1.3170793272695933,-25.502428182740232,0.9811820263917429,0.024231354491376828,-13.60367912006087
-11.377782488506812,,1.2395686495506786,0.9891459929424137,0.018129134407101573,1,True,63.64389620259217,0.06794976289742571,29.99992315637595,False,True,0.030430696843696925,-13.761294152441684,-13.727243325618367,30,120,fixed,sub-003,med1breath,meditation,1,True,himalayan,htr,meditation,3.0,22.0,m,-13.758465376117295,0.008135595951005548,5,217,0.2668918918918919,Fp1,1,frontal,clean-average,primary,,,,,
-10.741319977357424,,1.6778999071438674,0.9958872621191152,0.014840409372640686,0,True,,,,False,False,0.0,-13.9676794057298,-13.968946724990971,30,120,fixed,sub-003,med1breath,meditation,1,True,himalayan,htr,meditation,3.0,22.0,m,-13.758465376117295,0.008135595951005548,5,217,0.2668918918918919,Fp1,1,central,clean-average,primary,,,,,
-11.452542926358461,,1.2066878591318646,0.9912437487748291,0.015215186867257645,1,True,67.49999999999999,0.06382527974779961,29.999997020006774,False,True,0.03303298591704557,-13.772829574469439,-13.736785051548555,30,120,fixed,sub-003,med1breath,meditation,1,True,himalayan,htr,meditation,3.0,22.0,m,-13.758465376117295,0.008135595951005548,5,217,0.2668918918918919,Fp1,1,temporal,clean-average,primary,,,,,
-11.435761474522309,,1.1539256356072376,0.9918365521902814,0.01408397192147365,0,True,,,,False,False,0.0,-13.65459397950723,-13.651802614425108,30,120,fixed,sub-003,think1,thinking,1,True,himalayan,htr,meditation,3.0,22.0,m,-13.36871143116592,0.0,7,258,0.13422818791946312,Fp1,1,parieto_occipital,clean-average,primary,1.249794043195665,-25.549562823762262,0.9883313949633639,0.008306103070924966,-13.497714491367772
-11.193150791493244,,1.3202506239419252,0.9867152785272804,0.020942633398873416,0,True,,,,False,False,0.0,-13.73180225111473,-13.72292001536021,30,120,fixed,sub-003,think1,thinking,1,True,himalayan,htr,meditation,3.0,22.0,m,-13.36871143116592,0.0,7,258,0.13422818791946312,Fp1,1,frontal,clean-average,primary,,,,,
-11.304860960852094,,1.370324646418193,0.9910366750639505,0.017418616787568224,0,True,,,,False,False,0.0,-13.939797540846373,-13.943463497301797,30,120,fixed,sub-003,think1,thinking,1,True,himalayan,htr,meditation,3.0,22.0,m,-13.36871143116592,0.0,7,258,0.13422818791946312,Fp1,1,central,clean-average,primary,,,,,
-11.521507641160415,,1.2446882754732636,0.9905406454138815,0.016868451021029053,0,True,,,,False,False,0.0,-13.914863607067497,-13.912667064446506,30,120,fixed,sub-003,think1,thinking,1,True,himalayan,htr,meditation,3.0,22.0,m,-13.36871143116592,0.0,7,258,0.13422818791946312,Fp1,1,temporal,clean-average,primary,,,,,
-11.494714084843483,,1.1581921462688156,0.9891901954396943,0.015169555974588331,0,True,,,,False,False,0.0,-13.721750474244052,-13.717195743510269,30,120,fixed,sub-003,med2,meditation,2,True,himalayan,htr,meditation,3.0,22.0,m,-13.341630055244991,0.0,5,170,0.42567567567567566,Fp1,1,parieto_occipital,clean-average,primary,1.3069333398910996,-25.442199607231395,0.9824087576148601,0.026311885771794653,-13.556650949891182
-11.001885741968792,,1.4328122979872233,0.9910198037158422,0.01793772076747616,0,True,,,,False,False,0.0,-13.75697706000091,-13.751484460007667,30,120,fixed,sub-003,med2,meditation,2,True,himalayan,htr,meditation,3.0,22.0,m,-13.341630055244991,0.0,5,170,0.42567567567567566,Fp1,1,frontal,clean-average,primary,,,,,
-10.660284500678364,,1.7489886076166608,0.9958385846970005,0.015258340540397762,0,True,,,,False,False,0.0,-14.023337243142132,-14.029595045400825,30,120,fixed,sub-003,med2,meditation,2,True,himalayan,htr,meditation,3.0,22.0,m,-13.341630055244991,0.0,5,170,0.42567567567567566,Fp1,1,central,clean-average,primary,,,,,
-11.38316714349399,,1.2443363297814993,0.9916463095665708,0.014837273137157679,2,True,74.49999992754422,0.05773917872513046,26.708932086940386,True,False,0.03802540820135639,-13.775846368615722,-13.73601681062224,30,120,fixed,sub-003,med2,meditation,2,True,himalayan,htr,meditation,3.0,22.0,m,-13.341630055244991,0.0,5,170,0.42567567567567566,Fp1,1,temporal,clean-average,primary,,,,,
-11.51102060592271,,1.1805369074597707,0.98838217635373,0.01620846131890075,0,True,,,,False,False,0.0,-13.78102274711588,-13.774872421563698,30,120,fixed,sub-003,think2,thinking,2,True,himalayan,htr,meditation,3.0,22.0,m,-13.128525655578926,0.0,4,212,0.29568106312292364,Fp1,1,parieto_occipital,clean-average,primary,1.2979210394104859,-25.62015107855484,0.9841147639658532,0.018658196257903138,-13.618942192639011
-11.108619408355878,,1.399430775246736,0.9941180023147781,0.014420590283987615,2,True,72.14389620226912,0.06832094645990061,29.999999829563066,False,True,0.04500788993040773,-13.799522874556876,-13.74986528033893,30,120,fixed,sub-003,think2,thinking,2,True,himalayan,htr,meditation,3.0,22.0,m,-13.128525655578926,0.0,4,212,0.29568106312292364,Fp1,1,frontal,clean-average,primary,,,,,
-11.132853584618262,,1.5617287277829894,0.9919806348303448,0.019301652505218373,0,True,,,,False,False,0.0,-14.135832596649767,-14.13888787137651,30,120,fixed,sub-003,think2,thinking,2,True,himalayan,htr,meditation,3.0,22.0,m,-13.128525655578926,0.0,4,212,0.29568106312292364,Fp1,1,central,clean-average,primary,,,,,
-11.7749736770441,,1.0028646872090703,0.9887298001274567,0.014721949072634962,2,True,67.90406919868882,0.06930236699363945,28.330166006657354,True,False,0.05242679840868819,-13.70333777384315,-13.648270425959012,30,120,fixed,sub-003,think2,thinking,2,True,himalayan,htr,meditation,3.0,22.0,m,-13.128525655578926,0.0,4,212,0.29568106312292364,Fp1,1,temporal,clean-average,primary,,,,,
-10.224117538999014,,1.7088781412773069,0.9975017867874914,0.011422957538737078,0,True,,,,False,False,0.0,-13.510043641965751,-13.51124231048851,30,120,fixed,sub-004,med1breath,meditation,1,True,himalayan,htr,thinking,50.0,67.0,f,-13.546466767761816,0.17121366945825245,4,248,0.1815181518151815,Fp1;P10;P8,3,parieto_occipital,clean-average,primary,1.726948210884233,-23.10582850231696,0.9884238830554988,0.03456514957588549,-13.354290788480656
-9.812560672141807,,2.055614209297872,0.9947493058077713,0.018733580438625733,0,True,,,,False,False,0.0,-13.765210205661182,-13.769223073556947,30,120,fixed,sub-004,med1breath,meditation,1,True,himalayan,htr,thinking,50.0,67.0,f,-13.546466767761816,0.17121366945825245,4,248,0.1815181518151815,Fp1;P10;P8,3,frontal,clean-average,primary,,,,,
-10.298860599508293,,2.0538941881094672,0.9826114526178044,0.03718318317226634,0,True,,,,False,False,0.0,-14.248202780452832,-14.264089582165527,30,120,fixed,sub-004,med1breath,meditation,1,True,himalayan,htr,thinking,50.0,67.0,f,-13.546466767761816,0.17121366945825245,4,248,0.1815181518151815,Fp1;P10;P8,3,central,clean-average,primary,,,,,
-10.484828692497967,,1.7149998008405867,0.9926177853407105,0.019071352582967865,0,True,,,,False,False,0.0,-13.782525863551175,-13.786469568212665,30,120,fixed,sub-004,med1breath,meditation,1,True,himalayan,htr,thinking,50.0,67.0,f,-13.546466767761816,0.17121366945825245,4,248,0.1815181518151815,Fp1;P10;P8,3,temporal,clean-average,primary,,,,,
-10.557143413029312,,1.5570376540200523,0.9937741930720174,0.01721789834897365,0,True,,,,False,False,0.0,-13.55110216705865,-13.55119352331472,30,120,fixed,sub-004,think1,thinking,1,True,himalayan,htr,thinking,50.0,67.0,f,-13.58606211288285,0.22414612312765791,3,239,0.19528619528619529,CP3;Fp1;P3;P6;T8,5,parieto_occipital,clean-average,primary,1.5960329522830594,-23.759821980707265,0.9869941130266703,0.034328476937253875,-13.388592863666938
-10.069811897158228,,1.9165039221408753,0.9910442489860607,0.024289512083414094,0,True,,,,False,False,0.0,-13.754972419776744,-13.757651504247525,30,120,fixed,sub-004,think1,thinking,1,True,himalayan,htr,thinking,50.0,67.0,f,-13.58606211288285,0.22414612312765791,3,239,0.19528619528619529,CP3;Fp1;P3;P6;T8,5,frontal,clean-average,primary,,,,,
-11.150298304560422,,1.5997035406131501,0.9814737099069902,0.030482232577552646,1,True,,,,False,False,5.604338585445738e-06,-14.226297402530081,-14.234289618811896,30,120,fixed,sub-004,think1,thinking,1,True,himalayan,htr,thinking,50.0,67.0,f,-13.58606211288285,0.22414612312765791,3,239,0.19528619528619529,CP3;Fp1;P3;P6;T8,5,central,clean-average,primary,,,,,
-10.57805591804186,,1.684539671622279,0.9833445494884456,0.028539581134433736,1,True,95.71648491564805,0.062328791420068086,2.000000000000001,False,True,0.0031671163872712214,-13.817182655498577,-13.818257124490614,30,120,fixed,sub-004,think1,thinking,1,True,himalayan,htr,thinking,50.0,67.0,f,-13.58606211288285,0.22414612312765791,3,239,0.19528619528619529,CP3;Fp1;P3;P6;T8,5,temporal,clean-average,primary,,,,,
-10.416237946908609,,1.6296061145047207,0.996139637747301,0.012932104273251773,0,True,,,,False,False,0.0,-13.549735380027407,-13.546927520240255,30,120,fixed,sub-004,med2,meditation,2,True,himalayan,htr,thinking,50.0,67.0,f,-13.536173299766832,0.21259369192103894,5,213,0.292358803986711,Fp1,1,parieto_occipital,clean-average,primary,1.6416854850426486,-23.571038200914366,0.9894286806876309,0.012568405620221042,-13.392268439796474
-10.043416084964722,,1.990275983725616,0.9913972047633699,0.02324574987878252,0,True,,,,False,False,0.0,-13.870429637928499,-13.873576348711202,30,120,fixed,sub-004,med2,meditation,2,True,himalayan,htr,thinking,50.0,67.0,f,-13.536173299766832,0.21259369192103894,5,213,0.292358803986711,Fp1,1,frontal,clean-average,primary,,,,,
-10.72518077994892,,1.8646062152953171,0.9888958700299233,0.028255389283549807,2,True,,,,False,False,2.348606873416752e-06,-14.31054950027984,-14.324492313219451,30,120,fixed,sub-004,med2,meditation,2,True,himalayan,htr,thinking,50.0,67.0,f,-13.536173299766832,0.21259369192103894,5,213,0.292358803986711,Fp1,1,central,clean-average,primary,,,,,
-10.44152110251917,,1.7404450636222786,0.9858945548605164,0.026617050506729856,0,True,,,,False,False,0.0,-13.788145842573122,-13.790353476545754,30,120,fixed,sub-004,med2,meditation,2,True,himalayan,htr,thinking,50.0,67.0,f,-13.536173299766832,0.21259369192103894,5,213,0.292358803986711,Fp1,1,temporal,clean-average,primary,,,,,
-10.609044364419015,,1.539647543075016,0.9937423363837332,0.015750462367978158,0,True,,,,False,False,0.0,-13.569564444204987,-13.572127391535728,30,120,fixed,sub-004,think2,thinking,2,True,himalayan,htr,thinking,50.0,67.0,f,-13.352002587711908,0.16104191349308572,8,221,0.25838926174496646,Fp1;P3;T8,3,parieto_occipital,clean-average,primary,1.5628655920695045,-23.95495142314516,0.9879434213458869,0.026119277141853137,-13.409311154593176
-10.357437642838915,,1.8012492360377053,0.9901076360791178,0.023449661173779696,0,True,,,,False,False,0.0,-13.820980033416383,-13.828648986999369,30,120,fixed,sub-004,think2,thinking,2,True,himalayan,htr,thinking,50.0,67.0,f,-13.352002587711908,0.16104191349308572,8,221,0.25838926174496646,Fp1;P3;T8,3,frontal,clean-average,primary,,,,,
-11.150792149458248,,1.5523202693293243,0.969069126776927,0.03687755785457253,0,True,,,,False,False,0.0,-14.13568005336751,-14.148495426031864,30,120,fixed,sub-004,think2,thinking,2,True,himalayan,htr,thinking,50.0,67.0,f,-13.352002587711908,0.16104191349308572,8,221,0.25838926174496646,Fp1;P3;T8,3,central,clean-average,primary,,,,,
-10.83477600899121,,1.4983602706691188,0.9842159031516624,0.026016678432562564,0,True,,,,False,False,0.0,-13.715906621007745,-13.722837081197527,30,120,fixed,sub-004,think2,thinking,2,True,himalayan,htr,thinking,50.0,67.0,f,-13.352002587711908,0.16104191349308572,8,221,0.25838926174496646,Fp1;P3;T8,3,temporal,clean-average,primary,,,,,
-12.030996149627287,,0.9599750918667076,0.9389302377122141,0.030021866254148707,0,True,,,,False,False,0.0,-13.87688974283864,-13.88322446379289,30,120,fixed,sub-005,med1breath,meditation,1,True,himalayan,htr,meditation,28.0,38.0,m,-13.75694520780135,0.08387411377790166,6,212,0.28378378378378377,FC3;FC6;FT7;Fp1;Iz,5,parieto_occipital,clean-average,primary,1.0890067585214043,-26.75407629338785,0.947946185542101,-0.0002729898906009671,-13.720186548372716
-11.794195601309717,,1.1230682187233922,0.970101570424429,0.025706615222935818,0,True,,,,False,False,0.0,-13.953693745839328,-13.959416449480132,30,120,fixed,sub-005,med1breath,meditation,1,True,himalayan,htr,meditation,28.0,38.0,m,-13.75694520780135,0.08387411377790166,6,212,0.28378378378378377,FC3;FC6;FT7;Fp1;Iz,5,frontal,clean-average,primary,,,,,
-11.756020363744799,,1.2982906237729106,0.9662631109292176,0.027421691252066043,2,True,98.53509268185596,0.11934959873418372,2.4705867755638202,True,False,0.022010953343837625,-14.252445911504262,-14.23383198470524,30,120,fixed,sub-005,med1breath,meditation,1,True,himalayan,htr,meditation,28.0,38.0,m,-13.75694520780135,0.08387411377790166,6,212,0.28378378378378377,FC3;FC6;FT7;Fp1;Iz,5,central,clean-average,primary,,,,,
-12.138739936417526,,0.8779993108173472,0.9519682555766023,0.023967560391507874,0,True,,,,False,False,0.0,-13.827005930413502,-13.831560846085813,30,120,fixed,sub-005,med1breath,meditation,1,True,himalayan,htr,meditation,28.0,38.0,m,-13.75694520780135,0.08387411377790166,6,212,0.28378378378378377,FC3;FC6;FT7;Fp1;Iz,5,temporal,clean-average,primary,,,,,
-11.552553363715408,,1.1895975002198604,0.9690067077076789,0.0279864059431747,3,True,103.26228915964296,0.1569522110923014,2.000000000000006,False,True,0.008013757801233708,-13.839977717493303,-13.84005878299958,30,120,fixed,sub-005,think1,thinking,1,True,himalayan,htr,meditation,28.0,38.0,m,-13.15969244096066,0.009749201734674973,1,225,0.24749163879598657,Fp1;P4,2,parieto_occipital,clean-average,primary,1.2861726480410032,-25.77316699547415,0.9696250055707157,-0.006291173538326376,-13.671325367205094
-11.410301301686932,,1.3473742537398925,0.9723837117091872,0.027274310867778328,3,True,103.26448974323293,0.30144698173234374,2.0000000000000004,False,True,0.015383444363708806,-14.001107587921002,-13.991623222724911,30,120,fixed,sub-005,think1,thinking,1,True,himalayan,htr,meditation,28.0,38.0,m,-13.15969244096066,0.009749201734674973,1,225,0.24749163879598657,Fp1;P4,2,frontal,clean-average,primary,,,,,
-11.414755736476296,,1.5189114659286267,0.950191015802566,0.048077567064289214,3,True,103.19869998913528,0.3464007774209996,2.0000000000000004,False,True,0.017536816319292915,-14.335403331781004,-14.332183540395445,30,120,fixed,sub-005,think1,thinking,1,True,himalayan,htr,meditation,28.0,38.0,m,-13.15969244096066,0.009749201734674973,1,225,0.24749163879598657,Fp1;P4,2,central,clean-average,primary,,,,,
-11.756587982563545,,0.9298017761995243,0.9771046034672598,0.019010149672443372,3,True,102.71474706124904,0.0873136690060079,3.355048989467622,True,False,0.007330047338179933,-13.544462643254791,-13.539733527686593,30,120,fixed,sub-005,think1,thinking,1,True,himalayan,htr,meditation,28.0,38.0,m,-13.15969244096066,0.009749201734674973,1,225,0.24749163879598657,Fp1;P4,2,temporal,clean-average,primary,,,,,
-11.51903779780066,,1.2050683769284407,0.9638088126495926,0.030915451868972103,3,True,103.27443318865963,0.1896990797983964,2.0000000000000018,False,True,0.009658558526350775,-13.836210415298817,-13.834638813838955,30,120,fixed,sub-005,think2,thinking,2,True,himalayan,htr,meditation,28.0,38.0,m,-12.86923351676162,0.012300045687423933,2,214,0.2745762711864407,Fp1;P4,2,parieto_occipital,clean-average,primary,1.2950308062332212,-25.722571467797714,0.9681672596304031,-0.0024469825511022787,-13.667616979288445
-11.428619718814817,,1.3397915145330794,0.9608348903898761,0.03163085760754512,3,True,103.30633706017107,0.30786858211322965,2.0000000000000004,False,True,0.01557069893237922,-14.004845491617406,-13.996426353361281,30,120,fixed,sub-005,think2,thinking,2,True,himalayan,htr,meditation,28.0,38.0,m,-12.86923351676162,0.012300045687423933,2,214,0.2745762711864407,Fp1;P4,2,frontal,clean-average,primary,,,,,
-11.633033663290067,,1.372348058740846,0.9463141935864401,0.04454065547425653,3,True,103.31119732352258,0.3174168953158034,2.0000000000000004,False,True,0.016038698516524896,-14.271860973236043,-14.267875026355098,30,120,fixed,sub-005,think2,thinking,2,True,himalayan,htr,meditation,28.0,38.0,m,-12.86923351676162,0.012300045687423933,2,214,0.2745762711864407,Fp1;P4,2,central,clean-average,primary,,,,,
-11.939596576869254,,0.7944530807296253,0.9639697367445591,0.01978226989669222,3,True,103.32488399788302,0.10934671568266019,2.0000000000000004,False,True,0.0055114167624383155,-13.467215224738771,-13.464048311175695,30,120,fixed,sub-005,think2,thinking,2,True,himalayan,htr,meditation,28.0,38.0,m,-12.86923351676162,0.012300045687423933,2,214,0.2745762711864407,Fp1;P4,2,temporal,clean-average,primary,,,,,
-11.042361406905279,,1.6217221780072653,0.9685668429419295,0.03789367216669838,0,True,,,,False,False,0.0,-14.160699167660454,-14.171577247538801,30,120,fixed,sub-006,med1breath,meditation,1,True,himalayan,htr,thinking,8.0,33.0,m,-13.827816371290401,0.032391340233316135,4,267,0.18597560975609762,Fp1,1,parieto_occipital,clean-average,primary,1.7241715179002643,-24.57698019682035,0.9694811671723296,-0.004774349547552879,-14.000137059117616
-11.441504180388637,,1.3474183185696922,0.9807990726078217,0.022639608329983435,0,True,,,,False,False,0.0,-14.032395196932592,-14.034734565892593,30,120,fixed,sub-006,med1breath,meditation,1,True,himalayan,htr,thinking,8.0,33.0,m,-13.827816371290401,0.032391340233316135,4,267,0.18597560975609762,Fp1,1,frontal,clean-average,primary,,,,,
-10.56859757542829,,1.9675194697077594,0.9849769584402751,0.02530828653550087,1,True,105.99999999372253,0.05049066328487406,19.849616455791494,True,False,0.016559818551211497,-14.351853635322424,-14.33798791896059,30,120,fixed,sub-006,med1breath,meditation,1,True,himalayan,htr,thinking,8.0,33.0,m,-13.827816371290401,0.032391340233316135,4,267,0.18597560975609762,Fp1,1,central,clean-average,primary,,,,,
-10.734429252808024,,1.621023850221245,0.9932572355206899,0.017956321933273418,0,True,,,,False,False,0.0,-13.85142422998777,-13.856241251357503,30,120,fixed,sub-006,med1breath,meditation,1,True,himalayan,htr,thinking,8.0,33.0,m,-13.827816371290401,0.032391340233316135,4,267,0.18597560975609762,Fp1,1,temporal,clean-average,primary,,,,,
-10.811200225867832,,1.7108133999968673,0.9805474857634959,0.031793493282733724,0,True,,,,False,False,0.0,-14.10084755212662,-14.111090390078303,30,120,fixed,sub-006,think1,thinking,1,True,himalayan,htr,thinking,8.0,33.0,m,-13.619299872880783,0.0035358826658179465,3,283,0.04391891891891897,Fp1,1,parieto_occipital,clean-average,primary,1.793656701137006,-24.141328439389106,0.9761006750068015,-0.0023458490181022633,-13.94169821104276
-11.132341131499162,,1.5526029572625184,0.9891020915325426,0.02075074234443033,0,True,,,,False,False,0.0,-14.11777260351679,-14.122368356515336,30,120,fixed,sub-006,think1,thinking,1,True,himalayan,htr,thinking,8.0,33.0,m,-13.619299872880783,0.0035358826658179465,3,283,0.04391891891891897,Fp1,1,frontal,clean-average,primary,,,,,
-10.982840648948098,,1.7293077221460975,0.9722926070831419,0.035156078410554265,0,True,,,,False,False,0.0,-14.3080498882766,-14.313461078964902,30,120,fixed,sub-006,think1,thinking,1,True,himalayan,htr,thinking,8.0,33.0,m,-13.619299872880783,0.0035358826658179465,3,283,0.04391891891891897,Fp1,1,central,clean-average,primary,,,,,
-11.013652441187462,,1.3513356282263413,0.9933211996780253,0.014864269919242806,0,True,,,,False,False,0.0,-13.612075878998484,-13.612668458255772,30,120,fixed,sub-006,think1,thinking,1,True,himalayan,htr,thinking,8.0,33.0,m,-13.619299872880783,0.0035358826658179465,3,283,0.04391891891891897,Fp1,1,temporal,clean-average,primary,,,,,
-11.592950395366113,,1.2211524755341752,0.9470562249601013,0.03203055969506271,1,True,106.37286837472911,0.07401712731427956,28.53594286410596,True,False,0.031796384351660927,-13.941050413815027,-13.913426875949602,30,120,fixed,sub-006,med2,meditation,2,True,himalayan,htr,thinking,8.0,33.0,m,-13.01259477443203,0.042949291458565964,5,263,0.12040133779264217,Fp1,1,parieto_occipital,clean-average,primary,1.2395321937889543,-26.164847292344167,0.9429486487579062,0.001242826796588693,-13.754466050447828
-12.338509608136729,,0.7043057894112563,0.9284274798787275,0.024299397940451828,0,True,,,,False,False,0.0,-13.692788021556662,-13.691970340216283,30,120,fixed,sub-006,med2,meditation,2,True,himalayan,htr,thinking,8.0,33.0,m,-13.01259477443203,0.042949291458565964,5,263,0.12040133779264217,Fp1,1,frontal,clean-average,primary,,,,,
-11.791846633347362,,1.1039725447343374,0.9464013675334019,0.030697390516186158,0,True,,,,False,False,0.0,-13.914626551984352,-13.913419372860764,30,120,fixed,sub-006,med2,meditation,2,True,himalayan,htr,thinking,8.0,33.0,m,-13.01259477443203,0.042949291458565964,5,263,0.12040133779264217,Fp1,1,central,clean-average,primary,,,,,
-12.356798540106965,,0.4254779455543311,0.9394283346637958,0.014520181139863678,0,True,,,,False,False,0.0,-13.174931240013017,-13.17305805538621,30,120,fixed,sub-006,med2,meditation,2,True,himalayan,htr,thinking,8.0,33.0,m,-13.01259477443203,0.042949291458565964,5,263,0.12040133779264217,Fp1,1,temporal,clean-average,primary,,,,,
-10.772399917769784,,1.7746538031580799,0.9878074196330418,0.02462297129398409,0,True,,,,False,False,0.0,-14.18480312819861,-14.19069457283347,30,120,fixed,sub-006,think2,thinking,2,True,himalayan,htr,thinking,8.0,33.0,m,-13.74062883742731,0.005889896530471006,3,282,0.05685618729096986,Fp1,1,parieto_occipital,clean-average,primary,1.8708224244646576,-24.00029412701878,0.9837520084572751,-0.0016483785144366984,-14.02670205872182
-10.954711348825201,,1.6460818285700547,0.9952336184500402,0.013517023182607125,0,True,,,,False,False,0.0,-14.11988920291997,-14.116268052150044,30,120,fixed,sub-006,think2,thinking,2,True,himalayan,htr,thinking,8.0,33.0,m,-13.74062883742731,0.005889896530471006,3,282,0.05685618729096986,Fp1,1,frontal,clean-average,primary,,,,,
-10.698410154930103,,1.9012874431607307,0.9865046008282399,0.02596487164625562,0,True,,,,False,False,0.0,-14.354311583954775,-14.358051867539107,30,120,fixed,sub-006,think2,thinking,2,True,himalayan,htr,thinking,8.0,33.0,m,-13.74062883742731,0.005889896530471006,3,282,0.05685618729096986,Fp1,1,central,clean-average,primary,,,,,
-10.299214262486446,,1.8216981906817737,0.9907971731466552,0.023365401880124592,0,True,,,,False,False,0.0,-13.802077042400224,-13.805043249528465,30,120,fixed,sub-006,think2,thinking,2,True,himalayan,htr,thinking,8.0,33.0,m,-13.74062883742731,0.005889896530471006,3,282,0.05685618729096986,Fp1,1,temporal,clean-average,primary,,,,,
-11.941950318270537,,1.0411649443455164,0.9899138670093164,0.015197941532968768,1,True,,,,False,False,1.319607663881775e-12,-13.943960283452526,-13.944258749511743,30,120,fixed,sub-007,med1breath,meditation,1,True,himalayan,htr,meditation,15.0,31.0,m,-12.242224530457372,0.30820728313077317,9,131,0.5647840531561461,Fp1,1,parieto_occipital,clean-average,primary,1.2673239350043795,-26.102711058803056,0.9441039331377852,0.012663911405397252,-13.775680643241223
-11.58105167084585,,1.150455729895201,0.9837217408630266,0.020260388931601793,0,True,,,,False,False,0.0,-13.793212047796242,-13.792392735599018,30,120,fixed,sub-007,med1breath,meditation,1,True,himalayan,htr,meditation,15.0,31.0,m,-12.242224530457372,0.30820728313077317,9,131,0.5647840531561461,Fp1,1,frontal,clean-average,primary,,,,,
-11.830681850691638,,1.2285753151476697,0.9894338313356275,0.01850979307171022,1,True,,,,False,False,6.5740268784386436e-21,-14.193054918724936,-14.198971173841874,30,120,fixed,sub-007,med1breath,meditation,1,True,himalayan,htr,meditation,15.0,31.0,m,-12.242224530457372,0.30820728313077317,9,131,0.5647840531561461,Fp1,1,central,clean-average,primary,,,,,
-11.748604390470563,,0.8565360170828022,0.9721716355615946,0.019568974037172025,0,True,,,,False,False,0.0,-13.395599567411518,-13.392814423128861,30,120,fixed,sub-007,med1breath,meditation,1,True,himalayan,htr,meditation,15.0,31.0,m,-12.242224530457372,0.30820728313077317,9,131,0.5647840531561461,Fp1,1,temporal,clean-average,primary,,,,,
-11.661147253103357,,1.2243462338722795,0.9816058280031768,0.0241413114717333,1,True,,,,False,False,3.827479607859579e-20,-14.01538840803021,-14.02151492266819,30,120,fixed,sub-007,think1,thinking,1,True,himalayan,htr,meditation,15.0,31.0,m,-13.024673679383362,0.024810533772505527,7,60,0.8,Fp1,1,parieto_occipital,clean-average,primary,1.5618490061893398,-24.938475550127613,0.9609479825488499,0.0021355217970374304,-13.84113255793476
-11.51936236920881,,1.2500593982465467,0.9816937296459758,0.025220333266587694,3,True,61.01966995623988,0.04963303198841551,2.0000000000000004,False,True,0.0038016425809513105,-13.923046229245182,-13.925964933716628,30,120,fixed,sub-007,think1,thinking,1,True,himalayan,htr,meditation,15.0,31.0,m,-13.024673679383362,0.024810533772505527,7,60,0.8,Fp1,1,frontal,clean-average,primary,,,,,
-10.621743604147348,,1.925590692705608,0.965758461473025,0.03894244129570666,2,True,105.58091336993522,0.0773590327714988,2.0000000000000018,False,True,0.015447792072343652,-14.324376675491898,-14.310970304379605,30,120,fixed,sub-007,think1,thinking,1,True,himalayan,htr,meditation,15.0,31.0,m,-13.024673679383362,0.024810533772505527,7,60,0.8,Fp1,1,central,clean-average,primary,,,,,
-11.44273459690418,,1.1670825216482381,0.9785112857527093,0.025759782383525134,3,True,62.015161907044735,0.0731151647863495,2.0000000000000004,False,True,0.0035895085298850702,-13.68686589542599,-13.683025232707196,30,120,fixed,sub-007,think1,thinking,1,True,himalayan,htr,meditation,15.0,31.0,m,-13.024673679383362,0.024810533772505527,7,60,0.8,Fp1,1,temporal,clean-average,primary,,,,,
-11.568161609309191,,1.2478592497311702,0.9627260325079158,0.03168458781773993,0,True,,,,False,False,0.0,-13.96761490119535,-13.97420379756623,30,120,fixed,sub-007,med2,meditation,2,True,himalayan,htr,meditation,15.0,31.0,m,-13.148002457796471,0.043417208742988156,4,278,0.120253164556962,F6;Fp1,2,parieto_occipital,clean-average,primary,1.350458916609517,-25.801219316422465,0.9604249280567464,0.002366793447825177,-13.80830315342377
-11.787468421245775,,1.0230288056134886,0.9746997811641621,0.020953191247167016,0,True,,,,False,False,0.0,-13.75460520838942,-13.758774783470816,30,120,fixed,sub-007,med2,meditation,2,True,himalayan,htr,meditation,15.0,31.0,m,-13.148002457796471,0.043417208742988156,4,278,0.120253164556962,F6;Fp1,2,frontal,clean-average,primary,,,,,
-11.58669391483887,,1.2946787970689804,0.9408322650999466,0.04007902439977052,0,True,,,,False,False,0.0,-14.076174440973231,-14.083996889840598,30,120,fixed,sub-007,med2,meditation,2,True,himalayan,htr,meditation,15.0,31.0,m,-13.148002457796471,0.043417208742988156,4,278,0.120253164556962,F6;Fp1,2,central,clean-average,primary,,,,,
-12.055128667958384,,0.7907392513161465,0.9444322570603009,0.024842222999192757,0,True,,,,False,False,0.0,-13.57560615770963,-13.578116258579234,30,120,fixed,sub-007,med2,meditation,2,True,himalayan,htr,meditation,15.0,31.0,m,-13.148002457796471,0.043417208742988156,4,278,0.120253164556962,F6;Fp1,2,temporal,clean-average,primary,,,,,
-11.581859900875788,,1.2305341617618515,0.9820180190831266,0.02315040515193708,2,True,,,,False,False,0.020585475595049883,-13.947999548319155,-13.927435895099675,30,120,fixed,sub-007,think2,thinking,2,True,himalayan,htr,meditation,15.0,31.0,m,-13.222440483539218,0.006189963023269018,4,62,0.794701986754967,Fp1,1,parieto_occipital,clean-average,primary,1.3779964148132293,-25.556046239031513,0.9522159584827843,0.005270604397597079,-13.753268995314704
-11.246827857952528,,1.4284243840209103,0.9786806083080216,0.028018422834487522,2,True,109.55358615016425,0.05484279693807714,29.99999861109557,False,True,0.02115425926673694,-13.993481850530474,-13.972812284305785,30,120,fixed,sub-007,think2,thinking,2,True,himalayan,htr,meditation,15.0,31.0,m,-13.222440483539218,0.006189963023269018,4,62,0.794701986754967,Fp1,1,frontal,clean-average,primary,,,,,
-10.57794090056538,,1.9089489924789356,0.9560226956676025,0.044041955544602565,1,True,,,,False,False,0.020264068759926944,-14.24857438349475,-14.22953221986304,30,120,fixed,sub-007,think2,thinking,2,True,himalayan,htr,meditation,15.0,31.0,m,-13.222440483539218,0.006189963023269018,4,62,0.794701986754967,Fp1,1,central,clean-average,primary,,,,,
-11.275815583825667,,1.1855643335985053,0.9650433575573498,0.03026454631363219,5,True,89.42578885984744,0.07118145416772137,6.743590862434254,True,False,0.04615153724038092,-13.555484740109597,-13.50692778225967,30,120,fixed,sub-007,think2,thinking,2,True,himalayan,htr,meditation,15.0,31.0,m,-13.222440483539218,0.006189963023269018,4,62,0.794701986754967,Fp1,1,temporal,clean-average,primary,,,,,
-11.382148172619564,,1.2307136314685687,0.9450106517593279,0.038137798969292924,0,True,,,,False,False,0.0,-13.748632914414452,-13.757621584918947,30,120,fixed,sub-008,med1breath,meditation,1,True,himalayan,htr,thinking,16.0,56.0,m,-12.726117975160792,0.05553815003893148,4,286,0.03378378378378377,Fp1,1,parieto_occipital,clean-average,primary,1.3652299056593882,-25.23893875225684,0.9436841474478228,0.013286523920134272,-13.593204837342967
-11.294772716307925,,1.3567216455224869,0.9224174317116881,0.05042697419151283,0,True,,,,False,False,0.0,-13.903552688266666,-13.918298057514527,30,120,fixed,sub-008,med1breath,meditation,1,True,himalayan,htr,thinking,16.0,56.0,m,-12.726117975160792,0.05553815003893148,4,286,0.03378378378378377,Fp1,1,frontal,clean-average,primary,,,,,
-10.175066195713551,,2.1680386004865264,0.9515210276469472,0.06426539446813358,0,True,,,,False,False,0.0,-14.343891612517865,-14.372730459198829,30,120,fixed,sub-008,med1breath,meditation,1,True,himalayan,htr,thinking,16.0,56.0,m,-12.726117975160792,0.05553815003893148,4,286,0.03378378378378377,Fp1,1,central,clean-average,primary,,,,,
-12.05432946277867,,0.8680357996342789,0.8668955547234549,0.03511897961505701,1,False,,,,False,False,0.02408651682704998,-13.723437062338645,-13.69984533116736,30,120,fixed,sub-008,med1breath,meditation,1,True,himalayan,htr,thinking,16.0,56.0,m,-12.726117975160792,0.05553815003893148,4,286,0.03378378378378377,Fp1,1,temporal,clean-average,primary,,,,,
-11.101199962447467,,1.3661180613984738,0.9490949218676734,0.04163592420489341,0,True,,,,False,False,0.0,-13.728047886389117,-13.733743756158853,30,120,fixed,sub-008,think1,thinking,1,True,himalayan,htr,thinking,16.0,56.0,m,-13.013762699146975,0.021420280140959203,1,284,0.043771043771043794,Fp1,1,parieto_occipital,clean-average,primary,1.4924755807886023,-24.6411858703891,0.9627549474431039,0.013403777858761744,-13.577964688721515
-11.046722875586859,,1.463363891765805,0.9370964319552311,0.047757780307672824,0,True,,,,False,False,0.0,-13.860560500368056,-13.866917700719654,30,120,fixed,sub-008,think1,thinking,1,True,himalayan,htr,thinking,16.0,56.0,m,-13.013762699146975,0.021420280140959203,1,284,0.043771043771043794,Fp1,1,frontal,clean-average,primary,,,,,
-9.919651217623162,,2.289901194564556,0.9459032432527432,0.07367925567004854,0,True,,,,False,False,0.0,-14.322800820092894,-14.347392811761988,30,120,fixed,sub-008,think1,thinking,1,True,himalayan,htr,thinking,16.0,56.0,m,-13.013762699146975,0.021420280140959203,1,284,0.043771043771043794,Fp1,1,central,clean-average,primary,,,,,
-11.753921861376076,,1.06255805765521,0.9088047673658078,0.042728684314915194,0,True,,,,False,False,0.0,-13.797067696781967,-13.805346689579444,30,120,fixed,sub-008,think1,thinking,1,True,himalayan,htr,thinking,16.0,56.0,m,-13.013762699146975,0.021420280140959203,1,284,0.043771043771043794,Fp1,1,temporal,clean-average,primary,,,,,
-11.370463717108281,,1.2486792589840008,0.9359302837984521,0.043731794048510374,0,True,,,,False,False,0.0,-13.771493768473933,-13.78269011398801,30,120,fixed,sub-008,med2,meditation,2,True,himalayan,htr,thinking,16.0,56.0,m,-12.620206828160136,0.043948038934113365,3,303,0.025723472668810254,Fp1,1,parieto_occipital,clean-average,primary,1.381851764264594,-25.216982824124813,0.936652605020431,0.007466978539044345,-13.617208302884833
-11.497382846382113,,1.287166582606344,0.974032013675022,0.02428319297367818,2,True,,,,False,False,0.034820323368510486,-13.972418467992496,-13.939433743555462,30,120,fixed,sub-008,med2,meditation,2,True,himalayan,htr,thinking,16.0,56.0,m,-12.620206828160136,0.043948038934113365,3,303,0.025723472668810254,Fp1,1,frontal,clean-average,primary,,,,,
-10.1977766997411,,2.1552455027830244,0.9489178751055388,0.06549366267822943,0,True,,,,False,False,0.0,-14.342002835492922,-14.37374882175926,30,120,fixed,sub-008,med2,meditation,2,True,himalayan,htr,thinking,16.0,56.0,m,-12.620206828160136,0.043948038934113365,3,303,0.025723472668810254,Fp1,1,central,clean-average,primary,,,,,
-13.119064575201275,,0.14792785431636368,0.16199328907098687,0.04239572610407471,0,False,,,,False,False,0.0,-13.403508495521235,-13.409232171227316,30,120,fixed,sub-008,med2,meditation,2,True,himalayan,htr,thinking,16.0,56.0,m,-12.620206828160136,0.043948038934113365,3,303,0.025723472668810254,Fp1,1,temporal,clean-average,primary,,,,,
-11.320826579853684,,1.2637862250741132,0.9411383242052374,0.04215058293717898,0,True,,,,False,False,0.0,-13.750905147326531,-13.75756720115873,30,120,fixed,sub-008,think2,thinking,2,True,himalayan,htr,thinking,16.0,56.0,m,-12.657493693789773,0.027675915016699526,3,278,0.06397306397306401,Fp1,1,parieto_occipital,clean-average,primary,1.4015168455009175,-25.09823161930627,0.9567938318681526,0.014557502573817877,-13.60152916155786
-11.388097214761814,,1.255489833625401,0.9110796831998426,0.05164799038220482,0,True,,,,False,False,0.0,-13.802223018510166,-13.809650675529719,30,120,fixed,sub-008,think2,thinking,2,True,himalayan,htr,thinking,16.0,56.0,m,-12.657493693789773,0.027675915016699526,3,278,0.06397306397306401,Fp1,1,frontal,clean-average,primary,,,,,
-10.211478234130821,,2.1270859984602812,0.939900142360493,0.07361569471516277,0,True,,,,False,False,0.0,-14.30155770601839,-14.328265989190717,30,120,fixed,sub-008,think2,thinking,2,True,himalayan,htr,thinking,16.0,56.0,m,-12.657493693789773,0.027675915016699526,3,278,0.06397306397306401,Fp1,1,central,clean-average,primary,,,,,
-12.996109139874022,,0.20656829294985513,0.2235543281251218,0.049943609942965476,0,False,,,,False,False,0.0,-13.393310162845655,-13.403218490096654,30,120,fixed,sub-008,think2,thinking,2,True,himalayan,htr,thinking,16.0,56.0,m,-12.657493693789773,0.027675915016699526,3,278,0.06397306397306401,Fp1,1,temporal,clean-average,primary,,,,,
-11.816859457987665,,0.9258505688340795,0.9924572243615589,0.010374029391338718,0,True,,,,False,False,0.0,-13.597136517008702,-13.595282813537947,30,120,fixed,sub-009,med1breath,meditation,1,True,himalayan,htr,meditation,40.0,58.0,m,-13.706026603454946,0.08999541491078233,7,294,0.010101010101010055,Fp1;T7;TP7,3,parieto_occipital,clean-average,primary,1.0351337113928545,-26.38288256935551,0.9694197647034605,0.01873688887328484,-13.443997221435339
-12.253425915390036,,0.7978328468756481,0.9712875930364795,0.017012601854327004,0,True,,,,False,False,0.0,-13.787543365914283,-13.779726476065662,30,120,fixed,sub-009,med1breath,meditation,1,True,himalayan,htr,meditation,40.0,58.0,m,-13.706026603454946,0.08999541491078233,7,294,0.010101010101010055,Fp1;T7;TP7,3,frontal,clean-average,primary,,,,,
-11.387852560734684,,1.5106068600818507,0.986565720739106,0.020542833870187634,0,True,,,,False,False,0.0,-14.292531597212617,-14.295096076104901,30,120,fixed,sub-009,med1breath,meditation,1,True,himalayan,htr,meditation,40.0,58.0,m,-13.706026603454946,0.08999541491078233,7,294,0.010101010101010055,Fp1;T7;TP7,3,central,clean-average,primary,,,,,
-12.130800858462147,,0.8649696046495244,0.9808825799763154,0.016224249529331727,0,True,,,,False,False,0.0,-13.794012607467408,-13.794201511414183,30,120,fixed,sub-009,med1breath,meditation,1,True,himalayan,htr,meditation,40.0,58.0,m,-13.706026603454946,0.08999541491078233,7,294,0.010101010101010055,Fp1;T7;TP7,3,temporal,clean-average,primary,,,,,
-12.332402365400457,,0.6556087505912876,0.9419420999997816,0.023033359433804676,0,True,,,,False,False,0.0,-13.593043399342815,-13.580347358330812,30,120,fixed,sub-009,think1,thinking,1,True,himalayan,htr,meditation,40.0,58.0,m,-12.863746763577138,0.10254940095226361,8,295,0.01666666666666672,Fp1,1,parieto_occipital,clean-average,primary,0.8197263458854664,-27.34839819945474,0.9084944363920732,0.04138495265860946,-13.441283058224451
-12.448445380310607,,0.6844262279975171,0.9786547343471259,0.013174935427460633,1,True,67.99999999999999,0.07200415648146752,29.540113195941558,True,False,0.03746206641049412,-13.764498265422185,-13.723518947128479,30,120,fixed,sub-009,think1,thinking,1,True,himalayan,htr,meditation,40.0,58.0,m,-12.863746763577138,0.10254940095226361,8,295,0.01666666666666672,Fp1,1,frontal,clean-average,primary,,,,,
-11.937662535739973,,1.2177748846322414,0.9846301926145226,0.019033310742825372,1,True,66.21121878139255,0.059020346654198974,16.79443357635265,True,False,0.01917489856810045,-14.279267934214692,-14.259853278941723,30,120,fixed,sub-009,think1,thinking,1,True,himalayan,htr,meditation,40.0,58.0,m,-12.863746763577138,0.10254940095226361,8,295,0.01666666666666672,Fp1,1,central,clean-average,primary,,,,,
-12.341374918047366,,0.459421434012591,0.9323876180748343,0.018862613162542632,1,True,68.31067600023563,0.09018310374958993,29.999999999507445,False,True,0.04790017613293588,-13.2247760487775,-13.174233348882241,30,120,fixed,sub-009,think1,thinking,1,True,himalayan,htr,meditation,40.0,58.0,m,-12.863746763577138,0.10254940095226361,8,295,0.01666666666666672,Fp1,1,temporal,clean-average,primary,,,,,
-11.70813919679494,,1.0467899562668541,0.988154543903082,0.015565402732666746,0,True,,,,False,False,0.0,-13.720965248305943,-13.712684342836024,30,120,fixed,sub-009,med2,meditation,2,True,himalayan,htr,meditation,40.0,58.0,m,-13.915100422726425,0.15101370301299177,6,295,0.0033783783783783994,Fp1;PO7;T7;TP7,4,parieto_occipital,clean-average,primary,1.194894650223415,-25.98806838856561,0.961565526324159,0.05043508790070817,-13.573161394284622
-11.819569729584762,,1.1044220080686395,0.9873077513437715,0.016621186927982912,0,True,,,,False,False,0.0,-13.94321390136353,-13.93622223916478,30,120,fixed,sub-009,med2,meditation,2,True,himalayan,htr,meditation,40.0,58.0,m,-13.915100422726425,0.15101370301299177,6,295,0.0033783783783783994,Fp1;PO7;T7;TP7,4,frontal,clean-average,primary,,,,,
-11.16617241971213,,1.671125737949557,0.984602932905967,0.026458279807708256,0,True,,,,False,False,0.0,-14.379506098123851,-14.386736443879407,30,120,fixed,sub-009,med2,meditation,2,True,himalayan,htr,meditation,40.0,58.0,m,-13.915100422726425,0.15101370301299177,6,295,0.0033783783783783994,Fp1;PO7;T7;TP7,4,central,clean-average,primary,,,,,
-12.074978330852854,,1.060669427597754,0.9822026569051086,0.018177427146774044,0,True,,,,False,False,0.0,-14.11449260315618,-14.114281046118313,30,120,fixed,sub-009,med2,meditation,2,True,himalayan,htr,meditation,40.0,58.0,m,-13.915100422726425,0.15101370301299177,6,295,0.0033783783783783994,Fp1;PO7;T7;TP7,4,temporal,clean-average,primary,,,,,
-12.091187371174549,,0.8423815791050021,0.9863228139335514,0.01328863739246944,0,True,,,,False,False,0.0,-13.710965606134305,-13.70397992976776,30,120,fixed,sub-009,think2,thinking,2,True,himalayan,htr,meditation,40.0,58.0,m,-13.31368238103745,0.14970498175255664,9,302,0.0,Fp1;TP7,2,parieto_occipital,clean-average,primary,0.9755258125422946,-26.92103247786543,0.9325329300109019,0.03933376426863089,-13.55948553735635
-12.609974346488087,,0.7606086008779687,0.9501347499755561,0.023990227528670312,0,True,,,,False,False,0.0,-14.072514942798723,-14.060881357718882,30,120,fixed,sub-009,think2,thinking,2,True,himalayan,htr,meditation,40.0,58.0,m,-13.31368238103745,0.14970498175255664,9,302,0.0,Fp1;TP7,2,frontal,clean-average,primary,,,,,
-12.039343080189573,,1.1573140880451662,0.9779148210032743,0.020596849702282802,0,True,,,,False,False,0.0,-14.264691090315274,-14.26155591563273,30,120,fixed,sub-009,think2,thinking,2,True,himalayan,htr,meditation,40.0,58.0,m,-13.31368238103745,0.14970498175255664,9,302,0.0,Fp1;TP7,2,central,clean-average,primary,,,,,
-12.209844333880397,,0.6240204674487418,0.9405896355413874,0.02057943596379677,1,True,74.64782684115993,0.08999142498064927,29.999999974293832,False,True,0.05567467373941456,-13.409745657003812,-13.352621088486766,30,120,fixed,sub-009,think2,thinking,2,True,himalayan,htr,meditation,40.0,58.0,m,-13.31368238103745,0.14970498175255664,9,302,0.0,Fp1;TP7,2,temporal,clean-average,primary,,,,,
-12.327882503707636,,0.8502742823988962,0.9802369718744163,0.014747383849850184,0,True,,,,False,False,0.0,-13.962837268315665,-13.962889629251759,30,120,fixed,sub-010,med1breath,meditation,1,True,himalayan,htr,thinking,40.0,59.0,m,-13.058421233088469,0.2301386864715056,6,296,0.038961038961038974,Fp1,1,parieto_occipital,clean-average,primary,0.9798588917432642,-27.456465841515318,0.9378307600112883,0.01447257107274382,-13.807460169044099
-12.562231916266235,,0.7647314455903031,0.9766381676710274,0.015636915886405676,0,True,,,,False,False,0.0,-14.032700148100732,-14.031779652291974,30,120,fixed,sub-010,med1breath,meditation,1,True,himalayan,htr,thinking,40.0,59.0,m,-13.058421233088469,0.2301386864715056,6,296,0.038961038961038974,Fp1,1,frontal,clean-average,primary,,,,,
-12.304773366836294,,1.0631620233409442,0.9807228971954156,0.019158316210057105,0,True,,,,False,False,0.0,-14.349080541113644,-14.353848544407487,30,120,fixed,sub-010,med1breath,meditation,1,True,himalayan,htr,thinking,40.0,59.0,m,-13.058421233088469,0.2301386864715056,6,296,0.038961038961038974,Fp1,1,central,clean-average,primary,,,,,
-12.594858293735888,,0.45550309162088165,0.929346224326043,0.017158860620809516,0,True,,,,False,False,0.0,-13.47072501739844,-13.462497722935991,30,120,fixed,sub-010,med1breath,meditation,1,True,himalayan,htr,thinking,40.0,59.0,m,-13.058421233088469,0.2301386864715056,6,296,0.038961038961038974,Fp1,1,temporal,clean-average,primary,,,,,
-11.931223222656865,,1.0347966822138301,0.9912617320778012,0.012756299546440147,0,True,,,,False,False,0.0,-13.920987938593989,-13.913557951881291,30,120,fixed,sub-010,think1,thinking,1,True,himalayan,htr,thinking,40.0,59.0,m,-13.25984490503935,0.06344672253062789,6,291,0.02020202020202022,Fp1,1,parieto_occipital,clean-average,primary,1.1299864200434908,-26.703860662439627,0.9810115971343292,0.017346583755353587,-13.764661936598765
-12.086583872603441,,0.957568507154586,0.9787597114789924,0.019424549657976894,0,True,,,,False,False,0.0,-13.927849950643552,-13.917920367878711,30,120,fixed,sub-010,think1,thinking,1,True,himalayan,htr,thinking,40.0,59.0,m,-13.25984490503935,0.06344672253062789,6,291,0.02020202020202022,Fp1,1,frontal,clean-average,primary,,,,,
-12.110943326846545,,1.1791489204586267,0.9924440622004986,0.013859496875145106,0,True,,,,False,False,0.0,-14.378276569299965,-14.373481756567452,30,120,fixed,sub-010,think1,thinking,1,True,himalayan,htr,thinking,40.0,59.0,m,-13.25984490503935,0.06344672253062789,6,291,0.02020202020202022,Fp1,1,central,clean-average,primary,,,,,
-12.179719372437708,,0.6097011912178155,0.9116992697979855,0.026229568271684055,0,True,,,,False,False,0.0,-13.352086793402588,-13.336019710382288,30,120,fixed,sub-010,think1,thinking,1,True,himalayan,htr,thinking,40.0,59.0,m,-13.25984490503935,0.06344672253062789,6,291,0.02020202020202022,Fp1,1,temporal,clean-average,primary,,,,,
-11.942128622083937,,1.1262343714214005,0.9892812681032285,0.014679479840335711,0,True,,,,False,False,0.0,-14.107714821428612,-14.109825938609818,30,120,fixed,sub-010,med2,meditation,2,True,himalayan,htr,thinking,40.0,59.0,m,-13.601498805683079,0.06696437126425436,3,291,0.02020202020202022,Fp1,1,parieto_occipital,clean-average,primary,1.2298550090007654,-26.673370030512125,0.9439993493294019,0.0071003506490119744,-13.950935534276775
-12.34031010459051,,0.9738550884881818,0.9833147043571334,0.016051962905285124,0,True,,,,False,False,0.0,-14.212892928652169,-14.213968620929569,30,120,fixed,sub-010,med2,meditation,2,True,himalayan,htr,thinking,40.0,59.0,m,-13.601498805683079,0.06696437126425436,3,291,0.02020202020202022,Fp1,1,frontal,clean-average,primary,,,,,
-12.064763798473184,,1.2697676689705326,0.985134065807323,0.020392665103061466,0,True,,,,False,False,0.0,-14.506343819535921,-14.511639000429618,30,120,fixed,sub-010,med2,meditation,2,True,himalayan,htr,thinking,40.0,59.0,m,-13.601498805683079,0.06696437126425436,3,291,0.02020202020202022,Fp1,1,central,clean-average,primary,,,,,
-12.097079611518511,,0.8601887480851953,0.9757751699228128,0.018364048804767812,0,True,,,,False,False,0.0,-13.751098463148699,-13.74253136814345,30,120,fixed,sub-010,med2,meditation,2,True,himalayan,htr,thinking,40.0,59.0,m,-13.601498805683079,0.06696437126425436,3,291,0.02020202020202022,Fp1,1,temporal,clean-average,primary,,,,,
-11.72494896727309,,1.1769840735547943,0.9904504391250507,0.015611584609321674,0,True,,,,False,False,0.0,-13.988119521481863,-13.97976067835924,30,120,fixed,sub-010,think2,thinking,2,True,himalayan,htr,thinking,40.0,59.0,m,-12.871334738721629,0.2606794887896017,7,253,0.15946843853820603,Fp1,1,parieto_occipital,clean-average,primary,1.2587670469845986,-26.278588022078985,0.9866235045972257,0.018288672004999975,-13.82882697237313
-12.039991267290842,,1.0369886548828549,0.9761580727027008,0.022525985272951052,0,True,,,,False,False,0.0,-14.03397083040528,-14.022411995069714,30,120,fixed,sub-010,think2,thinking,2,True,himalayan,htr,thinking,40.0,59.0,m,-12.871334738721629,0.2606794887896017,7,253,0.15946843853820603,Fp1,1,frontal,clean-average,primary,,,,,
-11.807921224944005,,1.354020634690062,0.993705598211781,0.013394896187462818,0,True,,,,False,False,0.0,-14.411507542782964,-14.409842045871587,30,120,fixed,sub-010,think2,thinking,2,True,himalayan,htr,thinking,40.0,59.0,m,-12.871334738721629,0.2606794887896017,7,253,0.15946843853820603,Fp1,1,central,clean-average,primary,,,,,
-12.158672278816208,,0.7855915032674642,0.9585423294478709,0.02224922496513903,0,True,,,,False,False,0.0,-13.669251391804313,-13.657973443197164,30,120,fixed,sub-010,think2,thinking,2,True,himalayan,htr,thinking,40.0,59.0,m,-12.871334738721629,0.2606794887896017,7,253,0.15946843853820603,Fp1,1,temporal,clean-average,primary,,,,,
-12.130774571089026,,0.6711147761842822,0.9769058628119127,0.013197788767528631,0,True,,,,False,False,0.0,-13.421231454984971,-13.420091485562974,30,120,fixed,sub-011,med1breath,meditation,1,True,himalayan,htr,meditation,15.0,38.0,m,-12.93723737444222,0.1777386127678181,9,260,0.1333333333333333,Fp1,1,parieto_occipital,clean-average,primary,0.8114370360850771,-26.968495245581426,0.931128323605576,0.03093760606837979,-13.267191799250657
-11.831662322197559,,0.8983858219001165,0.9900838842350792,0.011723851516947126,0,True,,,,False,False,0.0,-13.559128635571032,-13.557183599799421,30,120,fixed,sub-011,med1breath,meditation,1,True,himalayan,htr,meditation,15.0,38.0,m,-12.93723737444222,0.1777386127678181,9,260,0.1333333333333333,Fp1,1,frontal,clean-average,primary,,,,,
-11.704035594100407,,1.3177463173493518,0.9868622812722948,0.017388550989923538,2,True,,,,False,False,0.015394721931691202,-14.237871633474189,-14.224035479747528,30,120,fixed,sub-011,med1breath,meditation,1,True,himalayan,htr,meditation,15.0,38.0,m,-12.93723737444222,0.1777386127678181,9,260,0.1333333333333333,Fp1,1,central,clean-average,primary,,,,,
-11.972737296644304,,0.6765489154866693,0.9276923298432158,0.025762453168125896,0,True,,,,False,False,0.0,-13.273643246362772,-13.258126390032892,30,120,fixed,sub-011,med1breath,meditation,1,True,himalayan,htr,meditation,15.0,38.0,m,-12.93723737444222,0.1777386127678181,9,260,0.1333333333333333,Fp1,1,temporal,clean-average,primary,,,,,
-11.597194671912533,,1.0436225480045556,0.9873505128997017,0.016267598068697226,0,True,,,,False,False,0.0,-13.603930254339497,-13.606074980599793,30,120,fixed,sub-011,think1,thinking,1,True,himalayan,htr,meditation,15.0,38.0,m,-13.253710399170215,0.09199779074731906,9,286,0.03050847457627115,F5;Fp1,2,parieto_occipital,clean-average,primary,1.1660174099464444,-25.803691804890416,0.9619712179198618,0.004650762391824796,-13.44973440942906
-11.66400952736196,,1.0196018497475996,0.9867849342675373,0.015104236580676259,0,True,,,,False,False,0.0,-13.624556772828269,-13.625071829386043,30,120,fixed,sub-011,think1,thinking,1,True,himalayan,htr,meditation,15.0,38.0,m,-13.253710399170215,0.09199779074731906,9,286,0.03050847457627115,F5;Fp1,2,frontal,clean-average,primary,,,,,
-11.546219738470041,,1.4444269828429344,0.9950277453045773,0.014641945108499645,3,True,,,,False,False,0.022961378254177586,-14.323644419673737,-14.302261418570447,30,120,fixed,sub-011,think1,thinking,1,True,himalayan,htr,meditation,15.0,38.0,m,-13.253710399170215,0.09199779074731906,9,286,0.03050847457627115,F5;Fp1,2,central,clean-average,primary,,,,,
-12.100513211279607,,0.6724609903824342,0.9739966791711372,0.014560478173647558,0,True,,,,False,False,0.0,-13.393558670842271,-13.389245686975775,30,120,fixed,sub-011,think1,thinking,1,True,himalayan,htr,meditation,15.0,38.0,m,-13.253710399170215,0.09199779074731906,9,286,0.03050847457627115,F5;Fp1,2,temporal,clean-average,primary,,,,,
-11.736118029251612,,0.961849511955596,0.9908548694984135,0.011793720936866406,0,True,,,,False,False,0.0,-13.58561586184623,-13.585227160402043,30,120,fixed,sub-011,med2,meditation,2,True,himalayan,htr,meditation,15.0,38.0,m,-13.035922956598435,0.16338001599495955,11,286,0.03378378378378377,Fp1;T7,2,parieto_occipital,clean-average,primary,1.075241063026436,-26.166908354967312,0.9724069383042687,0.02380796930883269,-13.428091943672815
-11.845745469580018,,0.9551293878084103,0.9879569983831183,0.013683633138257156,0,True,,,,False,False,0.0,-13.682321473041812,-13.68549761440033,30,120,fixed,sub-011,med2,meditation,2,True,himalayan,htr,meditation,15.0,38.0,m,-13.035922956598435,0.16338001599495955,11,286,0.03378378378378377,Fp1;T7,2,frontal,clean-average,primary,,,,,
-11.322830522690507,,1.546748915627633,0.9853180679078016,0.023076245953871238,3,True,102.1940009415585,0.056188285925262704,22.1399109209146,True,False,0.022831243499931205,-14.297005517285148,-14.279322907710712,30,120,fixed,sub-011,med2,meditation,2,True,himalayan,htr,meditation,15.0,38.0,m,-13.035922956598435,0.16338001599495955,11,286,0.03378378378378377,Fp1;T7,2,central,clean-average,primary,,,,,
-12.120539563508583,,0.7261521996196509,0.9652047306746797,0.01825468889074254,0,True,,,,False,False,0.0,-13.516825471685417,-13.508156148913592,30,120,fixed,sub-011,med2,meditation,2,True,himalayan,htr,meditation,15.0,38.0,m,-13.035922956598435,0.16338001599495955,11,286,0.03378378378378377,Fp1;T7,2,temporal,clean-average,primary,,,,,
-11.505251799974062,,1.1238630445162476,0.9875723697794059,0.01766634350714722,0,True,,,,False,False,0.0,-13.666278279823183,-13.663492240951127,30,120,fixed,sub-011,think2,thinking,2,True,himalayan,htr,meditation,15.0,38.0,m,-13.309609277913026,0.09220340148805839,11,291,0.03642384105960261,Fp1,1,parieto_occipital,clean-average,primary,1.2697997470412772,-25.49975350139089,0.9709896809552239,0.021100474814823432,-13.51514321154545
-11.555281544820433,,1.119089364141,0.9927609848915426,0.012612608697230224,0,True,,,,False,False,0.0,-13.70712892607068,-13.704025904078383,30,120,fixed,sub-011,think2,thinking,2,True,himalayan,htr,meditation,15.0,38.0,m,-13.309609277913026,0.09220340148805839,11,291,0.03642384105960261,Fp1,1,frontal,clean-average,primary,,,,,
-11.653983124328787,,1.3548350717894908,0.9896150738098086,0.02135582010559978,1,True,,,,False,False,0.00015888231030140805,-14.259135487200211,-14.265708599943421,30,120,fixed,sub-011,think2,thinking,2,True,himalayan,htr,meditation,15.0,38.0,m,-13.309609277913026,0.09220340148805839,11,291,0.03642384105960261,Fp1,1,central,clean-average,primary,,,,,
-12.085337873609337,,0.6964860791233831,0.9650727064209719,0.018179190200002186,0,True,,,,False,False,0.0,-13.424580112399905,-13.421060834259302,30,120,fixed,sub-011,think2,thinking,2,True,himalayan,htr,meditation,15.0,38.0,m,-13.309609277913026,0.09220340148805839,11,291,0.03642384105960261,Fp1,1,temporal,clean-average,primary,,,,,
-10.907325703070383,,1.289275790234211,0.9926908374529178,0.013771587923210406,1,True,80.9513189553871,0.07075066084118298,29.99999997435945,False,True,0.04719105898384008,-13.386417026625555,-13.335668471183357,30,120,fixed,sub-012,med1breath,meditation,1,True,himalayan,htr,thinking,46.0,65.0,f,-13.036199790225467,0.23527582673374403,12,287,0.027118644067796627,Fp1,1,parieto_occipital,clean-average,primary,1.3654727643541378,-24.3716707132603,0.966691948561191,0.05046974807295753,-13.201281650243615
-10.954480519058418,,1.408821227213853,0.9871018091073984,0.021341432702865797,0,True,,,,False,False,0.0,-13.663440469506059,-13.653490003055676,30,120,fixed,sub-012,med1breath,meditation,1,True,himalayan,htr,thinking,46.0,65.0,f,-13.036199790225467,0.23527582673374403,12,287,0.027118644067796627,Fp1,1,frontal,clean-average,primary,,,,,
-9.7847872226464,,2.2549976287019344,0.9778177233704962,0.038508446940465194,1,True,,,,False,False,0.026339823059124887,-14.120822303966673,-14.098154588587686,30,120,fixed,sub-012,med1breath,meditation,1,True,himalayan,htr,thinking,46.0,65.0,f,-13.036199790225467,0.23527582673374403,12,287,0.027118644067796627,Fp1,1,central,clean-average,primary,,,,,
-11.265114147727385,,1.1689526272501667,0.9864507291057332,0.018622158154439235,0,True,,,,False,False,0.0,-13.512841389496554,-13.503479898575824,30,120,fixed,sub-012,med1breath,meditation,1,True,himalayan,htr,thinking,46.0,65.0,f,-13.036199790225467,0.23527582673374403,12,287,0.027118644067796627,Fp1,1,temporal,clean-average,primary,,,,,
-11.240728922510149,,1.101421510241557,0.985018024435014,0.01838012180709988,0,True,,,,False,False,0.0,-13.358603569889395,-13.348453177533909,30,120,fixed,sub-012,think1,thinking,1,True,himalayan,htr,thinking,46.0,65.0,f,-13.075853229546615,0.11917610363930431,8,293,0.03618421052631582,AF3;AF7;Fp1;P10,4,parieto_occipital,clean-average,primary,1.231065018669693,-24.974691027896068,0.9426844488990627,0.04381691451519258,-13.207949657623825
-11.118498480005188,,1.360936453374827,0.981051089778946,0.023117622032267374,0,True,,,,False,False,0.0,-13.735382919337269,-13.734170794234252,30,120,fixed,sub-012,think1,thinking,1,True,himalayan,htr,thinking,46.0,65.0,f,-13.075853229546615,0.11917610363930431,8,293,0.03618421052631582,AF3;AF7;Fp1;P10,4,frontal,clean-average,primary,,,,,
-10.10502612418978,,2.0915844964072887,0.9745739675590434,0.03838049158009528,2,True,92.016538487675,0.06391231992555291,14.61814511896163,True,False,0.03837465516297588,-14.126841329906057,-14.092013456149784,30,120,fixed,sub-012,think1,thinking,1,True,himalayan,htr,thinking,46.0,65.0,f,-13.075853229546615,0.11917610363930431,8,293,0.03618421052631582,AF3;AF7;Fp1;P10,4,central,clean-average,primary,,,,,
-11.328749404285972,,1.1181960735800125,0.9831863973051744,0.01889131177396254,0,True,,,,False,False,0.0,-13.478879116674419,-13.470651546958756,30,120,fixed,sub-012,think1,thinking,1,True,himalayan,htr,thinking,46.0,65.0,f,-13.075853229546615,0.11917610363930431,8,293,0.03618421052631582,AF3;AF7;Fp1;P10,4,temporal,clean-average,primary,,,,,
-11.491050172464796,,0.8827999203699525,0.9822099795047483,0.016670041103130907,0,True,,,,False,False,0.0,-13.18854704598227,-13.180394867157153,30,120,fixed,sub-012,med2,meditation,2,True,himalayan,htr,thinking,46.0,65.0,f,-12.963536059564596,0.21162329787893985,8,299,0.0033333333333332993,Fp1,1,parieto_occipital,clean-average,primary,1.0108544557369714,-25.55317908250685,0.9201481006693836,0.03687375284116323,-13.035180016573012
-11.439122517506847,,1.1247939997391323,0.9826302967754534,0.019656929483168335,0,True,,,,False,False,0.0,-13.60193908992821,-13.595109277820153,30,120,fixed,sub-012,med2,meditation,2,True,himalayan,htr,thinking,46.0,65.0,f,-12.963536059564596,0.21162329787893985,8,299,0.0033333333333332993,Fp1,1,frontal,clean-average,primary,,,,,
-10.671758263404536,,1.7270194374378858,0.9633602490508145,0.04404130246140248,0,True,,,,False,False,0.0,-13.992567461400588,-14.000921729135262,30,120,fixed,sub-012,med2,meditation,2,True,himalayan,htr,thinking,46.0,65.0,f,-12.963536059564596,0.21162329787893985,8,299,0.0033333333333332993,Fp1,1,central,clean-average,primary,,,,,
-11.856477604974014,,0.6543965758760866,0.9388758871017429,0.024148558349328903,0,True,,,,False,False,0.0,-13.114787801835703,-13.101958048188939,30,120,fixed,sub-012,med2,meditation,2,True,himalayan,htr,thinking,46.0,65.0,f,-12.963536059564596,0.21162329787893985,8,299,0.0033333333333332993,Fp1,1,temporal,clean-average,primary,,,,,
-11.229765396564769,,1.1002364634351849,0.990510821121062,0.013437264589515373,1,True,83.21228884657395,0.05601657482768907,29.999999425339205,False,True,0.037764736862041993,-13.345361369917915,-13.303423991749217,30,120,fixed,sub-012,think2,thinking,2,True,himalayan,htr,thinking,46.0,65.0,f,-12.969288326705675,0.24308942598807193,9,260,0.12751677852348997,AF3;Fp1,2,parieto_occipital,clean-average,primary,1.2122617358400753,-24.970952868541247,0.9215836772722211,0.0489609490542485,-13.16554701305541
-11.422098224909028,,1.1714368092004555,0.9832033208533544,0.01910500423776804,0,True,,,,False,False,0.0,-13.674602190142448,-13.666301882728014,30,120,fixed,sub-012,think2,thinking,2,True,himalayan,htr,thinking,46.0,65.0,f,-12.969288326705675,0.24308942598807193,9,260,0.12751677852348997,AF3;Fp1,2,frontal,clean-average,primary,,,,,
-10.54128668018744,,1.825849090888614,0.9645633248248324,0.044992668186191985,0,True,,,,False,False,0.0,-14.05213104229307,-14.059059560018525,30,120,fixed,sub-012,think2,thinking,2,True,himalayan,htr,thinking,46.0,65.0,f,-12.969288326705675,0.24308942598807193,9,260,0.12751677852348997,AF3;Fp1,2,central,clean-average,primary,,,,,
-11.749790635332317,,0.8021711438725243,0.9697030591050685,0.01947812330712454,1,True,72.49999999999999,0.062231987784141296,29.999999999947214,False,True,0.036901953817836466,-13.292250005037417,-13.25093953855188,30,120,fixed,sub-012,think2,thinking,2,True,himalayan,htr,thinking,46.0,65.0,f,-12.969288326705675,0.24308942598807193,9,260,0.12751677852348997,AF3;Fp1,2,temporal,clean-average,primary,,,,,
-11.871680763941768,,0.8885236497165684,0.9872023509684953,0.014250173643054921,1,True,70.5254762032692,0.08723016295324193,29.99999999688434,False,True,0.049340060557266474,-13.580183543153783,-13.529773262865708,30,120,fixed,sub-013,med1breath,meditation,1,True,himalayan,htr,meditation,27.0,48.0,m,-12.974469641340603,0.18838645017355948,6,295,0.006734006734006703,Fp1,1,parieto_occipital,clean-average,primary,0.9726857944228756,-26.548644032109433,0.9609110184756101,0.046484788274711884,-13.387525395983184
-12.23542431149156,,0.8321706049717046,0.9486783367222211,0.02761617097687272,0,True,,,,False,False,0.0,-13.835568316466818,-13.821303515942374,30,120,fixed,sub-013,med1breath,meditation,1,True,himalayan,htr,meditation,27.0,48.0,m,-12.974469641340603,0.18838645017355948,6,295,0.006734006734006703,Fp1,1,frontal,clean-average,primary,,,,,
-12.482603202941913,,0.8906607562260045,0.9886189831604375,0.01264939273011968,0,True,,,,False,False,0.0,-14.195215329622629,-14.189680774242323,30,120,fixed,sub-013,med1breath,meditation,1,True,himalayan,htr,meditation,27.0,48.0,m,-12.974469641340603,0.18838645017355948,6,295,0.006734006734006703,Fp1,1,central,clean-average,primary,,,,,
-12.094951624311648,,0.5946127612592498,0.9252472742706086,0.022553595916869867,0,True,,,,False,False,0.0,-13.238306171475838,-13.225156798727511,30,120,fixed,sub-013,med1breath,meditation,1,True,himalayan,htr,meditation,27.0,48.0,m,-12.974469641340603,0.18838645017355948,6,295,0.006734006734006703,Fp1,1,temporal,clean-average,primary,,,,,
-11.825981841129991,,0.9530570057905632,0.9680139097414873,0.024992783654075566,0,True,,,,False,False,0.0,-13.658572952981741,-13.644450352083455,30,120,fixed,sub-013,think1,thinking,1,True,himalayan,htr,meditation,27.0,48.0,m,-12.465999970945882,0.1606070784008249,4,288,0.027027027027026973,Fp1,1,parieto_occipital,clean-average,primary,1.0584088448069982,-26.419236352020995,0.9668592666388598,0.04678980098702403,-13.500066617621467
-11.752096870021598,,1.2075367328927331,0.9915386569593136,0.01485285338010223,1,True,74.99999999555652,0.08083546825207222,29.695528132063185,True,False,0.049984879141016736,-14.074015779896355,-14.020029581224291,30,120,fixed,sub-013,think1,thinking,1,True,himalayan,htr,meditation,27.0,48.0,m,-12.465999970945882,0.1606070784008249,4,288,0.027027027027026973,Fp1,1,frontal,clean-average,primary,,,,,
-11.97247890000084,,1.2589508835850767,0.9927274902089187,0.01444894590500581,0,True,,,,False,False,0.0,-14.393259803449675,-14.388712809842877,30,120,fixed,sub-013,think1,thinking,1,True,himalayan,htr,meditation,27.0,48.0,m,-12.465999970945882,0.1606070784008249,4,288,0.027027027027026973,Fp1,1,central,clean-average,primary,,,,,
-11.479163227756864,,1.095059404458707,0.9861744994887688,0.017033792610626527,0,True,,,,False,False,0.0,-13.5848044636618,-13.576407169023947,30,120,fixed,sub-013,think1,thinking,1,True,himalayan,htr,meditation,27.0,48.0,m,-12.465999970945882,0.1606070784008249,4,288,0.027027027027026973,Fp1,1,temporal,clean-average,primary,,,,,
-11.699331987613727,,1.0575174017957165,0.9775947413459182,0.022869565860643988,0,True,,,,False,False,0.0,-13.732785369084663,-13.720601384584462,30,120,fixed,sub-013,med2,meditation,2,True,himalayan,htr,meditation,27.0,48.0,m,-13.540532792594336,0.017818487687993212,2,296,0.0,FC4;Fp1,2,parieto_occipital,clean-average,primary,1.111483346164762,-26.350551597646028,0.9796919381815735,0.03810065901846173,-13.572595938813086
-11.897571215858667,,1.1387949497546108,0.9929854138787245,0.011713284671036467,2,True,84.25929836062674,0.08105798474458581,18.973786443812394,True,False,0.05073573858825044,-14.087309595055443,-14.033696770366912,30,120,fixed,sub-013,med2,meditation,2,True,himalayan,htr,meditation,27.0,48.0,m,-13.540532792594336,0.017818487687993212,2,296,0.0,FC4;Fp1,2,frontal,clean-average,primary,,,,,
-12.198317088323263,,1.1495056393352372,0.9919773148020301,0.013101081890965453,0,True,,,,False,False,0.0,-14.408650578209121,-14.404124674248248,30,120,fixed,sub-013,med2,meditation,2,True,himalayan,htr,meditation,27.0,48.0,m,-13.540532792594336,0.017818487687993212,2,296,0.0,FC4;Fp1,2,central,clean-average,primary,,,,,
-11.610013011591244,,1.0389963106852516,0.9887620799743163,0.014695462468837683,0,True,,,,False,False,0.0,-13.60785300714233,-13.600920189187502,30,120,fixed,sub-013,med2,meditation,2,True,himalayan,htr,meditation,27.0,48.0,m,-13.540532792594336,0.017818487687993212,2,296,0.0,FC4;Fp1,2,temporal,clean-average,primary,,,,,
-12.025394758571357,,0.7846358181698331,0.9751332979268681,0.017317321199695097,0,True,,,,False,False,0.0,-13.53413622700619,-13.525204029904588,30,120,fixed,sub-013,think2,thinking,2,True,himalayan,htr,meditation,27.0,48.0,m,-12.302564471194131,0.372513684143557,5,283,0.04391891891891897,FT7;Fp1,2,parieto_occipital,clean-average,primary,0.9005608529177316,-26.83465961128382,0.970281620673172,0.03202010237052325,-13.37817321660642
-12.50604786746052,,0.5981002590567437,0.947398591629519,0.018167060524555047,0,True,,,,False,False,0.0,-13.656108369701329,-13.645883515661392,30,120,fixed,sub-013,think2,thinking,2,True,himalayan,htr,meditation,27.0,48.0,m,-12.302564471194131,0.372513684143557,5,283,0.04391891891891897,FT7;Fp1,2,frontal,clean-average,primary,,,,,
-12.489306742377266,,0.8318236543467273,0.9756868231487132,0.01714787270001577,0,True,,,,False,False,0.0,-14.088783611359899,-14.084225568499994,30,120,fixed,sub-013,think2,thinking,2,True,himalayan,htr,meditation,27.0,48.0,m,-12.302564471194131,0.372513684143557,5,283,0.04391891891891897,FT7;Fp1,2,central,clean-average,primary,,,,,
-12.436805020116989,,0.349588713708393,0.8698736696139984,0.017916738866939327,0,False,,,,False,False,0.0,-13.109013676737966,-13.10137590847201,30,120,fixed,sub-013,think2,thinking,2,True,himalayan,htr,meditation,27.0,48.0,m,-12.302564471194131,0.372513684143557,5,283,0.04391891891891897,FT7;Fp1,2,temporal,clean-average,primary,,,,,
-12.119336551251259,,0.9913343298553993,0.9834023710701989,0.016775301999951114,0,True,,,,False,False,0.0,-14.025529434498099,-14.029779132378193,30,120,fixed,sub-014,med1breath,meditation,1,True,himalayan,htr,thinking,34.0,54.0,m,-13.513397746188856,0.028708158978694276,3,304,0.003278688524590123,Fp1,1,parieto_occipital,clean-average,primary,1.082325843305737,-27.132689393050605,0.973040541410812,0.00022919034894554262,-13.867562549111788
-12.079361744135692,,1.008983796210225,0.9943302142047699,0.010372894822404456,0,True,,,,False,False,0.0,-14.019492004658249,-14.017327842913458,30,120,fixed,sub-014,med1breath,meditation,1,True,himalayan,htr,thinking,34.0,54.0,m,-13.513397746188856,0.028708158978694276,3,304,0.003278688524590123,Fp1,1,frontal,clean-average,primary,,,,,
-11.909292427863068,,1.3008149337904589,0.9833560594795049,0.02048797864258392,0,True,,,,False,False,0.0,-14.4105718595703,-14.417508218614994,30,120,fixed,sub-014,med1breath,meditation,1,True,himalayan,htr,thinking,34.0,54.0,m,-13.513397746188856,0.028708158978694276,3,304,0.003278688524590123,Fp1,1,central,clean-average,primary,,,,,
-11.7878838359179,,1.06066268367334,0.9911650880359982,0.013719377267397146,0,True,,,,False,False,0.0,-13.827385140627612,-13.82229663607217,30,120,fixed,sub-014,med1breath,meditation,1,True,himalayan,htr,thinking,34.0,54.0,m,-13.513397746188856,0.028708158978694276,3,304,0.003278688524590123,Fp1,1,temporal,clean-average,primary,,,,,
-11.788995387382457,,1.1253843398674657,0.9938534404333611,0.011448475056932875,0,True,,,,False,False,0.0,-13.952947098694334,-13.949516689905812,30,120,fixed,sub-014,think1,thinking,1,True,himalayan,htr,thinking,34.0,54.0,m,-12.694003053377088,0.25302247498631636,7,293,0.016778523489932917,Fp1,1,parieto_occipital,clean-average,primary,1.2176698430726698,-26.382087241066323,0.9912660645913057,0.008424709653156488,-13.796472196371402
-11.691135286301542,,1.0627785055388261,0.976710424559674,0.022518320679814373,0,True,,,,False,False,0.0,-13.734705011180663,-13.719624739682914,30,120,fixed,sub-014,think1,thinking,1,True,himalayan,htr,thinking,34.0,54.0,m,-12.694003053377088,0.25302247498631636,7,293,0.016778523489932917,Fp1,1,frontal,clean-average,primary,,,,,
-11.963760669396589,,1.190944852915268,0.9917114426045698,0.013314914128377493,0,True,,,,False,False,0.0,-14.253775788007157,-14.250057219837325,30,120,fixed,sub-014,think1,thinking,1,True,himalayan,htr,thinking,34.0,54.0,m,-12.694003053377088,0.25302247498631636,7,293,0.016778523489932917,Fp1,1,central,clean-average,primary,,,,,
-12.134150854781828,,0.6787563666998861,0.9207895307067294,0.026682348610987387,0,True,,,,False,False,0.0,-13.439301414684795,-13.424178393079835,30,120,fixed,sub-014,think1,thinking,1,True,himalayan,htr,thinking,34.0,54.0,m,-12.694003053377088,0.25302247498631636,7,293,0.016778523489932917,Fp1,1,temporal,clean-average,primary,,,,,
-12.145087744933939,,0.9469570165143388,0.9806991483635477,0.017259154495386612,0,True,,,,False,False,0.0,-13.96594945753456,-13.968996290032871,30,120,fixed,sub-014,med2,meditation,2,True,himalayan,htr,thinking,34.0,54.0,m,-13.442247769636852,0.049287060079090894,4,298,0.00666666666666671,Fp1,1,parieto_occipital,clean-average,primary,1.0503172285343774,-27.137320431020527,0.967258540317135,0.010328451653042163,-13.807487003421256
-12.242317630246518,,1.0105705118771313,0.9850211312364957,0.016536243101247513,0,True,,,,False,False,0.0,-14.185498916059846,-14.186807130155824,30,120,fixed,sub-014,med2,meditation,2,True,himalayan,htr,thinking,34.0,54.0,m,-13.442247769636852,0.049287060079090894,4,298,0.00666666666666671,Fp1,1,frontal,clean-average,primary,,,,,
-11.916278486317957,,1.2976229741214467,0.9691891242082533,0.029341862875199853,0,True,,,,False,False,0.0,-14.411420240128402,-14.423320477439683,30,120,fixed,sub-014,med2,meditation,2,True,himalayan,htr,thinking,34.0,54.0,m,-13.442247769636852,0.049287060079090894,4,298,0.00666666666666671,Fp1,1,central,clean-average,primary,,,,,
-12.388911617541611,,0.639679157127404,0.9545994307775363,0.01846786309120459,0,True,,,,False,False,0.0,-13.618922341628464,-13.60907996851683,30,120,fixed,sub-014,med2,meditation,2,True,himalayan,htr,thinking,34.0,54.0,m,-13.442247769636852,0.049287060079090894,4,298,0.00666666666666671,Fp1,1,temporal,clean-average,primary,,,,,
-12.402052564396621,,0.7856334038393531,0.9769565664413974,0.014826037071493678,0,True,,,,False,False,0.0,-13.912712246138915,-13.915266403243592,30,120,fixed,sub-014,think2,thinking,2,True,himalayan,htr,thinking,34.0,54.0,m,-12.840049637531825,0.16102610702384834,9,297,0.003355704697986628,Fp1,1,parieto_occipital,clean-average,primary,0.8820856550339569,-27.77076192303038,0.9607024276925568,0.005889032903263447,-13.75745888591548
-12.196130791371926,,0.8655738529300492,0.9882739108828262,0.012385673982898193,0,True,,,,False,False,0.0,-13.860504422637655,-13.85775520995614,30,120,fixed,sub-014,think2,thinking,2,True,himalayan,htr,thinking,34.0,54.0,m,-12.840049637531825,0.16102610702384834,9,297,0.003355704697986628,Fp1,1,frontal,clean-average,primary,,,,,
-12.141731091944788,,1.086973473090304,0.9894707535474698,0.013210716813556811,0,True,,,,False,False,0.0,-14.231824248493771,-14.234425104567944,30,120,fixed,sub-014,think2,thinking,2,True,himalayan,htr,thinking,34.0,54.0,m,-12.840049637531825,0.16102610702384834,9,297,0.003355704697986628,Fp1,1,central,clean-average,primary,,,,,
-12.808126374328625,,0.4124116213613122,0.8955451049355748,0.01855313218173206,0,False,,,,False,False,0.0,-13.601134418064882,-13.597294574903325,30,120,fixed,sub-014,think2,thinking,2,True,himalayan,htr,thinking,34.0,54.0,m,-12.840049637531825,0.16102610702384834,9,297,0.003355704697986628,Fp1,1,temporal,clean-average,primary,,,,,
-12.056673269642893,,0.6958744960975582,0.9698151087085424,0.01683865737468082,0,True,,,,False,False,0.0,-13.39473952251606,-13.386309677532742,30,120,fixed,sub-015,med1breath,meditation,1,True,himalayan,htr,meditation,18.0,69.0,m,-13.127491579690249,0.1613490603509521,9,282,0.04729729729729726,Fp1,1,parieto_occipital,clean-average,primary,0.8180686794645151,-26.889643538876307,0.9514343986556654,0.030674415045074843,-13.24235239139059
-12.387881305981418,,0.689231822287116,0.9476315642328694,0.021408292899277478,0,True,,,,False,False,0.0,-13.713174655544517,-13.706132767682272,30,120,fixed,sub-015,med1breath,meditation,1,True,himalayan,htr,meditation,18.0,69.0,m,-13.127491579690249,0.1613490603509521,9,282,0.04729729729729726,Fp1,1,frontal,clean-average,primary,,,,,
-12.240064918386011,,1.0154413144350907,0.9528235466131684,0.028568943969291424,0,True,,,,False,False,0.0,-14.19261205474245,-14.19526071383522,30,120,fixed,sub-015,med1breath,meditation,1,True,himalayan,htr,meditation,18.0,69.0,m,-13.127491579690249,0.1613490603509521,9,282,0.04729729729729726,Fp1,1,central,clean-average,primary,,,,,
-12.768079170787924,,0.3365506523917221,0.8617524807618246,0.01852920425323385,0,False,,,,False,False,0.0,-13.415217516672465,-13.406932914382185,30,120,fixed,sub-015,med1breath,meditation,1,True,himalayan,htr,meditation,18.0,69.0,m,-13.127491579690249,0.1613490603509521,9,282,0.04729729729729726,Fp1,1,temporal,clean-average,primary,,,,,
-11.428088523782103,,1.1719124623163688,0.9847096472840198,0.020350509366204528,0,True,,,,False,False,0.0,-13.681507101328583,-13.69062574460857,30,120,fixed,sub-015,think1,thinking,1,True,himalayan,htr,meditation,18.0,69.0,m,-12.888890712926466,0.27948826830967843,11,297,0.003355704697986628,Fp1,1,parieto_occipital,clean-average,primary,1.244998959850553,-25.631607148932652,0.9879076718531359,-0.008779846908443559,-13.527167733841118
-12.279228273047519,,0.7991611026597143,0.9790868549311592,0.01879923934101617,1,True,,,,False,False,4.223987653891409e-06,-13.815899767799294,-13.824401565297588,30,120,fixed,sub-015,think1,thinking,1,True,himalayan,htr,meditation,18.0,69.0,m,-12.888890712926466,0.27948826830967843,11,297,0.003355704697986628,Fp1,1,frontal,clean-average,primary,,,,,
-12.113726696347786,,1.1362228059242077,0.9671224454838975,0.028035937013744953,0,True,,,,False,False,0.0,-14.298519214076293,-14.313442851785029,30,120,fixed,sub-015,think1,thinking,1,True,himalayan,htr,meditation,18.0,69.0,m,-12.888890712926466,0.27948826830967843,11,297,0.003355704697986628,Fp1,1,central,clean-average,primary,,,,,
-12.855235847375123,,0.27969577326572104,0.8337210281200339,0.01663786046195554,0,False,,,,False,False,0.0,-13.393050463914337,-13.388528095747922,30,120,fixed,sub-015,think1,thinking,1,True,himalayan,htr,meditation,18.0,69.0,m,-12.888890712926466,0.27948826830967843,11,297,0.003355704697986628,Fp1,1,temporal,clean-average,primary,,,,,
-11.911230492075587,,0.7260849883156899,0.9775986742577738,0.014129928387626146,0,True,,,,False,False,0.0,-13.307387162612377,-13.30549127213476,30,120,fixed,sub-015,med2,meditation,2,True,himalayan,htr,meditation,18.0,69.0,m,-13.25610944945097,0.08126921942060561,6,288,0.030303030303030276,Fp1,1,parieto_occipital,clean-average,primary,0.8290708388848834,-26.642106729159856,0.9587687506260858,0.021519423105589342,-13.157830592521458
-12.305555379159603,,0.722368131249984,0.9587055184792376,0.019789061852215253,0,True,,,,False,False,0.0,-13.694565069839731,-13.690662788559512,30,120,fixed,sub-015,med2,meditation,2,True,himalayan,htr,meditation,18.0,69.0,m,-13.25610944945097,0.08126921942060561,6,288,0.030303030303030276,Fp1,1,frontal,clean-average,primary,,,,,
-12.557127401402427,,0.8596267584587713,0.9831411103394283,0.018389056839233954,1,True,,,,False,False,6.101169431922426e-08,-14.210065628066763,-14.213771649015305,30,120,fixed,sub-015,med2,meditation,2,True,himalayan,htr,meditation,18.0,69.0,m,-13.25610944945097,0.08126921942060561,6,288,0.030303030303030276,Fp1,1,central,clean-average,primary,,,,,
-12.232614812872942,,0.6376985607140909,0.9674870262635038,0.01575009346160725,0,True,,,,False,False,0.0,-13.458817135824134,-13.45825274835325,30,120,fixed,sub-015,med2,meditation,2,True,himalayan,htr,meditation,18.0,69.0,m,-13.25610944945097,0.08126921942060561,6,288,0.030303030303030276,Fp1,1,temporal,clean-average,primary,,,,,
-11.97836148987067,,0.8805720560014586,0.979284140566221,0.016293616934163178,0,True,,,,False,False,0.0,-13.671574501651328,-13.67442312692479,30,120,fixed,sub-015,think2,thinking,2,True,himalayan,htr,meditation,18.0,69.0,m,-12.86983505395601,0.3321759925753127,15,295,0.0033783783783783994,Fp1,1,parieto_occipital,clean-average,primary,0.9675873621458534,-26.846689906016184,0.9819605558470043,0.01321654815675001,-13.517441586725575
-12.24399660881003,,0.8275552402221344,0.963646502997395,0.02103152634206484,0,True,,,,False,False,0.0,-13.835265933292273,-13.841242450280014,30,120,fixed,sub-015,think2,thinking,2,True,himalayan,htr,meditation,18.0,69.0,m,-12.86983505395601,0.3321759925753127,15,295,0.0033783783783783994,Fp1,1,frontal,clean-average,primary,,,,,
-12.27938418307161,,1.0520724974859499,0.9629921362890375,0.026988342391000338,0,True,,,,False,False,0.0,-14.302367799164047,-14.313717174782855,30,120,fixed,sub-015,think2,thinking,2,True,himalayan,htr,meditation,18.0,69.0,m,-12.86983505395601,0.3321759925753127,15,295,0.0033783783783783994,Fp1,1,central,clean-average,primary,,,,,
-13.397255411723489,,-0.06428626186679715,0.19284399526212592,0.01789083435496398,0,False,,,,False,False,0.0,-13.273642205592608,-13.268272622365254,30,120,fixed,sub-015,think2,thinking,2,True,himalayan,htr,meditation,18.0,69.0,m,-12.86983505395601,0.3321759925753127,15,295,0.0033783783783783994,Fp1,1,temporal,clean-average,primary,,,,,
-11.920281737160671,,0.9159945839241979,0.9855658542735094,0.014368308311916713,0,True,,,,False,False,0.0,-13.6816071592548,-13.681128192776132,30,120,fixed,sub-016,think1,thinking,1,True,himalayan,htr,thinking,7.0,27.0,m,-12.432335010232082,0.3447735250875573,10,246,0.1717171717171717,Fp1,1,parieto_occipital,clean-average,primary,0.9956462805173342,-26.735306281902393,0.9679073808061796,0.025424792217561082,-13.523310827132752
-12.14690070973655,,0.9744419223661713,0.9773336248344188,0.017791259175215932,0,True,,,,False,False,0.0,-14.02061193067521,-14.016428508595437,30,120,fixed,sub-016,think1,thinking,1,True,himalayan,htr,thinking,7.0,27.0,m,-12.432335010232082,0.3447735250875573,10,246,0.1717171717171717,Fp1,1,frontal,clean-average,primary,,,,,
-11.997395990339466,,1.236196454767472,0.9485024943688012,0.03386166361346826,0,True,,,,False,False,0.0,-14.374423410257881,-14.375683800855501,30,120,fixed,sub-016,think1,thinking,1,True,himalayan,htr,thinking,7.0,27.0,m,-12.432335010232082,0.3447735250875573,10,246,0.1717171717171717,Fp1,1,central,clean-average,primary,,,,,
-11.49265279302952,,0.9350994563430702,0.9737971551927403,0.020537899672065065,0,True,,,,False,False,0.0,-13.290714128269622,-13.279700020121409,30,120,fixed,sub-016,think1,thinking,1,True,himalayan,htr,thinking,7.0,27.0,m,-12.432335010232082,0.3447735250875573,10,246,0.1717171717171717,Fp1,1,temporal,clean-average,primary,,,,,
-12.060959584266023,,0.8316544144561016,0.9751126582219413,0.016358640426146907,2,True,,,,False,False,6.761369020913367e-23,-13.660111029357488,-13.65888370618905,30,120,fixed,sub-016,med2,meditation,2,True,himalayan,htr,thinking,7.0,27.0,m,-12.089520654049593,0.23080861663378271,15,184,0.3825503355704698,FC6;Fp1;O2;Oz,4,parieto_occipital,clean-average,primary,0.9380939071428959,-26.927219616026242,0.9586441860043999,0.027112445324577517,-13.496765104796092
-12.149464187641794,,0.9454816770600017,0.9786764753062985,0.01845179067751109,0,True,,,,False,False,0.0,-13.967489035338684,-13.961816053222702,30,120,fixed,sub-016,med2,meditation,2,True,himalayan,htr,thinking,7.0,27.0,m,-12.089520654049593,0.23080861663378271,15,184,0.3825503355704698,FC6;Fp1;O2;Oz,4,frontal,clean-average,primary,,,,,
-11.838622244297106,,1.3079797346175002,0.9576969410947178,0.0315203639729545,0,True,,,,False,False,0.0,-14.35367855423308,-14.356027993830773,30,120,fixed,sub-016,med2,meditation,2,True,himalayan,htr,thinking,7.0,27.0,m,-12.089520654049593,0.23080861663378271,15,184,0.3825503355704698,FC6;Fp1;O2;Oz,4,central,clean-average,primary,,,,,
-11.614173736544142,,0.8732576753960479,0.9739962989204745,0.019143211519827827,0,True,,,,False,False,0.0,-13.293322249764135,-13.283662343635985,30,120,fixed,sub-016,med2,meditation,2,True,himalayan,htr,thinking,7.0,27.0,m,-12.089520654049593,0.23080861663378271,15,184,0.3825503355704698,FC6;Fp1;O2;Oz,4,temporal,clean-average,primary,,,,,
-12.136667365188101,,0.7831217895554857,0.9817626222331192,0.013497916740000419,1,True,,,,False,False,3.8902982508450685e-18,-13.642497575046713,-13.640902163604675,30,120,fixed,sub-016,think2,thinking,2,True,himalayan,htr,thinking,7.0,27.0,m,-12.328915402356325,0.21990115037276392,8,212,0.2861952861952862,Fp1,1,parieto_occipital,clean-average,primary,0.8810397710484189,-27.140409059363712,0.9350516023628401,0.030776498728563775,-13.476639210217382
-12.41679014146905,,0.7203818126030261,0.9542773681169262,0.021178429488709166,0,True,,,,False,False,0.0,-13.801980427983843,-13.790303854883003,30,120,fixed,sub-016,think2,thinking,2,True,himalayan,htr,thinking,7.0,27.0,m,-12.328915402356325,0.21990115037276392,8,212,0.2861952861952862,Fp1,1,frontal,clean-average,primary,,,,,
-12.270382974294689,,1.0508287513244898,0.9492256313587716,0.030751913650025484,0,True,,,,False,False,0.0,-14.290975045970537,-14.290109153656807,30,120,fixed,sub-016,think2,thinking,2,True,himalayan,htr,thinking,7.0,27.0,m,-12.328915402356325,0.21990115037276392,8,212,0.2861952861952862,Fp1,1,central,clean-average,primary,,,,,
-11.57228651075936,,0.8267075045653172,0.9595633276669,0.023278266525223582,0,True,,,,False,False,0.0,-13.161925761887714,-13.150077715162155,30,120,fixed,sub-016,think2,thinking,2,True,himalayan,htr,thinking,7.0,27.0,m,-12.328915402356325,0.21990115037276392,8,212,0.2861952861952862,Fp1,1,temporal,clean-average,primary,,,,,
-11.40370896184684,,1.1628861463924625,0.9863776643908304,0.01776181451377507,0,True,,,,False,False,0.0,-13.63977123621899,-13.642658434570015,30,120,fixed,sub-017,think1,thinking,1,True,himalayan,htr,meditation,7.0,59.0,f,-11.906904850355133,0.6838836797298694,19,178,0.4183006535947712,Fp1;P10,2,parieto_occipital,clean-average,primary,1.236407871838235,-25.569591060231115,0.980781726221927,0.011577232720098049,-13.48026926228231
-11.490305319163554,,0.9950135865214433,0.9707747650510244,0.02395958646971395,0,True,,,,False,False,0.0,-13.40357288212362,-13.393024784572232,30,120,fixed,sub-017,think1,thinking,1,True,himalayan,htr,meditation,7.0,59.0,f,-11.906904850355133,0.6838836797298694,19,178,0.4183006535947712,Fp1;P10,2,frontal,clean-average,primary,,,,,
-10.946771896496038,,1.617879970291282,0.9870190382468931,0.022672787863267582,0,True,,,,False,False,0.0,-14.057721646180086,-14.064561596325456,30,120,fixed,sub-017,think1,thinking,1,True,himalayan,htr,meditation,7.0,59.0,f,-11.906904850355133,0.6838836797298694,19,178,0.4183006535947712,Fp1;P10,2,central,clean-average,primary,,,,,
-12.191601260869295,,0.47090390344915567,0.9085883977170316,0.019519639519544763,0,True,,,,False,False,0.0,-13.097081523596476,-13.098177367834571,30,120,fixed,sub-017,think1,thinking,1,True,himalayan,htr,meditation,7.0,59.0,f,-11.906904850355133,0.6838836797298694,19,178,0.4183006535947712,Fp1;P10,2,temporal,clean-average,primary,,,,,
-11.606573374580643,,1.0645841671457872,0.9646002127089609,0.028460186894237235,5,True,98.96193889872346,0.10169850492283672,5.992662935058302,True,False,0.03071524194898102,-13.653615126202993,-13.623741862868346,30,120,fixed,sub-017,think2,thinking,2,True,himalayan,htr,meditation,7.0,59.0,f,-11.995257454572085,0.63663107101263,10,45,0.8484848484848485,AF3;AF4;AF7;AF8;F3;F5;F6;FC6;Fp1;Fp2;Fpz;P10,12,parieto_occipital,clean-average,primary,1.178527584518741,-25.785901671125163,0.9639088838065764,0.0169260543740636,-13.464662946341925
-11.073556799437387,,1.070795668427918,0.963175068529396,0.02939906153827406,6,True,67.48046793972915,0.09548919549487245,2.0000000000002687,False,True,0.044801023745421595,-13.132542371808894,-13.089591484135752,30,120,fixed,sub-017,think2,thinking,2,True,himalayan,htr,meditation,7.0,59.0,f,-11.995257454572085,0.63663107101263,10,45,0.8484848484848485,AF3;AF4;AF7;AF8;F3;F5;F6;FC6;Fp1;Fp2;Fpz;P10,12,frontal,clean-average,primary,,,,,
-11.154846282556125,,1.368259851775431,0.969500572585137,0.03245875105758567,5,True,80.62305612604939,0.10249416663759803,2.0000011403506073,False,True,0.034759706993170776,-13.785812560367917,-13.749339536398168,30,120,fixed,sub-017,think2,thinking,2,True,himalayan,htr,meditation,7.0,59.0,f,-11.995257454572085,0.63663107101263,10,45,0.8484848484848485,AF3;AF4;AF7;AF8;F3;F5;F6;FC6;Fp1;Fp2;Fpz;P10,12,central,clean-average,primary,,,,,
-12.250199096358804,,0.35210224067979495,0.7002766296500191,0.02731526630478323,6,False,104.37626864336431,0.09344281620847106,2.0000000000000004,False,True,0.04352883343196605,-12.927240902685629,-12.882776423408048,30,120,fixed,sub-017,think2,thinking,2,True,himalayan,htr,meditation,7.0,59.0,f,-11.995257454572085,0.63663107101263,10,45,0.8484848484848485,AF3;AF4;AF7;AF8;F3;F5;F6;FC6;Fp1;Fp2;Fpz;P10,12,temporal,clean-average,primary,,,,,
-12.098427812523077,,0.7670999457334065,0.8903264448940247,0.031127033846069997,0,False,,,,False,False,0.0,-13.573450328397561,-13.570067252833187,30,120,fixed,sub-018,med1breath,meditation,1,True,himalayan,htr,thinking,9.0,36.0,f,-12.678003750197142,0.055288158114007446,11,303,0.03194888178913735,Fp1,1,parieto_occipital,clean-average,primary,0.9779047294455046,-26.56999100363705,0.9115922877920271,0.023467317772626187,-13.419978064363312
-12.215984020627673,,0.6075301972508885,0.9399067579357071,0.02004160069337059,0,True,,,,False,False,0.0,-13.384176933432494,-13.373520957726885,30,120,fixed,sub-018,med1breath,meditation,1,True,himalayan,htr,thinking,9.0,36.0,f,-12.678003750197142,0.055288158114007446,11,303,0.03194888178913735,Fp1,1,frontal,clean-average,primary,,,,,
-12.432233827072507,,0.8490389864036182,0.9786972455069882,0.020391958617854256,1,True,,,,False,False,6.089590797758764e-15,-14.064813295714295,-14.068674870265268,30,120,fixed,sub-018,med1breath,meditation,1,True,himalayan,htr,thinking,9.0,36.0,f,-12.678003750197142,0.055288158114007446,11,303,0.03194888178913735,Fp1,1,central,clean-average,primary,,,,,
-12.767658597116597,,0.23925904772335066,0.630281079347842,0.023192932933889177,0,False,,,,False,False,0.0,-13.22771922478516,-13.21726830652141,30,120,fixed,sub-018,med1breath,meditation,1,True,himalayan,htr,thinking,9.0,36.0,f,-12.678003750197142,0.055288158114007446,11,303,0.03194888178913735,Fp1,1,temporal,clean-average,primary,,,,,
-11.923613717572044,,0.9058983172312852,0.9405927056239619,0.026952421850911377,0,True,,,,False,False,0.0,-13.665525475539154,-13.662865696016725,30,120,fixed,sub-018,think1,thinking,1,True,himalayan,htr,thinking,9.0,36.0,f,-12.632654537374322,0.09845148997057396,18,282,0.05369127516778527,Fp1,1,parieto_occipital,clean-average,primary,1.130134140845885,-26.1197185895806,0.9472015591025078,0.020784889455578055,-13.51648200278043
-11.886678600941506,,0.7504518017413381,0.9496917063399021,0.022469398000592354,0,True,,,,False,False,0.0,-13.329689137969684,-13.31497357624235,30,120,fixed,sub-018,think1,thinking,1,True,himalayan,htr,thinking,9.0,36.0,f,-12.632654537374322,0.09845148997057396,18,282,0.05369127516778527,Fp1,1,frontal,clean-average,primary,,,,,
-11.744668448992496,,1.2144003842968298,0.945836880094521,0.034864087992249375,0,True,,,,False,False,0.0,-14.079785170206524,-14.084575410682298,30,120,fixed,sub-018,think1,thinking,1,True,himalayan,htr,thinking,9.0,36.0,f,-12.632654537374322,0.09845148997057396,18,282,0.05369127516778527,Fp1,1,central,clean-average,primary,,,,,
-12.242510689148927,,0.5940630431302394,0.9497836084478346,0.01751772928974692,0,True,,,,False,False,0.0,-13.384808207666218,-13.375622084476207,30,120,fixed,sub-018,think1,thinking,1,True,himalayan,htr,thinking,9.0,36.0,f,-12.632654537374322,0.09845148997057396,18,282,0.05369127516778527,Fp1,1,temporal,clean-average,primary,,,,,
-12.041047537776654,,0.8333635053617747,0.8843764528899649,0.03696056173981958,0,False,,,,False,False,0.0,-13.643485318086322,-13.644622305054291,30,120,fixed,sub-018,med2,meditation,2,True,himalayan,htr,thinking,9.0,36.0,f,-13.114851434168136,0.18775224890421838,12,179,0.4072847682119205,Fp1,1,parieto_occipital,clean-average,primary,1.07969145416261,-26.278086563789923,0.9101541938933128,0.019362932387240944,-13.4909550940589
-11.798283780973373,,0.6085289589568055,0.9424242634177014,0.022469481885972174,1,True,63.49999999999999,0.06548282973267305,29.99999999982785,False,True,0.02914545048829279,-12.96839716843396,-12.926492245552259,30,120,fixed,sub-018,med2,meditation,2,True,himalayan,htr,thinking,9.0,36.0,f,-13.114851434168136,0.18775224890421838,12,179,0.4072847682119205,Fp1,1,frontal,clean-average,primary,,,,,
-12.24300668878544,,0.9392280645503824,0.9801451863958074,0.020364935014910726,1,True,,,,False,False,1.609668565609057e-12,-14.049006741918667,-14.048391599124948,30,120,fixed,sub-018,med2,meditation,2,True,himalayan,htr,thinking,9.0,36.0,f,-13.114851434168136,0.18775224890421838,12,179,0.4072847682119205,Fp1,1,central,clean-average,primary,,,,,
-12.115551637746536,,0.6565705010103535,0.950753760180571,0.018449904392192535,1,True,81.04879128312456,0.07180561159851173,27.625896635235826,True,False,0.04535314951327054,-13.378041978980157,-13.328900846316147,30,120,fixed,sub-018,med2,meditation,2,True,himalayan,htr,thinking,9.0,36.0,f,-13.114851434168136,0.18775224890421838,12,179,0.4072847682119205,Fp1,1,temporal,clean-average,primary,,,,,
-12.070360746364669,,0.7726774094921379,0.8849300143682336,0.03381575016110382,0,False,,,,False,False,0.0,-13.556107920311886,-13.557280836611332,30,120,fixed,sub-018,think2,thinking,2,True,himalayan,htr,thinking,9.0,36.0,f,-12.109902684563004,0.20130678256594403,14,170,0.43143812709030105,Fp1,1,parieto_occipital,clean-average,primary,0.970312209470778,-26.55525164789348,0.9158416855048801,0.02222364739887615,-13.399848580573629
-11.845878248785088,,0.8394225097164363,0.9825600212707382,0.016011356454168582,1,True,,,,False,False,5.379656018763937e-59,-13.459966620255157,-13.454260645625066,30,120,fixed,sub-018,think2,thinking,2,True,himalayan,htr,thinking,9.0,36.0,f,-12.109902684563004,0.20130678256594403,14,170,0.43143812709030105,Fp1,1,frontal,clean-average,primary,,,,,
-12.052855486036185,,1.002190669139305,0.8974349654300293,0.040285998115174006,0,False,,,,False,False,0.0,-13.97992354333668,-13.981461756887288,30,120,fixed,sub-018,think2,thinking,2,True,himalayan,htr,thinking,9.0,36.0,f,-12.109902684563004,0.20130678256594403,14,170,0.43143812709030105,Fp1,1,central,clean-average,primary,,,,,
-12.472245605023138,,0.3532742079107065,0.7634232240663585,0.025830691105919783,1,False,67.49999999999987,0.059298831626611204,29.999999997329244,False,True,0.03069030979943764,-13.151540935239614,-13.118914999054056,30,120,fixed,sub-018,think2,thinking,2,True,himalayan,htr,thinking,9.0,36.0,f,-12.109902684563004,0.20130678256594403,14,170,0.43143812709030105,Fp1,1,temporal,clean-average,primary,,,,,
-12.110493403285401,,0.9987384331027945,0.9545702777593328,0.02744297935811777,0,True,,,,False,False,0.0,-14.030923308787964,-14.036079414323646,30,120,fixed,sub-019,med1breath,meditation,1,True,himalayan,htr,meditation,20.0,55.0,m,-13.253250401439042,0.0373387156481767,9,288,0.023728813559321993,Fp1,1,parieto_occipital,clean-average,primary,1.142885574377545,-26.87403144660535,0.954826763573436,0.008032933106596791,-13.873655614708241
-12.671671734078544,,0.7300102379480403,0.9872073902853482,0.01365976472524216,1,True,,,,False,False,4.732892933254011e-08,-14.07537609331007,-14.078702807467968,30,120,fixed,sub-019,med1breath,meditation,1,True,himalayan,htr,meditation,20.0,55.0,m,-13.253250401439042,0.0373387156481767,9,288,0.023728813559321993,Fp1,1,frontal,clean-average,primary,,,,,
-12.165400080460877,,1.1377867123419736,0.9484949025541313,0.03280162463180486,0,True,,,,False,False,0.0,-14.353199764585051,-14.361115398453528,30,120,fixed,sub-019,med1breath,meditation,1,True,himalayan,htr,meditation,20.0,55.0,m,-13.253250401439042,0.0373387156481767,9,288,0.023728813559321993,Fp1,1,central,clean-average,primary,,,,,
-12.862046053207038,,0.32455655330329825,0.8037401490312562,0.021124411988838222,0,False,,,,False,False,0.0,-13.486121477093663,-13.481453608034613,30,120,fixed,sub-019,med1breath,meditation,1,True,himalayan,htr,meditation,20.0,55.0,m,-13.253250401439042,0.0373387156481767,9,288,0.023728813559321993,Fp1,1,temporal,clean-average,primary,,,,,
-11.913429649099516,,1.1217069629759981,0.966593580888679,0.026231295891197652,0,True,,,,False,False,0.0,-14.070310295233464,-14.072534700754852,30,120,fixed,sub-019,think1,thinking,1,True,himalayan,htr,meditation,20.0,55.0,m,-13.425424280477094,0.0051384824626617975,3,287,0.03691275167785235,Fp1,1,parieto_occipital,clean-average,primary,1.267485097114464,-26.42446353066241,0.9708327036599226,0.01732092375967692,-13.915538654223143
-12.10006036287206,,1.0300184194832607,0.9476330085122903,0.032772217609974306,0,True,,,,False,False,0.0,-14.080637169002179,-14.083227639851822,30,120,fixed,sub-019,think1,thinking,1,True,himalayan,htr,meditation,20.0,55.0,m,-13.425424280477094,0.0051384824626617975,3,287,0.03691275167785235,Fp1,1,frontal,clean-average,primary,,,,,
-11.789456399947763,,1.3082318894389064,0.961303265342821,0.03519008759673701,0,True,,,,False,False,0.0,-14.30499756722355,-14.315800171920745,30,120,fixed,sub-019,think1,thinking,1,True,himalayan,htr,meditation,20.0,55.0,m,-13.425424280477094,0.0051384824626617975,3,287,0.03691275167785235,Fp1,1,central,clean-average,primary,,,,,
-12.568038354043242,,0.5755549408844236,0.9283963597243978,0.021026364913313448,0,True,,,,False,False,0.0,-13.67474746235333,-13.674075794054001,30,120,fixed,sub-019,think1,thinking,1,True,himalayan,htr,meditation,20.0,55.0,m,-13.425424280477094,0.0051384824626617975,3,287,0.03691275167785235,Fp1,1,temporal,clean-average,primary,,,,,
-12.260332984415303,,0.9463022391328806,0.9362076063124112,0.03183518004291905,0,True,,,,False,False,0.0,-14.079935654584874,-14.087772943891952,30,120,fixed,sub-019,med2,meditation,2,True,himalayan,htr,meditation,20.0,55.0,m,-13.205212191190649,0.07072458237847845,7,275,0.08026755852842804,Fp1,1,parieto_occipital,clean-average,primary,1.0748205174647811,-27.288472803688023,0.944172418607422,0.002821865007391011,-13.924325031546157
-12.513544466111755,,0.7587939641945226,0.9195665928458608,0.029165657741054597,0,True,,,,False,False,0.0,-13.972595777902033,-13.97827287667102,30,120,fixed,sub-019,med2,meditation,2,True,himalayan,htr,meditation,20.0,55.0,m,-13.205212191190649,0.07072458237847845,7,275,0.08026755852842804,Fp1,1,frontal,clean-average,primary,,,,,
-12.403271196273092,,1.005601451264139,0.9299471082042018,0.03681995392392854,0,True,,,,False,False,0.0,-14.336897695480477,-14.34652529277744,30,120,fixed,sub-019,med2,meditation,2,True,himalayan,htr,meditation,20.0,55.0,m,-13.205212191190649,0.07072458237847845,7,275,0.08026755852842804,Fp1,1,central,clean-average,primary,,,,,
-12.987710743101907,,0.25390084681274383,0.7549876838338189,0.01906251247379649,0,False,,,,False,False,0.0,-13.475925437851147,-13.473396116737165,30,120,fixed,sub-019,med2,meditation,2,True,himalayan,htr,meditation,20.0,55.0,m,-13.205212191190649,0.07072458237847845,7,275,0.08026755852842804,Fp1,1,temporal,clean-average,primary,,,,,
-11.97915003633526,,1.066391323150249,0.954649970352031,0.029389805707009012,0,True,,,,False,False,0.0,-14.029666688211618,-14.033509420258618,30,120,fixed,sub-019,think2,thinking,2,True,himalayan,htr,meditation,20.0,55.0,m,-12.952323393400507,0.03259937671468871,6,271,0.08445945945945943,Fp1,1,parieto_occipital,clean-average,primary,1.2152239602326904,-26.557076147998337,0.9642699692025591,0.011455693466917933,-13.873909367740678
-12.308981580434912,,0.8754682435318227,0.9350764442381867,0.02965807955590366,0,True,,,,False,False,0.0,-13.992380697231761,-13.996228804748105,30,120,fixed,sub-019,think2,thinking,2,True,himalayan,htr,meditation,20.0,55.0,m,-12.952323393400507,0.03259937671468871,6,271,0.08445945945945943,Fp1,1,frontal,clean-average,primary,,,,,
-11.985706284353302,,1.1862131821157202,0.9545139821192634,0.03354266344625138,0,True,,,,False,False,0.0,-14.266623082717782,-14.273117374797888,30,120,fixed,sub-019,think2,thinking,2,True,himalayan,htr,meditation,20.0,55.0,m,-12.952323393400507,0.03259937671468871,6,271,0.08445945945945943,Fp1,1,central,clean-average,primary,,,,,
-12.667764905810065,,0.4782362849321653,0.871492902795639,0.024772289076103498,0,False,,,,False,False,0.0,-13.587344280188306,-13.5896905121355,30,120,fixed,sub-019,think2,thinking,2,True,himalayan,htr,meditation,20.0,55.0,m,-12.952323393400507,0.03259937671468871,6,271,0.08445945945945943,Fp1,1,temporal,clean-average,primary,,,,,
-10.980783838906886,,1.2609834275784741,0.9719061268999444,0.02521840122782159,0,True,,,,False,False,0.0,-13.405473031192708,-13.409773753958973,30,120,fixed,sub-020,med1breath,meditation,1,True,himalayan,htr,thinking,32.0,67.0,f,-12.33714909553377,0.18399814943822135,8,228,0.22972972972972971,Fp1;TP7,2,parieto_occipital,clean-average,primary,1.4009836620664562,-24.29784622886663,0.9643164904400905,0.013552315378539022,-13.249217387254424
-10.838685215067432,,1.3522129476806573,0.9803503538634226,0.024382422035668472,0,True,,,,False,False,0.0,-13.438795611606492,-13.435021024540285,30,120,fixed,sub-020,med1breath,meditation,1,True,himalayan,htr,thinking,32.0,67.0,f,-12.33714909553377,0.18399814943822135,8,228,0.22972972972972971,Fp1;TP7,2,frontal,clean-average,primary,,,,,
-11.008522297352647,,1.6145723583315814,0.9887761650295164,0.025343242432343774,1,True,,,,False,False,2.489523269917649e-06,-14.11311198647161,-14.122252902730828,30,120,fixed,sub-020,med1breath,meditation,1,True,himalayan,htr,thinking,32.0,67.0,f,-12.33714909553377,0.18399814943822135,8,228,0.22972972972972971,Fp1;TP7,2,central,clean-average,primary,,,,,
-11.560179430983597,,0.7862035879426635,0.9710197764891183,0.018410935137058167,0,True,,,,False,False,0.0,-13.071935494488468,-13.072146665000755,30,120,fixed,sub-020,med1breath,meditation,1,True,himalayan,htr,thinking,32.0,67.0,f,-12.33714909553377,0.18399814943822135,8,228,0.22972972972972971,Fp1;TP7,2,temporal,clean-average,primary,,,,,
-11.158146185439527,,1.080984855643352,0.9666903459222166,0.022233297767786195,0,True,,,,False,False,0.0,-13.236724094695969,-13.238109324777842,30,120,fixed,sub-020,think1,thinking,1,True,himalayan,htr,thinking,32.0,67.0,f,-12.274561341666242,0.1538605910443568,8,255,0.16118421052631582,Fp1,1,parieto_occipital,clean-average,primary,1.209587666105294,-24.752822229144787,0.9533492210576766,0.012754737956492429,-13.077608377865735
-10.886039713547063,,1.290622463403449,0.9869758493347963,0.018876988508646282,0,True,,,,False,False,0.0,-13.36772049530413,-13.361146177420565,30,120,fixed,sub-020,think1,thinking,1,True,himalayan,htr,thinking,32.0,67.0,f,-12.274561341666242,0.1538605910443568,8,255,0.16118421052631582,Fp1,1,frontal,clean-average,primary,,,,,
-10.665491246670864,,1.7733234906589368,0.9777392265309359,0.029518210946124106,1,True,,,,False,False,0.030188863537721274,-14.075336458105818,-14.04971884289162,30,120,fixed,sub-020,think1,thinking,1,True,himalayan,htr,thinking,32.0,67.0,f,-12.274561341666242,0.1538605910443568,8,255,0.16118421052631582,Fp1,1,central,clean-average,primary,,,,,
-11.608025048526924,,0.5367868456900324,0.9502340622925339,0.016036643982603876,0,True,,,,False,False,0.0,-12.6401887033699,-12.632803819522021,30,120,fixed,sub-020,think1,thinking,1,True,himalayan,htr,thinking,32.0,67.0,f,-12.274561341666242,0.1538605910443568,8,255,0.16118421052631582,Fp1,1,temporal,clean-average,primary,,,,,
-10.240147562576677,,1.7863087913790188,0.9739918845927363,0.033034752224447884,1,True,,,,False,False,0.02816123484760994,-13.674961633733307,-13.65173416366176,30,120,fixed,sub-020,med2,meditation,2,True,himalayan,htr,thinking,32.0,67.0,f,-12.674943201907794,0.11797881417986245,5,269,0.11803278688524588,Fp1;TP7,2,parieto_occipital,clean-average,primary,1.7532549505563904,-23.246966451477817,0.9751356147652777,-0.005684855088511837,-13.476625173637741
-10.56765362734877,,1.5285724340529474,0.9514545819010451,0.04422724233386004,0,True,,,,False,False,0.0,-13.506877870439439,-13.513558135058615,30,120,fixed,sub-020,med2,meditation,2,True,himalayan,htr,thinking,32.0,67.0,f,-12.674943201907794,0.11797881417986245,5,269,0.11803278688524588,Fp1;TP7,2,frontal,clean-average,primary,,,,,
-10.866982649388218,,1.7199174442486527,0.9679342442808266,0.045869342235235706,1,True,,,,False,False,4.129657951945678e-05,-14.17413573918094,-14.190069497977863,30,120,fixed,sub-020,med2,meditation,2,True,himalayan,htr,thinking,32.0,67.0,f,-12.674943201907794,0.11797881417986245,5,269,0.11803278688524588,Fp1;TP7,2,central,clean-average,primary,,,,,
-11.76758608184119,,0.6011707389675944,0.9316107583945311,0.021660647499609182,0,True,,,,False,False,0.0,-12.923550673931356,-12.919742297209302,30,120,fixed,sub-020,med2,meditation,2,True,himalayan,htr,thinking,32.0,67.0,f,-12.674943201907794,0.11797881417986245,5,269,0.11803278688524588,Fp1;TP7,2,temporal,clean-average,primary,,,,,
-11.30621034345917,,1.0091223871658948,0.9652615509757544,0.025420517003643856,5,True,106.86214528883427,0.046973767959402224,29.002333564180958,True,False,0.02204478739515795,-13.246607094393108,-13.225562103229592,30,120,fixed,sub-020,think2,thinking,2,True,himalayan,htr,thinking,32.0,67.0,f,-12.302059541496176,0.27843454693978076,10,35,0.8825503355704698,Fp1,1,parieto_occipital,clean-average,primary,1.1895195360514954,-24.796435387474503,0.9184328921633348,0.011721666918749818,-13.05574746294824
-11.457850771583935,,1.0032517292311969,0.9631475755970403,0.02890244911073982,3,True,76.21607369115094,0.07925973927388341,2.0000000000000004,False,True,0.004027071412673984,-13.386959094347803,-13.38102725597187,30,120,fixed,sub-020,think2,thinking,2,True,himalayan,htr,thinking,32.0,67.0,f,-12.302059541496176,0.27843454693978076,10,35,0.8825503355704698,Fp1,1,frontal,clean-average,primary,,,,,
-11.052395245036697,,1.5592589346908876,0.9570485164136517,0.04002951432720383,4,True,104.98563563585624,0.11203909650026134,7.56561766919195,True,False,0.019344312829529746,-14.050625201302175,-14.029223165158289,30,120,fixed,sub-020,think2,thinking,2,True,himalayan,htr,thinking,32.0,67.0,f,-12.302059541496176,0.27843454693978076,10,35,0.8825503355704698,Fp1,1,central,clean-average,primary,,,,,
-11.702910960606177,,0.4846903453851471,0.78242383314287,0.034720956070194244,6,False,102.10930364465318,0.1279609267752786,2.206969178825219,True,False,0.03930674067026256,-12.634900562021866,-12.602476786038817,30,120,fixed,sub-020,think2,thinking,2,True,himalayan,htr,thinking,32.0,67.0,f,-12.302059541496176,0.27843454693978076,10,35,0.8825503355704698,Fp1,1,temporal,clean-average,primary,,,,,
-10.481910145576109,,1.8261718748891278,0.9852942541270601,0.027256375186289976,0,True,,,,False,False,0.0,-13.99337517474236,-13.991172798786653,30,120,fixed,sub-021,med1breath,meditation,1,True,himalayan,htr,meditation,22.0,66.0,f,-13.457705875461636,0.4209184199536078,15,288,0.027027027027026973,F6;Fp1;O2;P8;PO4,5,parieto_occipital,clean-average,primary,1.9245333412541648,-23.316049769951366,0.976367679812436,0.022848541184024893,-13.834168968290543
-10.196710668136909,,1.862545535314547,0.9976599221276016,0.011814913348903625,0,True,,,,False,False,0.0,-13.778116998186674,-13.775397231731942,30,120,fixed,sub-021,med1breath,meditation,1,True,himalayan,htr,meditation,22.0,66.0,f,-13.457705875461636,0.4209184199536078,15,288,0.027027027027026973,F6;Fp1;O2;P8;PO4,5,frontal,clean-average,primary,,,,,
-10.407831170573004,,1.9971767456876062,0.9826523777575759,0.036319439294321354,0,True,,,,False,False,0.0,-14.248113893124446,-14.258929463482895,30,120,fixed,sub-021,med1breath,meditation,1,True,himalayan,htr,meditation,22.0,66.0,f,-13.457705875461636,0.4209184199536078,15,288,0.027027027027026973,F6;Fp1;O2;P8;PO4,5,central,clean-average,primary,,,,,
-11.02729985024502,,1.3807142893974191,0.9858267755725922,0.021493438570982838,0,True,,,,False,False,0.0,-13.68221421463557,-13.67001666236739,30,120,fixed,sub-021,med1breath,meditation,1,True,himalayan,htr,meditation,22.0,66.0,f,-13.457705875461636,0.4209184199536078,15,288,0.027027027027026973,F6;Fp1;O2;P8;PO4,5,temporal,clean-average,primary,,,,,
-10.319006136274702,,1.9099642738245146,0.9862044329512976,0.027999317300734402,0,True,,,,False,False,0.0,-13.991591858743398,-13.995639878807042,30,120,fixed,sub-021,think1,thinking,1,True,himalayan,htr,meditation,22.0,66.0,f,-13.601523725779947,0.37078780054482985,10,254,0.1505016722408027,F6;Fp1;O2;PO4,4,parieto_occipital,clean-average,primary,2.0290725144014568,-22.84680088772881,0.9768247449929964,0.025143393840071245,-13.832058533624036
-10.139347269035097,,1.8378600178245859,0.9959274268267443,0.01547166379048228,0,True,,,,False,False,0.0,-13.673286910661497,-13.673593266739257,30,120,fixed,sub-021,think1,thinking,1,True,himalayan,htr,meditation,22.0,66.0,f,-13.601523725779947,0.37078780054482985,10,254,0.1505016722408027,F6;Fp1;O2;PO4,4,frontal,clean-average,primary,,,,,
-10.28215106382591,,2.080592341891981,0.9857721971421596,0.03277941722748634,0,True,,,,False,False,0.0,-14.282829942394429,-14.295447283367894,30,120,fixed,sub-021,think1,thinking,1,True,himalayan,htr,meditation,22.0,66.0,f,-13.601523725779947,0.37078780054482985,10,254,0.1505016722408027,F6;Fp1;O2;PO4,4,central,clean-average,primary,,,,,
-10.552816583728863,,1.6993340829833,0.9938279383878174,0.017049337674121135,0,True,,,,False,False,0.0,-13.820390839645185,-13.816119132091409,30,120,fixed,sub-021,think1,thinking,1,True,himalayan,htr,meditation,22.0,66.0,f,-13.601523725779947,0.37078780054482985,10,254,0.1505016722408027,F6;Fp1;O2;PO4,4,temporal,clean-average,primary,,,,,
-10.416758598450077,,1.8691251852680555,0.9900322572001281,0.023257590980689212,0,True,,,,False,False,0.0,-14.010816646026322,-14.011248006408355,30,120,fixed,sub-021,med2,meditation,2,True,himalayan,htr,meditation,22.0,66.0,f,-13.440405867743939,0.4965226666662138,12,313,0.009493670886076,F6;Fp1;O2;P8;PO4,5,parieto_occipital,clean-average,primary,1.9375257066415856,-23.29542758945731,0.9806035506386787,0.023020674360466717,-13.849638798543822
-10.272880252305105,,1.7237260966472636,0.9970142561879429,0.013239137154530555,0,True,,,,False,False,0.0,-13.587356831135121,-13.581451097487935,30,120,fixed,sub-021,med2,meditation,2,True,himalayan,htr,meditation,22.0,66.0,f,-13.440405867743939,0.4965226666662138,12,313,0.009493670886076,F6;Fp1;O2;P8;PO4,5,frontal,clean-average,primary,,,,,
-10.222856083136566,,2.085893003798819,0.9880596690587989,0.029554680779328265,0,True,,,,False,False,0.0,-14.233727369754535,-14.24454524622522,30,120,fixed,sub-021,med2,meditation,2,True,himalayan,htr,meditation,22.0,66.0,f,-13.440405867743939,0.4965226666662138,12,313,0.009493670886076,F6;Fp1;O2;P8;PO4,5,central,clean-average,primary,,,,,
-10.872987162151599,,1.4590407510542849,0.9884836433194784,0.02134698794748702,0,True,,,,False,False,0.0,-13.678512011101887,-13.66670462567335,30,120,fixed,sub-021,med2,meditation,2,True,himalayan,htr,meditation,22.0,66.0,f,-13.440405867743939,0.4965226666662138,12,313,0.009493670886076,F6;Fp1;O2;P8;PO4,5,temporal,clean-average,primary,,,,,
-10.269304567170705,,1.9456514846157562,0.9917056729629768,0.022441419477901264,0,True,,,,False,False,0.0,-14.010511646919662,-14.013721741045998,30,120,fixed,sub-021,think2,thinking,2,True,himalayan,htr,meditation,22.0,66.0,f,-13.479336108050497,0.41793142990672383,11,294,0.01342281879194629,F6;Fp1;O2;PO4,4,parieto_occipital,clean-average,primary,2.0713368624330823,-22.70182344546983,0.9787905241248005,0.026487439094541303,-13.850263400566785
-9.874707018439072,,1.985514956841557,0.9974258063557211,0.013083835923689354,0,True,,,,False,False,0.0,-13.69256580364184,-13.695668547110882,30,120,fixed,sub-021,think2,thinking,2,True,himalayan,htr,meditation,22.0,66.0,f,-13.479336108050497,0.41793142990672383,11,294,0.01342281879194629,F6;Fp1;O2;PO4,4,frontal,clean-average,primary,,,,,
-10.18676220987064,,2.1189878538673126,0.9842238430615897,0.03748825229042291,0,True,,,,False,False,0.0,-14.261270118133588,-14.276504003511446,30,120,fixed,sub-021,think2,thinking,2,True,himalayan,htr,meditation,22.0,66.0,f,-13.479336108050497,0.41793142990672383,11,294,0.01342281879194629,F6;Fp1;O2;PO4,4,central,clean-average,primary,,,,,
-10.602908869904756,,1.6126355229658644,0.9939260651832491,0.01722011933529879,0,True,,,,False,False,0.0,-13.703774304068595,-13.694282207745525,30,120,fixed,sub-021,think2,thinking,2,True,himalayan,htr,meditation,22.0,66.0,f,-13.479336108050497,0.41793142990672383,11,294,0.01342281879194629,F6;Fp1;O2;PO4,4,temporal,clean-average,primary,,,,,
-11.79384635309091,,0.7646826751087538,0.9747521480344549,0.017039052799709787,4,True,80.97011468115866,0.09391623088846046,2.0000000000039893,False,True,0.06011773298210035,-13.26422080632616,-13.199066774049536,30,120,fixed,sub-022,med1breath,meditation,1,True,himalayan,htr,thinking,25.0,54.0,m,-12.782573226578512,0.10417223803532194,13,288,0.03355704697986572,Fp1,1,parieto_occipital,clean-average,primary,0.8559843167095907,-26.33920949534317,0.9171623871202851,0.061025219137312195,-13.066413191578851
-12.174848306887156,,0.6981253560043287,0.9714713624738172,0.017149902677120583,4,True,62.18316034033945,0.11287007752666867,4.259116722222066,True,False,0.05934153985437795,-13.517242638599376,-13.453384867413453,30,120,fixed,sub-022,med1breath,meditation,1,True,himalayan,htr,thinking,25.0,54.0,m,-12.782573226578512,0.10417223803532194,13,288,0.03355704697986572,Fp1,1,frontal,clean-average,primary,,,,,
-12.488045534108004,,0.7807654317988229,0.9676378886469592,0.018536739752519803,1,True,66.5959308017281,0.06695443116820599,29.999999997841226,False,True,0.03360737042536448,-13.989344807983805,-13.951258548298629,30,120,fixed,sub-022,med1breath,meditation,1,True,himalayan,htr,thinking,25.0,54.0,m,-12.782573226578512,0.10417223803532194,13,288,0.03355704697986572,Fp1,1,central,clean-average,primary,,,,,
-12.786894449497513,,0.19718666716056593,0.5500910501036366,0.024055183652717582,0,False,,,,False,False,0.0,-13.166055959688995,-13.154334755034274,30,120,fixed,sub-022,med1breath,meditation,1,True,himalayan,htr,thinking,25.0,54.0,m,-12.782573226578512,0.10417223803532194,13,288,0.03355704697986572,Fp1,1,temporal,clean-average,primary,,,,,
-12.370790144305502,,0.49607974725252485,0.9439232039309802,0.016308423201469233,1,True,69.99999999999999,0.057064111846527155,29.999999968609494,False,True,0.031829693166246814,-13.32467992221079,-13.287236220493156,30,120,fixed,sub-022,think1,thinking,1,True,himalayan,htr,thinking,25.0,54.0,m,-12.109359084762282,0.4984931931281241,17,287,0.03691275167785235,Fp1,1,parieto_occipital,clean-average,primary,0.6512115277770626,-27.43740923104316,0.8984677811716087,0.05222955675014532,-13.152051782961955
-12.803920398340722,,0.3795869650171617,0.7881138416786113,0.025581657910968652,0,False,,,,False,False,0.0,-13.533811363979456,-13.519455501069464,30,120,fixed,sub-022,think1,thinking,1,True,himalayan,htr,thinking,25.0,54.0,m,-12.109359084762282,0.4984931931281241,17,287,0.03691275167785235,Fp1,1,frontal,clean-average,primary,,,,,
-12.785460401084052,,0.6252978614282159,0.9578326520676503,0.016763850831224947,0,True,,,,False,False,0.0,-13.98781796852328,-13.981434496827376,30,120,fixed,sub-022,think1,thinking,1,True,himalayan,htr,thinking,25.0,54.0,m,-12.109359084762282,0.4984931931281241,17,287,0.03691275167785235,Fp1,1,central,clean-average,primary,,,,,
-12.756228846133757,,0.4211541911538158,0.9204309104032152,0.016144976080846012,0,True,,,,False,False,0.0,-13.566047590173504,-13.55708442417245,30,120,fixed,sub-022,think1,thinking,1,True,himalayan,htr,thinking,25.0,54.0,m,-12.109359084762282,0.4984931931281241,17,287,0.03691275167785235,Fp1,1,temporal,clean-average,primary,,,,,
-11.942000950650515,,0.4956972266519298,0.9374852261879953,0.018610215877478117,1,True,65.5959308017281,0.07291516640873752,29.999998982637926,False,True,0.03529816990219992,-12.895155196632224,-12.851517136629647,30,120,fixed,sub-022,med2,meditation,2,True,himalayan,htr,thinking,25.0,54.0,m,-12.291436017990312,0.284728551896164,17,250,0.1610738255033557,Fp1,1,parieto_occipital,clean-average,primary,0.6380419251219797,-26.508185793864534,0.8612506833658211,0.040139669767618104,-12.72130096916674
-12.40248495156091,,0.36877839268583573,0.8857695226269733,0.019627215075154334,4,False,61.045168413721086,0.12440626054796766,2.3319389241658843,True,False,0.04756336294149847,-13.111592592103822,-13.061913443636504,30,120,fixed,sub-022,med2,meditation,2,True,himalayan,htr,thinking,25.0,54.0,m,-12.291436017990312,0.284728551896164,17,250,0.1610738255033557,Fp1,1,frontal,clean-average,primary,,,,,
-12.731475847402496,,0.5264726044423985,0.9104890308656808,0.022148041450883598,0,True,,,,False,False,0.0,-13.743806704499832,-13.732027595723162,30,120,fixed,sub-022,med2,meditation,2,True,himalayan,htr,thinking,25.0,54.0,m,-12.291436017990312,0.284728551896164,17,250,0.1610738255033557,Fp1,1,central,clean-average,primary,,,,,
-12.428058735693696,,0.2883116349289553,0.7218408054503873,0.023479525199138207,0,False,,,,False,False,0.0,-12.98244041108569,-12.971435297530318,30,120,fixed,sub-022,med2,meditation,2,True,himalayan,htr,thinking,25.0,54.0,m,-12.291436017990312,0.284728551896164,17,250,0.1610738255033557,Fp1,1,temporal,clean-average,primary,,,,,
-11.78371092281034,,0.6650467839818217,0.9674658830046391,0.015699371170574822,4,True,81.37311262079915,0.10250723761030933,2.0000000000000004,False,True,0.05003063060108701,-13.062499933211367,-13.007847553139172,30,120,fixed,sub-022,think2,thinking,2,True,himalayan,htr,thinking,25.0,54.0,m,-12.351790738577854,0.2935877845937791,12,288,0.04635761589403975,Fp1,1,parieto_occipital,clean-average,primary,0.7601514951575883,-26.316463022150902,0.915562038105052,0.04887607797372165,-12.873308993062453
-12.33033910623899,,0.5315572367346714,0.9450517147119216,0.018391840215415543,4,True,61.9054366737666,0.11045859665642688,2.0000000000004867,False,True,0.05656085981167199,-13.352446977606446,-13.291415842436553,30,120,fixed,sub-022,think2,thinking,2,True,himalayan,htr,thinking,25.0,54.0,m,-12.351790738577854,0.2935877845937791,12,288,0.04635761589403975,Fp1,1,frontal,clean-average,primary,,,,,
-12.70836081155587,,0.5382150181000434,0.9279520706426,0.020577663230791125,0,True,,,,False,False,0.0,-13.743270635881755,-13.730738394847727,30,120,fixed,sub-022,think2,thinking,2,True,himalayan,htr,thinking,25.0,54.0,m,-12.351790738577854,0.2935877845937791,12,288,0.04635761589403975,Fp1,1,central,clean-average,primary,,,,,
-12.829414143534509,,0.01915574291868912,0.4194204785378227,0.01869208232048077,1,False,67.49999999999999,0.059658306814617035,29.999999636034616,False,True,0.030876357127447823,-12.866247873311867,-12.83029035636579,30,120,fixed,sub-022,think2,thinking,2,True,himalayan,htr,thinking,25.0,54.0,m,-12.351790738577854,0.2935877845937791,12,288,0.04635761589403975,Fp1,1,temporal,clean-average,primary,,,,,
-11.046275143493444,,1.3139504573261858,0.9871940145472813,0.02130586502421887,1,True,,,,False,False,6.077231666897286e-162,-13.572812291722187,-13.562996453806397,30,120,fixed,sub-023,med1breath,meditation,1,True,himalayan,htr,meditation,56.0,56.0,m,-12.936525627777606,0.4942725203612235,20,267,0.11589403973509937,Fp1,1,parieto_occipital,clean-average,primary,1.4376431650596975,-24.55064916108659,0.9824484356998118,0.03255549148098912,-13.417288475160191
-11.516884540197317,,0.9952634082749818,0.987835887265888,0.015794232516049764,2,True,70.53296845294989,0.08190422969617472,29.99999901874799,False,True,0.04633738194300668,-13.43063247434431,-13.38175216817604,30,120,fixed,sub-023,med1breath,meditation,1,True,himalayan,htr,meditation,56.0,56.0,m,-12.936525627777606,0.4942725203612235,20,267,0.11589403973509937,Fp1,1,frontal,clean-average,primary,,,,,
-11.726542270911679,,1.3039522906218213,0.9925613031673535,0.016547949140947107,1,True,,,,False,False,1.1563178558371818e-40,-14.233854387137185,-14.228487242689756,30,120,fixed,sub-023,med1breath,meditation,1,True,himalayan,htr,meditation,56.0,56.0,m,-12.936525627777606,0.4942725203612235,20,267,0.11589403973509937,Fp1,1,central,clean-average,primary,,,,,
-11.556731254012515,,1.0044097142095243,0.9669582286025011,0.025085574175312274,0,True,,,,False,False,0.0,-13.488066214811726,-13.477366957146527,30,120,fixed,sub-023,med1breath,meditation,1,True,himalayan,htr,meditation,56.0,56.0,m,-12.936525627777606,0.4942725203612235,20,267,0.11589403973509937,Fp1,1,temporal,clean-average,primary,,,,,
-10.571823964909829,,1.5848335867343837,0.993373764136118,0.017705650693305364,2,True,69.40407039439734,0.07702070689906648,29.999999975660252,False,True,0.042256329161324595,-13.619230287057782,-13.575175701289032,30,120,fixed,sub-023,think1,thinking,1,True,himalayan,htr,meditation,56.0,56.0,m,-13.37443315851266,0.2624619051345589,14,299,0.026058631921824116,Fp1,1,parieto_occipital,clean-average,primary,1.7017728662789942,-23.416627709519567,0.9805150791281001,0.043468612185321116,-13.431460054666033
-11.254511914070731,,1.2304318511176762,0.9847083820948751,0.020084868962603343,3,True,62.99999990362882,0.06404232612308469,8.881731671817766,True,False,0.04065727663790605,-13.620454832907072,-13.576462480034818,30,120,fixed,sub-023,think1,thinking,1,True,himalayan,htr,meditation,56.0,56.0,m,-13.37443315851266,0.2624619051345589,14,299,0.026058631921824116,Fp1,1,frontal,clean-average,primary,,,,,
-10.99105131488289,,1.7133182793650998,0.9747601112125877,0.029498816957609687,0,True,,,,False,False,0.0,-14.285515162754336,-14.284943261371195,30,120,fixed,sub-023,think1,thinking,1,True,himalayan,htr,meditation,56.0,56.0,m,-13.37443315851266,0.2624619051345589,14,299,0.026058631921824116,Fp1,1,central,clean-average,primary,,,,,
-11.19608362912712,,1.2940529198592887,0.9695397541566912,0.03256704764276464,1,True,,,,False,False,8.220323549737502e-172,-13.684360683690917,-13.668461206270464,30,120,fixed,sub-023,think1,thinking,1,True,himalayan,htr,meditation,56.0,56.0,m,-13.37443315851266,0.2624619051345589,14,299,0.026058631921824116,Fp1,1,temporal,clean-average,primary,,,,,
-10.671986670434896,,1.4171066543391262,0.9791522971910949,0.027760636545949686,0,True,,,,False,False,0.0,-13.39687830179503,-13.380736441373118,30,120,fixed,sub-023,med2,meditation,2,True,himalayan,htr,meditation,56.0,56.0,m,-12.924931510089136,0.37997485346832705,21,219,0.2601351351351351,Fp1,1,parieto_occipital,clean-average,primary,1.507489489383581,-23.839829816438133,0.9788053585340164,0.04506325799432515,-13.239120989086121
-11.210314739735416,,1.1800223849949834,0.9878930787096796,0.01757127546833685,2,True,73.9999999803111,0.08630948703277141,29.99999968401373,False,True,0.05320994471603606,-13.479327528465834,-13.422120957450948,30,120,fixed,sub-023,med2,meditation,2,True,himalayan,htr,meditation,56.0,56.0,m,-12.924931510089136,0.37997485346832705,21,219,0.2601351351351351,Fp1,1,frontal,clean-average,primary,,,,,
-11.603587379319897,,1.3228599085064885,0.9908352915818887,0.01903474520383419,1,True,,,,False,False,3.354217220974806e-44,-14.14725611668265,-14.138121554002785,30,120,fixed,sub-023,med2,meditation,2,True,himalayan,htr,meditation,56.0,56.0,m,-12.924931510089136,0.37997485346832705,21,219,0.2601351351351351,Fp1,1,central,clean-average,primary,,,,,
-10.995040884534045,,1.281972852871,0.9900418985251601,0.018362928819061642,2,True,75.49999999999997,0.05547982650970518,29.999999927851743,False,True,0.037045545122065274,-13.460089713232225,-13.42257513987982,30,120,fixed,sub-023,med2,meditation,2,True,himalayan,htr,meditation,56.0,56.0,m,-12.924931510089136,0.37997485346832705,21,219,0.2601351351351351,Fp1,1,temporal,clean-average,primary,,,,,
-10.83325418388141,,1.4754590604414533,0.9903384973344371,0.019986039826396327,1,True,,,,False,False,4.839638355074611e-162,-13.670349072894096,-13.661141945488412,30,120,fixed,sub-023,think2,thinking,2,True,himalayan,htr,meditation,56.0,56.0,m,-13.337728953855182,0.18916166835664916,18,334,0.05915492957746482,Fp1,1,parieto_occipital,clean-average,primary,1.6287313650128383,-23.920384439932068,0.9797531680197669,0.03955829494588953,-13.513185508521278
-11.373162292579256,,1.1457632262135249,0.9875331844711003,0.018659401506412755,2,True,61.487225169348264,0.06065388571709285,28.777309818147078,True,False,0.023725841694035736,-13.576299662000062,-13.551016867510466,30,120,fixed,sub-023,think2,thinking,2,True,himalayan,htr,meditation,56.0,56.0,m,-13.337728953855182,0.18916166835664916,18,334,0.05915492957746482,Fp1,1,frontal,clean-average,primary,,,,,
-11.299604602389245,,1.5667928679267003,0.9960854625181688,0.014224023845404775,1,True,,,,False,False,1.938261958593686e-33,-14.312321225245856,-14.316382200063613,30,120,fixed,sub-023,think2,thinking,2,True,himalayan,htr,meditation,56.0,56.0,m,-13.337728953855182,0.18916166835664916,18,334,0.05915492957746482,Fp1,1,central,clean-average,primary,,,,,
-11.461968635323975,,1.1948658159208538,0.9800284404534932,0.025257943598754707,1,True,,,,False,False,1.7602036747199587e-67,-13.759523200064502,-13.751246929335878,30,120,fixed,sub-023,think2,thinking,2,True,himalayan,htr,meditation,56.0,56.0,m,-13.337728953855182,0.18916166835664916,18,334,0.05915492957746482,Fp1,1,temporal,clean-average,primary,,,,,
-11.463295147431097,,1.1844935059227437,0.9916421231731175,0.013910448781656311,0,True,,,,False,False,0.0,-13.740905256597172,-13.739947604367764,30,120,fixed,sub-024,med1breath,meditation,1,True,himalayan,htr,meditation,,70.0,m,-12.779178542956336,0.19143254109361751,10,171,0.4337748344370861,FT8;Fp1,2,parieto_occipital,clean-average,primary,1.253013115963868,-25.72186768937458,0.9853125174050129,0.011094529163773521,-13.579164290415214
-11.51684797310292,,1.081131998201437,0.9758307569982687,0.022913879898732434,0,True,,,,False,False,0.0,-13.595708816268335,-13.584371036163029,30,120,fixed,sub-024,med1breath,meditation,1,True,himalayan,htr,meditation,,70.0,m,-12.779178542956336,0.19143254109361751,10,171,0.4337748344370861,FT8;Fp1,2,frontal,clean-average,primary,,,,,
-11.24043132059662,,1.449523241934806,0.9918926922192293,0.016583568677856975,0,True,,,,False,False,0.0,-14.027655372728512,-14.033357839084806,30,120,fixed,sub-024,med1breath,meditation,1,True,himalayan,htr,meditation,,70.0,m,-12.779178542956336,0.19143254109361751,10,171,0.4337748344370861,FT8;Fp1,2,central,clean-average,primary,,,,,
-11.725038180712316,,0.6459154818613846,0.9601652851475996,0.017862401207336995,4,True,76.37156549238131,0.09351675155186712,2.000000045077218,False,True,0.052197382891753914,-12.967040457464622,-12.910764597334223,30,120,fixed,sub-024,med1breath,meditation,1,True,himalayan,htr,meditation,,70.0,m,-12.779178542956336,0.19143254109361751,10,171,0.4337748344370861,FT8;Fp1,2,temporal,clean-average,primary,,,,,
-11.523405742568093,,1.0872759893124213,0.9706132858402114,0.025003134717294217,2,True,83.93698542385746,0.05321831984544367,2.0000000007778054,False,True,0.026324463326830354,-13.614080594164141,-13.592985617761864,30,120,fixed,sub-024,think1,thinking,1,True,himalayan,htr,meditation,,70.0,m,-12.353211616084755,0.25840325199609293,9,55,0.8148148148148149,Fp1,1,parieto_occipital,clean-average,primary,1.1949447611129949,-25.658638758705496,0.9667246467181648,0.01731812015324147,-13.435744217986848
-11.61058537541932,,0.9746106754252972,0.9712501805205831,0.02215308284439338,4,True,78.41728782778031,0.07562884392239688,6.974884029906636,True,False,0.04532660810435515,-13.484621084142416,-13.435514696534186,30,120,fixed,sub-024,think1,thinking,1,True,himalayan,htr,meditation,,70.0,m,-12.353211616084755,0.25840325199609293,9,55,0.8148148148148149,Fp1,1,frontal,clean-average,primary,,,,,
-11.250524353588078,,1.4605341912239078,0.9768299572593131,0.02751839453398151,3,True,76.9454589958743,0.09884231759918904,2.441245046430516,True,False,0.03130487898415762,-14.058920872505958,-14.030480859064271,30,120,fixed,sub-024,think1,thinking,1,True,himalayan,htr,meditation,,70.0,m,-12.353211616084755,0.25840325199609293,9,55,0.8148148148148149,Fp1,1,central,clean-average,primary,,,,,
-11.5969917643914,,0.6726590212240697,0.9043559811534265,0.03128415892112671,6,True,67.35339174463849,0.14084205316600773,2.0000000003761804,False,True,0.0708436745965868,-12.890418008689966,-12.81619335378132,30,120,fixed,sub-024,think1,thinking,1,True,himalayan,htr,meditation,,70.0,m,-12.353211616084755,0.25840325199609293,9,55,0.8148148148148149,Fp1,1,temporal,clean-average,primary,,,,,
-11.686932080051594,,1.0478071634433355,0.9859865287998831,0.016723080026048907,0,True,,,,False,False,0.0,-13.701714074196888,-13.69788568091644,30,120,fixed,sub-024,med2,meditation,2,True,himalayan,htr,meditation,,70.0,m,-12.941388810743875,0.08428716401913916,8,233,0.21812080536912748,FT8;Fp1,2,parieto_occipital,clean-average,primary,1.122064384535551,-26.23160551773173,0.9869648656625969,0.013405569962776498,-13.546841826409377
-11.771123337919493,,0.8919283981677747,0.9688602815890672,0.02093232549228651,0,True,,,,False,False,0.0,-13.486172957154574,-13.474123234718407,30,120,fixed,sub-024,med2,meditation,2,True,himalayan,htr,meditation,,70.0,m,-12.941388810743875,0.08428716401913916,8,233,0.21812080536912748,FT8;Fp1,2,frontal,clean-average,primary,,,,,
-11.408195591527837,,1.3814070879289297,0.988189689996893,0.017987253931990434,0,True,,,,False,False,0.0,-14.064442107535168,-14.06726002353684,30,120,fixed,sub-024,med2,meditation,2,True,himalayan,htr,meditation,,70.0,m,-12.941388810743875,0.08428716401913916,8,233,0.21812080536912748,FT8;Fp1,2,central,clean-average,primary,,,,,
-11.643693358025946,,0.7136788210587767,0.9738683255412297,0.01571815314576372,5,True,77.94850409038844,0.11113362399590443,2.000000000101006,False,True,0.059571049588199226,-13.015994758931404,-12.951526013911788,30,120,fixed,sub-024,med2,meditation,2,True,himalayan,htr,meditation,,70.0,m,-12.941388810743875,0.08428716401913916,8,233,0.21812080536912748,FT8;Fp1,2,temporal,clean-average,primary,,,,,
-10.845249813511332,,1.5824264711586915,0.9613490239421725,0.041544968977765134,0,True,,,,False,False,0.0,-13.888027599713993,-13.900918939913709,30,120,fixed,sub-025,med1breath,meditation,1,False,control,ctr,thinking,0.0,25.0,f,-13.33590447337759,0.014506343065168292,5,268,0.10067114093959728,Fp1,1,parieto_occipital,clean-average,primary,1.6846168799165688,-24.125338993265917,0.9712209191870883,0.0020277407436361597,-13.727599666702456
-11.353440416761964,,1.2577889871941945,0.990378618960314,0.015732100017558065,0,True,,,,False,False,0.0,-13.771987161093465,-13.770890734133241,30,120,fixed,sub-025,med1breath,meditation,1,False,control,ctr,thinking,0.0,25.0,f,-13.33590447337759,0.014506343065168292,5,268,0.10067114093959728,Fp1,1,frontal,clean-average,primary,,,,,
-11.068920529907656,,1.7061709740475983,0.9615729362875336,0.04738363547766407,0,True,,,,False,False,0.0,-14.349641140890895,-14.3664958876688,30,120,fixed,sub-025,med1breath,meditation,1,False,control,ctr,thinking,0.0,25.0,f,-13.33590447337759,0.014506343065168292,5,268,0.10067114093959728,Fp1,1,central,clean-average,primary,,,,,
-11.390531650415724,,1.114669944167035,0.982742524207162,0.019755739777487482,0,True,,,,False,False,0.0,-13.533881124704873,-13.523641142960827,30,120,fixed,sub-025,med1breath,meditation,1,False,control,ctr,thinking,0.0,25.0,f,-13.33590447337759,0.014506343065168292,5,268,0.10067114093959728,Fp1,1,temporal,clean-average,primary,,,,,
-10.843519851137039,,1.6269948105707301,0.9825419005973933,0.028797918290827125,0,True,,,,False,False,0.0,-13.971996123558526,-13.979008890969995,30,120,fixed,sub-025,think1,thinking,1,False,control,ctr,thinking,0.0,25.0,f,-12.997542570949152,0.08847767866597356,6,292,0.0331125827814569,Fp1,1,parieto_occipital,clean-average,primary,1.7127313729362932,-24.204804363371508,0.9812110486836463,0.005041392399584785,-13.81299874753729
-11.139057365745675,,1.399104897316585,0.9911084315129133,0.01788671718743431,0,True,,,,False,False,0.0,-13.829334215705762,-13.817735675601243,30,120,fixed,sub-025,think1,thinking,1,False,control,ctr,thinking,0.0,25.0,f,-12.997542570949152,0.08847767866597356,6,292,0.0331125827814569,Fp1,1,frontal,clean-average,primary,,,,,
-11.001618421035042,,1.7401960183782612,0.9886699875501224,0.024094559792199655,0,True,,,,False,False,0.0,-14.34776428301784,-14.358244581556857,30,120,fixed,sub-025,think1,thinking,1,False,control,ctr,thinking,0.0,25.0,f,-12.997542570949152,0.08847767866597356,6,292,0.0331125827814569,Fp1,1,central,clean-average,primary,,,,,
-11.113641934703072,,1.2764833916445808,0.9906107358011007,0.01634030332732552,3,True,63.068326502278865,0.08332308549553602,25.75048918566364,True,False,0.04961369352300511,-13.56813532150086,-13.515376336368428,30,120,fixed,sub-025,think1,thinking,1,False,control,ctr,thinking,0.0,25.0,f,-12.997542570949152,0.08847767866597356,6,292,0.0331125827814569,Fp1,1,temporal,clean-average,primary,,,,,
-10.391781327001269,,1.8511190565067408,0.9688266366965718,0.04512957829834804,0,True,,,,False,False,0.0,-13.951216186954577,-13.963271015283308,30,120,fixed,sub-025,med2,meditation,2,False,control,ctr,thinking,0.0,25.0,f,-12.960051177048797,0.06346054982774196,5,273,0.08080808080808077,Fp1,1,parieto_occipital,clean-average,primary,1.8879862383284212,-23.362830534148177,0.9819415472571655,0.008690036570129855,-13.788007063959933
-10.9991334131246,,1.4802356086305788,0.9924949449229796,0.016416561539152014,0,True,,,,False,False,0.0,-13.845412915128472,-13.837413778786095,30,120,fixed,sub-025,med2,meditation,2,False,control,ctr,thinking,0.0,25.0,f,-12.960051177048797,0.06346054982774196,5,273,0.08080808080808077,Fp1,1,frontal,clean-average,primary,,,,,
-10.581992264834184,,2.0153276033630885,0.9679457460176596,0.05056121920550273,0,True,,,,False,False,0.0,-14.457176467828532,-14.475446059064378,30,120,fixed,sub-025,med2,meditation,2,False,control,ctr,thinking,0.0,25.0,f,-12.960051177048797,0.06346054982774196,5,273,0.08080808080808077,Fp1,1,central,clean-average,primary,,,,,
-11.514032294539195,,1.193046732473807,0.9827762964914807,0.020351822329903277,0,True,,,,False,False,0.0,-13.808089024274551,-13.801100889954888,30,120,fixed,sub-025,med2,meditation,2,False,control,ctr,thinking,0.0,25.0,f,-12.960051177048797,0.06346054982774196,5,273,0.08080808080808077,Fp1,1,temporal,clean-average,primary,,,,,
-10.897813735621593,,1.5761891090467166,0.9834801431381981,0.0261971604286304,0,True,,,,False,False,0.0,-13.928597974430597,-13.93290539979098,30,120,fixed,sub-025,think2,thinking,2,False,control,ctr,thinking,0.0,25.0,f,-12.724140794082958,0.11333080605126566,4,276,0.07999999999999996,Fp1,1,parieto_occipital,clean-average,primary,1.6757437262343415,-24.270788113316005,0.9833778453697253,0.00813303039510139,-13.768862158116074
-11.073972727971919,,1.3771287969941826,0.9914098575481306,0.017675990431070827,0,True,,,,False,False,0.0,-13.721992707797998,-13.710028732345998,30,120,fixed,sub-025,think2,thinking,2,False,control,ctr,thinking,0.0,25.0,f,-12.724140794082958,0.11333080605126566,4,276,0.07999999999999996,Fp1,1,frontal,clean-average,primary,,,,,
-10.794556888344042,,1.8741809318260716,0.9868914410749178,0.028729739705361097,0,True,,,,False,False,0.0,-14.398336407091167,-14.408693803609593,30,120,fixed,sub-025,think2,thinking,2,False,control,ctr,thinking,0.0,25.0,f,-12.724140794082958,0.11333080605126566,4,276,0.07999999999999996,Fp1,1,central,clean-average,primary,,,,,
-10.962602759174525,,1.4363033012006905,0.9901407472785758,0.019714535118311595,2,True,67.49999951956683,0.0731434668523665,29.999999999999968,False,True,0.03785542861463145,-13.724406772692403,-13.685446576918997,30,120,fixed,sub-025,think2,thinking,2,False,control,ctr,thinking,0.0,25.0,f,-12.724140794082958,0.11333080605126566,4,276,0.07999999999999996,Fp1,1,temporal,clean-average,primary,,,,,
-10.961855342825253,,1.6218977063413342,0.9635614398626736,0.042151733589320575,0,True,,,,False,False,0.0,-14.080530619241022,-14.091120841981292,30,120,fixed,sub-026,med1breath,meditation,1,False,control,ctr,meditation,0.0,27.0,m,-14.244549834160312,0.0,6,353,0.0028248587570621764,FC2;Fp1,2,parieto_occipital,clean-average,primary,1.7504161694160534,-24.280375779942933,0.9605056730792645,0.003847024366066213,-13.92182336105808
-10.754696098741773,,1.8531420782723833,0.9842925501424321,0.030248475581161456,0,True,,,,False,False,0.0,-14.318020937661995,-14.32877720981432,30,120,fixed,sub-026,med1breath,meditation,1,False,control,ctr,meditation,0.0,27.0,m,-14.244549834160312,0.0,6,353,0.0028248587570621764,FC2;Fp1,2,frontal,clean-average,primary,,,,,
-10.515484847672404,,2.0306563434702936,0.9808457276762346,0.03695060911137134,0,True,,,,False,False,0.0,-14.420144006210515,-14.43269147226973,30,120,fixed,sub-026,med1breath,meditation,1,False,control,ctr,meditation,0.0,27.0,m,-14.244549834160312,0.0,6,353,0.0028248587570621764,FC2;Fp1,2,central,clean-average,primary,,,,,
-11.170227990129767,,1.5707294374863092,0.9797234697330195,0.02678317691642585,0,True,,,,False,False,0.0,-14.190514068267962,-14.194913821446848,30,120,fixed,sub-026,med1breath,meditation,1,False,control,ctr,meditation,0.0,27.0,m,-14.244549834160312,0.0,6,353,0.0028248587570621764,FC2;Fp1,2,temporal,clean-average,primary,,,,,
-11.29547183455011,,1.3828633190861348,0.939086656990812,0.046629077116645164,0,True,,,,False,False,0.0,-13.954518472962802,-13.964388909233136,30,120,fixed,sub-026,think1,thinking,1,False,control,ctr,meditation,0.0,27.0,m,-13.170165313389576,0.017389473204604267,7,270,0.08783783783783783,Fp1,1,parieto_occipital,clean-average,primary,1.5392355755440517,-24.930766675275937,0.9486863969329955,0.0013642692396045187,-13.797837467751197
-11.07272621015141,,1.5815932624416709,0.9764379893791476,0.032222838442818945,0,True,,,,False,False,0.0,-14.113901856209406,-14.123800346612859,30,120,fixed,sub-026,think1,thinking,1,False,control,ctr,meditation,0.0,27.0,m,-13.170165313389576,0.017389473204604267,7,270,0.08783783783783783,Fp1,1,frontal,clean-average,primary,,,,,
-10.713652535670969,,1.892969247457405,0.9675752097194656,0.044048554974680264,0,True,,,,False,False,0.0,-14.353559274535511,-14.366621846639855,30,120,fixed,sub-026,think1,thinking,1,False,control,ctr,meditation,0.0,27.0,m,-13.170165313389576,0.017389473204604267,7,270,0.08783783783783783,Fp1,1,central,clean-average,primary,,,,,
-11.438065364378598,,1.3479240725218151,0.9655810390123307,0.0308126862693294,0,True,,,,False,False,0.0,-14.029928872800594,-14.033519515355405,30,120,fixed,sub-026,think1,thinking,1,False,control,ctr,meditation,0.0,27.0,m,-13.170165313389576,0.017389473204604267,7,270,0.08783783783783783,Fp1,1,temporal,clean-average,primary,,,,,
-10.821645022682313,,1.7159482765370926,0.9537965291329866,0.050591042813918054,0,True,,,,False,False,0.0,-14.121165975650626,-14.135306290867002,30,120,fixed,sub-026,med2,meditation,2,False,control,ctr,meditation,0.0,27.0,m,-14.225314517533812,0.0,8,296,0.013333333333333308,FC2;Fp1,2,parieto_occipital,clean-average,primary,1.8607704006012422,-23.888350661930595,0.9608213751058852,-0.0007293593778743124,-13.965782411202815
-10.899774257366754,,1.7539900083755344,0.9702549305574917,0.04098604912921738,0,True,,,,False,False,0.0,-14.272443971870844,-14.286963177682965,30,120,fixed,sub-026,med2,meditation,2,False,control,ctr,meditation,0.0,27.0,m,-14.225314517533812,0.0,8,296,0.013333333333333308,FC2;Fp1,2,frontal,clean-average,primary,,,,,
-10.447832034620397,,2.079859102135269,0.9672311743455286,0.04993674291695676,0,True,,,,False,False,0.0,-14.447100998931067,-14.465858819998942,30,120,fixed,sub-026,med2,meditation,2,False,control,ctr,meditation,0.0,27.0,m,-14.225314517533812,0.0,8,296,0.013333333333333308,FC2;Fp1,2,central,clean-average,primary,,,,,
-11.254995149296608,,1.5120220874197452,0.9709676271391539,0.0324742481187267,0,True,,,,False,False,0.0,-14.162395463751535,-14.166306881626978,30,120,fixed,sub-026,med2,meditation,2,False,control,ctr,meditation,0.0,27.0,m,-14.225314517533812,0.0,8,296,0.013333333333333308,FC2;Fp1,2,temporal,clean-average,primary,,,,,
-11.453383211132454,,1.2552894629207798,0.919369129500289,0.04942788605338886,0,True,,,,False,False,0.0,-13.867123730925986,-13.877601822486639,30,120,fixed,sub-026,think2,thinking,2,False,control,ctr,meditation,0.0,27.0,m,-12.786490517466135,0.049131484845351014,12,275,0.07407407407407407,Fp1,1,parieto_occipital,clean-average,primary,1.3766204167759195,-25.418213628167805,0.9330457168602939,-0.00328650588310999,-13.699331047767279
-11.572124267977728,,1.2665424385766122,0.9489984521826087,0.0376875392792954,0,True,,,,False,False,0.0,-14.007502636340092,-14.014225928775396,30,120,fixed,sub-026,think2,thinking,2,False,control,ctr,meditation,0.0,27.0,m,-12.786490517466135,0.049131484845351014,12,275,0.07407407407407407,Fp1,1,frontal,clean-average,primary,,,,,
-11.056906595322934,,1.6380946690594493,0.9545676629506353,0.045959313351513105,0,True,,,,False,False,0.0,-14.206726294093153,-14.221225042492245,30,120,fixed,sub-026,think2,thinking,2,False,control,ctr,meditation,0.0,27.0,m,-12.786490517466135,0.049131484845351014,12,275,0.07407407407407407,Fp1,1,central,clean-average,primary,,,,,
-11.847664872299429,,1.0113574615297847,0.9450380195734764,0.030973067423777603,0,True,,,,False,False,0.0,-13.792359348751056,-13.795294037664679,30,120,fixed,sub-026,think2,thinking,2,False,control,ctr,meditation,0.0,27.0,m,-12.786490517466135,0.049131484845351014,12,275,0.07407407407407407,Fp1,1,temporal,clean-average,primary,,,,,
-12.21278797655108,,0.6822469671050116,0.9688841930737145,0.016716345996990175,0,True,,,,False,False,0.0,-13.52465045739749,-13.516498082364901,30,120,fixed,sub-027,med1breath,meditation,1,False,control,ctr,thinking,0.0,25.0,m,-12.904194022274796,0.12282892173204896,6,245,0.18333333333333335,Fp1;PO4,2,parieto_occipital,clean-average,primary,0.8065357622691035,-27.242227992875428,0.9471279834583323,0.02898573728719675,-13.371027502881688
-11.958667065483967,,0.8783710076409798,0.9819166018558597,0.01589056027645052,0,True,,,,False,False,0.0,-13.647647778842114,-13.641433217074107,30,120,fixed,sub-027,med1breath,meditation,1,False,control,ctr,thinking,0.0,25.0,m,-12.904194022274796,0.12282892173204896,6,245,0.18333333333333335,Fp1;PO4,2,frontal,clean-average,primary,,,,,
-12.143319093782374,,1.0183871853311257,0.9864156837041641,0.015897273631118394,0,True,,,,False,False,0.0,-14.101530714831682,-14.096032648985023,30,120,fixed,sub-027,med1breath,meditation,1,False,control,ctr,thinking,0.0,25.0,m,-12.904194022274796,0.12282892173204896,6,245,0.18333333333333335,Fp1;PO4,2,central,clean-average,primary,,,,,
-12.197049468383476,,0.6306131932724219,0.9560306761647691,0.019078348221448924,0,True,,,,False,False,0.0,-13.409627652045081,-13.404409844466464,30,120,fixed,sub-027,med1breath,meditation,1,False,control,ctr,thinking,0.0,25.0,m,-12.904194022274796,0.12282892173204896,6,245,0.18333333333333335,Fp1;PO4,2,temporal,clean-average,primary,,,,,
-12.343578242344853,,0.6603361978854595,0.9619650935937895,0.016579689334561824,0,True,,,,False,False,0.0,-13.613309475341842,-13.601861406650357,30,120,fixed,sub-027,think1,thinking,1,False,control,ctr,thinking,0.0,25.0,m,-13.13896879970884,0.06835015217208051,7,269,0.08813559322033904,Fp1;PO4,2,parieto_occipital,clean-average,primary,0.790735458328294,-27.51913489544459,0.9567924567537179,0.03436178510046603,-13.463343425182122
-11.888743983675408,,0.9722255377412204,0.9890001827528757,0.013577093597294181,0,True,,,,False,False,0.0,-13.758193416767744,-13.754128480205324,30,120,fixed,sub-027,think1,thinking,1,False,control,ctr,thinking,0.0,25.0,m,-13.13896879970884,0.06835015217208051,7,269,0.08813559322033904,Fp1;PO4,2,frontal,clean-average,primary,,,,,
-12.232202227377806,,1.027758989190979,0.9838081122541654,0.01756880161620096,0,True,,,,False,False,0.0,-14.208434475054103,-14.205721883196295,30,120,fixed,sub-027,think1,thinking,1,False,control,ctr,thinking,0.0,25.0,m,-13.13896879970884,0.06835015217208051,7,269,0.08813559322033904,Fp1;PO4,2,central,clean-average,primary,,,,,
-12.268585469372358,,0.6909900964520993,0.9694356532630976,0.016465696821933416,0,True,,,,False,False,0.0,-13.597259726464985,-13.589742100274414,30,120,fixed,sub-027,think1,thinking,1,False,control,ctr,thinking,0.0,25.0,m,-13.13896879970884,0.06835015217208051,7,269,0.08813559322033904,Fp1;PO4,2,temporal,clean-average,primary,,,,,
-12.094179047110654,,0.7511797456592547,0.9669329370853756,0.018367316966174805,0,True,,,,False,False,0.0,-13.53858931526278,-13.528044869760974,30,120,fixed,sub-027,med2,meditation,2,False,control,ctr,thinking,0.0,25.0,m,-12.868749355906067,0.17631249270656035,9,271,0.08445945945945943,Fp1;PO4,2,parieto_occipital,clean-average,primary,0.8703663054248303,-26.986864201501295,0.9610390832556155,0.027977728910611135,-13.383406579898137
-11.751480316594826,,1.0124518881676208,0.9850638329382315,0.01628915301364701,0,True,,,,False,False,0.0,-13.698279217563435,-13.692105826568918,30,120,fixed,sub-027,med2,meditation,2,False,control,ctr,thinking,0.0,25.0,m,-12.868749355906067,0.17631249270656035,9,271,0.08445945945945943,Fp1;PO4,2,frontal,clean-average,primary,,,,,
-12.044151304422503,,1.0617794100742566,0.9891565012409023,0.013959776199609426,0,True,,,,False,False,0.0,-14.085799912876126,-14.082377518592535,30,120,fixed,sub-027,med2,meditation,2,False,control,ctr,thinking,0.0,25.0,m,-12.868749355906067,0.17631249270656035,9,271,0.08445945945945943,Fp1;PO4,2,central,clean-average,primary,,,,,
-12.343533734363483,,0.5917339338718771,0.9605260633424327,0.016111282862145138,0,True,,,,False,False,0.0,-13.481352711828691,-13.477516139366093,30,120,fixed,sub-027,med2,meditation,2,False,control,ctr,thinking,0.0,25.0,m,-12.868749355906067,0.17631249270656035,9,271,0.08445945945945943,Fp1;PO4,2,temporal,clean-average,primary,,,,,
-12.266558931002434,,0.714533227591484,0.975958883687637,0.01539157351185846,0,True,,,,False,False,0.0,-13.640503232393629,-13.63398432151152,30,120,fixed,sub-027,think2,thinking,2,False,control,ctr,thinking,0.0,25.0,m,-13.025023076231266,0.06053306505188072,5,288,0.04950495049504955,Fp1;PO4,2,parieto_occipital,clean-average,primary,0.8293432745091909,-27.396538803309756,0.9643535383424673,0.02659893368470527,-13.48526186957592
-11.728269925481106,,0.9951487760979008,0.9887467596056169,0.014558699304194256,0,True,,,,False,False,0.0,-13.641797438491091,-13.63742890105936,30,120,fixed,sub-027,think2,thinking,2,False,control,ctr,thinking,0.0,25.0,m,-13.025023076231266,0.06053306505188072,5,288,0.04950495049504955,Fp1;PO4,2,frontal,clean-average,primary,,,,,
-12.093790142864181,,1.0625948528762856,0.9894230588328795,0.014691744940710915,0,True,,,,False,False,0.0,-14.137006730171263,-14.132047390246715,30,120,fixed,sub-027,think2,thinking,2,False,control,ctr,thinking,0.0,25.0,m,-13.025023076231266,0.06053306505188072,5,288,0.04950495049504955,Fp1;PO4,2,central,clean-average,primary,,,,,
-11.693039470803903,,0.9191511551369687,0.951158015477204,0.028377261527565922,0,True,,,,False,False,0.0,-13.460434523899432,-13.44648980897544,30,120,fixed,sub-027,think2,thinking,2,False,control,ctr,thinking,0.0,25.0,m,-13.025023076231266,0.06053306505188072,5,288,0.04950495049504955,Fp1;PO4,2,temporal,clean-average,primary,,,,,
-11.800251358624788,,0.9227629291278379,0.9183667385395928,0.03592088783545189,0,True,,,,False,False,0.0,-13.574591331985808,-13.578772722375982,30,120,fixed,sub-028,med1breath,meditation,1,False,control,ctr,meditation,0.0,26.0,f,-12.515210488521754,0.1752426400572934,9,118,0.6040268456375839,Fp1;O1,2,parieto_occipital,clean-average,primary,1.0800164656896842,-26.116024285382384,0.9349676002794247,0.024074237540849277,-13.422426212651777
-11.753444023260748,,0.8222011230659038,0.9631130176637573,0.020514257779335725,0,True,,,,False,False,0.0,-13.33441815296167,-13.332503603593878,30,120,fixed,sub-028,med1breath,meditation,1,False,control,ctr,meditation,0.0,26.0,f,-12.515210488521754,0.1752426400572934,9,118,0.6040268456375839,Fp1;O1,2,frontal,clean-average,primary,,,,,
-11.565948712978567,,1.2520090163712223,0.936421131065186,0.03957803899901189,5,True,109.6198894219937,0.119049158522607,2.000000000037805,False,True,0.038217778028058966,-13.973381407371203,-13.931266030817193,30,120,fixed,sub-028,med1breath,meditation,1,False,control,ctr,meditation,0.0,26.0,f,-12.515210488521754,0.1752426400572934,9,118,0.6040268456375839,Fp1;O1,2,central,clean-average,primary,,,,,
-13.07710860534544,,0.01805690618979422,0.33745577783357267,0.02084149764191048,1,False,82.14980693828143,0.059904107864861444,29.999999999698026,False,True,0.040224608703785546,-13.111829430637009,-13.069533359463767,30,120,fixed,sub-028,med1breath,meditation,1,False,control,ctr,meditation,0.0,26.0,f,-12.515210488521754,0.1752426400572934,9,118,0.6040268456375839,Fp1;O1,2,temporal,clean-average,primary,,,,,
-11.674274629562575,,0.9829775387528575,0.9299523052112965,0.03449516320948893,0,True,,,,False,False,0.0,-13.564398609265272,-13.569491476206021,30,120,fixed,sub-028,think1,thinking,1,False,control,ctr,meditation,0.0,26.0,f,-12.602803290172119,0.07905068616570843,5,198,0.3926380368098159,F8;Fp1;P1;PO3;PO7;POz;Pz;TP7,8,parieto_occipital,clean-average,primary,1.1732073841521609,-25.66122433866202,0.9510639526113275,0.00541644170171653,-13.403984293158366
-11.45231288965615,,1.120236356994781,0.979685227557038,0.01852065227596749,0,True,,,,False,False,0.0,-13.606365772672211,-13.609220694940682,30,120,fixed,sub-028,think1,thinking,1,False,control,ctr,meditation,0.0,26.0,f,-12.602803290172119,0.07905068616570843,5,198,0.3926380368098159,F8;Fp1;P1;PO3;PO7;POz;Pz;TP7,8,frontal,clean-average,primary,,,,,
-10.890655008759314,,1.6387698415596454,0.9662524480190606,0.03220429401038669,1,True,108.99999955020178,0.0859843553057491,29.989588405515832,False,True,0.034091704161117536,-14.041772966831246,-14.013246636390006,30,120,fixed,sub-028,think1,thinking,1,False,control,ctr,meditation,0.0,26.0,f,-12.602803290172119,0.07905068616570843,5,198,0.3926380368098159,F8;Fp1;P1;PO3;PO7;POz;Pz;TP7,8,central,clean-average,primary,,,,,
-12.416356245010418,,0.41766992377704504,0.8493316268307404,0.023835316731753105,0,False,,,,False,False,0.0,-13.219475245606503,-13.212766196776718,30,120,fixed,sub-028,think1,thinking,1,False,control,ctr,meditation,0.0,26.0,f,-12.602803290172119,0.07905068616570843,5,198,0.3926380368098159,F8;Fp1;P1;PO3;PO7;POz;Pz;TP7,8,temporal,clean-average,primary,,,,,
-11.866522606614854,,0.882739442219888,0.9564483132761045,0.02615082535234317,5,True,106.15268698142343,0.05905634558275352,17.380070952030188,True,False,0.017359788175186873,-13.563903189375745,-13.546502308740292,30,120,fixed,sub-028,med2,meditation,2,False,control,ctr,meditation,0.0,26.0,f,-12.234479099979986,0.11224300754016425,9,37,0.8817891373801917,Fp1,1,parieto_occipital,clean-average,primary,1.0960978242552737,-25.934520475406167,0.9107172300749257,-0.0026426379396871954,-13.373890315773098
-11.639716842655218,,0.9052860987613236,0.9355310021927082,0.028896466556299353,2,True,101.69039390039318,0.08914307606510441,8.405849209109117,True,False,0.018228927852130403,-13.380451392837541,-13.36834877494264,30,120,fixed,sub-028,med2,meditation,2,False,control,ctr,meditation,0.0,26.0,f,-12.234479099979986,0.11224300754016425,9,37,0.8817891373801917,Fp1,1,frontal,clean-average,primary,,,,,
-11.691925838253345,,1.2174213847992457,0.9737356628677871,0.030770949732150218,4,True,104.7513208570833,0.10072545649239828,6.904218655120173,True,False,0.017924712514087702,-14.032851507553366,-14.014013615592173,30,120,fixed,sub-028,med2,meditation,2,False,control,ctr,meditation,0.0,26.0,f,-12.234479099979986,0.11224300754016425,9,37,0.8817891373801917,Fp1,1,central,clean-average,primary,,,,,
-12.436014359030906,,0.42995677967404056,0.7067242331185571,0.0329424512208583,6,False,73.53385845478488,0.1152547414330094,2.0000000000000004,False,True,0.03717956280891632,-13.262759210727845,-13.226958803653892,30,120,fixed,sub-028,med2,meditation,2,False,control,ctr,meditation,0.0,26.0,f,-12.234479099979986,0.11224300754016425,9,37,0.8817891373801917,Fp1,1,temporal,clean-average,primary,,,,,
-11.774172531826064,,0.9321501936605248,0.9353568971184838,0.030792283190378345,0,True,,,,False,False,0.0,-13.56656286045721,-13.570901864969324,30,120,fixed,sub-028,think2,thinking,2,False,control,ctr,meditation,0.0,26.0,f,-12.522003680288902,0.12706609666126334,6,235,0.20608108108108103,F8;Fp1;PO7;TP7,4,parieto_occipital,clean-average,primary,1.0738188433689018,-26.11535100783633,0.9264911748124568,0.016223181049681065,-13.412182634706541
-11.65709233038995,,1.0129553441975323,0.979840189492397,0.015828015526534654,0,True,,,,False,False,0.0,-13.604859304663746,-13.60613166409077,30,120,fixed,sub-028,think2,thinking,2,False,control,ctr,meditation,0.0,26.0,f,-12.522003680288902,0.12706609666126334,6,235,0.20608108108108103,F8;Fp1;PO7;TP7,4,frontal,clean-average,primary,,,,,
-11.601402223151815,,1.2644954365000696,0.9824038672884114,0.023966095445721685,1,True,,,,False,False,7.506648955905448e-07,-14.032844501869358,-14.04164718496772,30,120,fixed,sub-028,think2,thinking,2,False,control,ctr,meditation,0.0,26.0,f,-12.522003680288902,0.12706609666126334,6,235,0.20608108108108103,F8;Fp1;PO7;TP7,4,central,clean-average,primary,,,,,
-12.173226920453038,,0.6430118402375585,0.9667067837540245,0.016224632865373963,0,True,,,,False,False,0.0,-13.409645913309946,-13.40832279742817,30,120,fixed,sub-028,think2,thinking,2,False,control,ctr,meditation,0.0,26.0,f,-12.522003680288902,0.12706609666126334,6,235,0.20608108108108103,F8;Fp1;PO7;TP7,4,temporal,clean-average,primary,,,,,
-11.090818120900321,,1.2538164585480118,0.9678383999492678,0.025990861388998646,0,True,,,,False,False,0.0,-13.501726265815064,-13.501421748132321,30,120,fixed,sub-029,med1breath,meditation,1,False,control,ctr,thinking,0.0,54.0,f,-12.964717447374872,0.026930779183151565,2,268,0.09764309764309764,Fp1;P9,2,parieto_occipital,clean-average,primary,1.406082324109828,-24.491700330930154,0.9598061480481883,0.0237552801119733,-13.34346136802151
-10.825589078303715,,1.5590270356357858,0.9678477753823324,0.033069535719554066,0,True,,,,False,False,0.0,-13.823373126145412,-13.82393070180429,30,120,fixed,sub-029,med1breath,meditation,1,False,control,ctr,thinking,0.0,54.0,f,-12.964717447374872,0.026930779183151565,2,268,0.09764309764309764,Fp1;P9,2,frontal,clean-average,primary,,,,,
-11.285031149043458,,1.473680145131338,0.9880558014677632,0.02168538504048191,2,True,,,,False,False,0.02985854272977311,-14.118705440582703,-14.087729354178533,30,120,fixed,sub-029,med1breath,meditation,1,False,control,ctr,thinking,0.0,54.0,f,-12.964717447374872,0.026930779183151565,2,268,0.09764309764309764,Fp1;P9,2,central,clean-average,primary,,,,,
-10.901621198780918,,1.1342272544830043,0.989411218083621,0.01590715680145414,0,True,,,,False,False,0.0,-13.082576559012892,-13.076404468738303,30,120,fixed,sub-029,med1breath,meditation,1,False,control,ctr,thinking,0.0,54.0,f,-12.964717447374872,0.026930779183151565,2,268,0.09764309764309764,Fp1;P9,2,temporal,clean-average,primary,,,,,
-11.33665737373913,,1.0909607305800582,0.9721213646273905,0.02601957750591377,5,True,75.0567818305076,0.06901216591649195,2.0000000000000004,False,True,0.03123776176723902,-13.43441745114593,-13.405423148894283,30,120,fixed,sub-029,think1,thinking,1,False,control,ctr,thinking,0.0,54.0,f,-12.892181202392363,0.007508391303302386,4,55,0.8160535117056856,Fp1,1,parieto_occipital,clean-average,primary,1.3361968816565473,-24.59490528540915,0.9512110190306151,0.04329258347402743,-13.248153293717355
-11.07585974683746,,1.3480031102364902,0.9514921455800252,0.036436880979389345,3,True,91.8605231410239,0.09682838321973897,2.0000000000000004,False,True,0.040788200392366414,-13.66787523338095,-13.628584079613926,30,120,fixed,sub-029,think1,thinking,1,False,control,ctr,thinking,0.0,54.0,f,-12.892181202392363,0.007508391303302386,4,55,0.8160535117056856,Fp1,1,frontal,clean-average,primary,,,,,
-11.063730051194337,,1.5757610854701305,0.9804012125964507,0.02977880389450797,4,True,89.30933664952639,0.09145544856167653,2.0000002310802416,False,True,0.0347934783815638,-14.093691262422254,-14.060015146955633,30,120,fixed,sub-029,think1,thinking,1,False,control,ctr,thinking,0.0,54.0,f,-12.892181202392363,0.007508391303302386,4,55,0.8160535117056856,Fp1,1,central,clean-average,primary,,,,,
-10.745084213961134,,1.3815177041272626,0.9776415567878993,0.029060034791418277,1,True,,,,False,False,4.502454433624847e-08,-13.401543428957783,-13.394216531964327,30,120,fixed,sub-029,think1,thinking,1,False,control,ctr,thinking,0.0,54.0,f,-12.892181202392363,0.007508391303302386,4,55,0.8160535117056856,Fp1,1,temporal,clean-average,primary,,,,,
-11.098487348425111,,1.2338381770635716,0.9631955786006577,0.028405275096229615,0,True,,,,False,False,0.0,-13.470980140579199,-13.469215009935992,30,120,fixed,sub-029,med2,meditation,2,False,control,ctr,thinking,0.0,54.0,f,-12.897388440447452,0.0192710525675317,3,280,0.07894736842105265,Fp1;P9,2,parieto_occipital,clean-average,primary,1.3978716419975277,-24.45332413240761,0.957484970005253,0.022848817828035772,-13.311592287954163
-10.927703916235519,,1.4180336464420469,0.9733778707709236,0.028013988048202345,0,True,,,,False,False,0.0,-13.654378019660019,-13.643423365608276,30,120,fixed,sub-029,med2,meditation,2,False,control,ctr,thinking,0.0,54.0,f,-12.897388440447452,0.0192710525675317,3,280,0.07894736842105265,Fp1;P9,2,frontal,clean-average,primary,,,,,
-11.418015425928902,,1.3787100899056413,0.9807922514740216,0.021120776560986793,2,True,109.01456756861552,0.07862472303369827,29.999999999857092,False,True,0.03116124493565644,-14.069076003869434,-14.036939528001955,30,120,fixed,sub-029,med2,meditation,2,False,control,ctr,thinking,0.0,54.0,f,-12.897388440447452,0.0192710525675317,3,280,0.07894736842105265,Fp1;P9,2,central,clean-average,primary,,,,,
-10.850943700715842,,1.0877115368966594,0.9813045411177057,0.02088717186219863,0,True,,,,False,False,0.0,-12.942456047474103,-12.933889048912562,30,120,fixed,sub-029,med2,meditation,2,False,control,ctr,thinking,0.0,54.0,f,-12.897388440447452,0.0192710525675317,3,280,0.07894736842105265,Fp1;P9,2,temporal,clean-average,primary,,,,,
-11.178498042475146,,1.1558964750439031,0.9721383834155867,0.02277465631759375,0,True,,,,False,False,0.0,-13.401120187337407,-13.396076344626577,30,120,fixed,sub-029,think2,thinking,2,False,control,ctr,thinking,0.0,54.0,f,-13.157573501887521,0.009777724801316334,2,262,0.12080536912751683,Fp1,1,parieto_occipital,clean-average,primary,1.3110617727427223,-24.696786450694486,0.9691126826117106,0.03125611501874927,-13.246644379739752
-11.205074587098395,,1.2556885507223798,0.9674013306608006,0.026738931989340957,0,True,,,,False,False,0.0,-13.619582495152665,-13.612223757486017,30,120,fixed,sub-029,think2,thinking,2,False,control,ctr,thinking,0.0,54.0,f,-13.157573501887521,0.009777724801316334,2,262,0.12080536912751683,Fp1,1,frontal,clean-average,primary,,,,,
-11.100504822273646,,1.5405419072907152,0.9405983261665958,0.0472058125810206,0,True,,,,False,False,0.0,-14.062744635404517,-14.070151668131547,30,120,fixed,sub-029,think2,thinking,2,False,control,ctr,thinking,0.0,54.0,f,-13.157573501887521,0.009777724801316334,2,262,0.12080536912751683,Fp1,1,central,clean-average,primary,,,,,
-10.959663112543032,,1.2705150048485945,0.9917947308584147,0.015418118191541192,0,True,,,,False,False,0.0,-13.402680152671136,-13.39740989196949,30,120,fixed,sub-029,think2,thinking,2,False,control,ctr,thinking,0.0,54.0,f,-13.157573501887521,0.009777724801316334,2,262,0.12080536912751683,Fp1,1,temporal,clean-average,primary,,,,,
-10.295849213536616,,2.0329809635208735,0.9916005279779767,0.019482575378846102,4,True,109.62365912777612,0.11500595974737138,9.187944953303495,True,False,0.043258687411196,-14.204978281027966,-14.163206327403046,30,120,fixed,sub-030,med1breath,meditation,1,False,control,ctr,meditation,0.0,38.0,m,-13.62292973651782,0.011333542029032584,8,295,0.05144694533762062,Fp1;POz,2,parieto_occipital,clean-average,primary,2.0676124160537834,-23.016034964074166,0.9759051115395337,-0.004761841765384329,-13.98826846218705
-10.724325936998621,,1.7962526558868532,0.98045566213326,0.03427278971923373,1,True,,,,False,False,2.156147605812591e-07,-14.17826062486946,-14.192196847180018,30,120,fixed,sub-030,med1breath,meditation,1,False,control,ctr,meditation,0.0,38.0,m,-13.62292973651782,0.011333542029032584,8,295,0.05144694533762062,Fp1;POz,2,frontal,clean-average,primary,,,,,
-9.697167025453986,,2.490171911447751,0.9812164371828481,0.03630492204873988,2,True,97.80814055010028,0.0941025444045156,16.515928519324866,True,False,0.043984596671329854,-14.485408320754706,-14.447977825470803,30,120,fixed,sub-030,med1breath,meditation,1,False,control,ctr,meditation,0.0,38.0,m,-13.62292973651782,0.011333542029032584,8,295,0.05144694533762062,Fp1;POz,2,central,clean-average,primary,,,,,
-10.62897034405971,,1.6848420120517302,0.9813458720953038,0.027073700919716937,0,True,,,,False,False,0.0,-13.868678438539563,-13.870665117936884,30,120,fixed,sub-030,med1breath,meditation,1,False,control,ctr,meditation,0.0,38.0,m,-13.62292973651782,0.011333542029032584,8,295,0.05144694533762062,Fp1;POz,2,temporal,clean-average,primary,,,,,
-11.13186733358355,,1.4176066368152587,0.9799569558712266,0.03259653706428919,1,True,,,,False,False,8.195839248540045e-09,-13.857720359106128,-13.876288812040988,30,120,fixed,sub-030,think1,thinking,1,False,control,ctr,meditation,0.0,38.0,m,-13.299907855156327,0.02945578001427207,5,277,0.06101694915254241,Fp1;POz,2,parieto_occipital,clean-average,primary,1.6642105660557867,-24.13338519660295,0.9645740440928939,-0.0236935611295344,-13.697556934806196
-10.43829676825724,,1.9513857094340596,0.9926938781931526,0.01946271279721298,3,True,97.0543186154293,0.07696396378557147,15.804691734225464,True,False,0.03885017897135166,-14.19052993497847,-14.156497821464091,30,120,fixed,sub-030,think1,thinking,1,False,control,ctr,meditation,0.0,38.0,m,-13.299907855156327,0.02945578001427207,5,277,0.06101694915254241,Fp1;POz,2,frontal,clean-average,primary,,,,,
-10.274550326770953,,2.1060378854815527,0.9588276008245796,0.057302487858823435,0,True,,,,False,False,0.0,-14.324157314293256,-14.348412680050718,30,120,fixed,sub-030,think1,thinking,1,False,control,ctr,meditation,0.0,38.0,m,-13.299907855156327,0.02945578001427207,5,277,0.06101694915254241,Fp1;POz,2,central,clean-average,primary,,,,,
-11.71372958083347,,1.0946387540766227,0.9814013536049214,0.020957771976236456,1,True,,,,False,False,7.843552290017392e-29,-13.818561966746513,-13.82653814620737,30,120,fixed,sub-030,think1,thinking,1,False,control,ctr,meditation,0.0,38.0,m,-13.299907855156327,0.02945578001427207,5,277,0.06101694915254241,Fp1;POz,2,temporal,clean-average,primary,,,,,
-11.165564367113012,,1.5057734314691102,0.9831816229643268,0.031362981402152795,2,True,,,,False,False,2.4193973403496865e-12,-14.06094941775205,-14.07636055976133,30,120,fixed,sub-030,med2,meditation,2,False,control,ctr,meditation,0.0,38.0,m,-13.456685750061467,0.012551877681064139,7,289,0.023648648648648685,Fp1;POz,2,parieto_occipital,clean-average,primary,1.8165211847424356,-23.92258319617153,0.9601787793420675,-0.011858099570596053,-13.899865320645073
-10.35232170167877,,1.9924558585984358,0.9640422063977548,0.050925765424902285,0,True,,,,False,False,0.0,-14.18352683950327,-14.201779769580053,30,120,fixed,sub-030,med2,meditation,2,False,control,ctr,meditation,0.0,38.0,m,-13.456685750061467,0.012551877681064139,7,289,0.023648648648648685,Fp1;POz,2,frontal,clean-average,primary,,,,,
-9.921947554757905,,2.3557003483187113,0.9777591839999157,0.03949438423373818,2,True,95.70990819007464,0.08003594605747644,13.185865401079207,True,False,0.04128185272282932,-14.451619436172752,-14.416868390356852,30,120,fixed,sub-030,med2,meditation,2,False,control,ctr,meditation,0.0,38.0,m,-13.456685750061467,0.012551877681064139,7,289,0.023648648648648685,Fp1;POz,2,central,clean-average,primary,,,,,
-11.103581442159488,,1.4101259627701588,0.9761950280746627,0.024205427444199616,0,True,,,,False,False,0.0,-13.81505021083025,-13.812987523841675,30,120,fixed,sub-030,med2,meditation,2,False,control,ctr,meditation,0.0,38.0,m,-13.456685750061467,0.012551877681064139,7,289,0.023648648648648685,Fp1;POz,2,temporal,clean-average,primary,,,,,
-10.525029633625898,,1.7567988964012402,0.9926331607783863,0.017237656378264743,3,True,101.69455973474426,0.08776317598450589,18.156270019523582,True,False,0.03391499754645601,-13.90310043452757,-13.87223427630417,30,120,fixed,sub-030,think2,thinking,2,False,control,ctr,meditation,0.0,38.0,m,-13.237661909793411,0.023635038501439665,7,284,0.06578947368421051,Fp1;POz,2,parieto_occipital,clean-average,primary,1.7929189985263327,-23.56804739886446,0.9769891370636044,-0.02837359047467241,-13.69653873876895
-10.058376019234082,,2.1223804165809215,0.9817856444082876,0.032382722895064615,1,True,,,,False,False,0.03212888380087692,-14.139407336104888,-14.113654644372952,30,120,fixed,sub-030,think2,thinking,2,False,control,ctr,meditation,0.0,38.0,m,-13.237661909793411,0.023635038501439665,7,284,0.06578947368421051,Fp1;POz,2,frontal,clean-average,primary,,,,,
-9.710523238263555,,2.438754685993877,0.982908318088089,0.035488705692924075,2,True,97.35743660016335,0.0859306961509354,15.228944854168295,True,False,0.04096015486981226,-14.399896627667415,-14.366534326674786,30,120,fixed,sub-030,think2,thinking,2,False,control,ctr,meditation,0.0,38.0,m,-13.237661909793411,0.023635038501439665,7,284,0.06578947368421051,Fp1;POz,2,central,clean-average,primary,,,,,
-11.482509219909609,,1.1280959922987128,0.9508426511083111,0.02947106076721642,0,True,,,,False,False,0.0,-13.651675047600408,-13.656809502640204,30,120,fixed,sub-030,think2,thinking,2,False,control,ctr,meditation,0.0,38.0,m,-13.237661909793411,0.023635038501439665,7,284,0.06578947368421051,Fp1;POz,2,temporal,clean-average,primary,,,,,
-11.810350769496528,,1.0413083836065327,0.9827507268143305,0.0172522394514871,0,True,,,,False,False,0.0,-13.812636547681551,-13.816959292139904,30,120,fixed,sub-031,med1breath,meditation,1,False,control,ctr,thinking,0.0,30.0,m,-13.146464569834935,0.04438557529174192,8,287,0.030405405405405372,Fp1,1,parieto_occipital,clean-average,primary,1.2190131847112724,-26.05423040687547,0.9606492057549076,0.013375143446779597,-13.658110445958345
-11.340751290852493,,1.1765941347609405,0.9823538112212322,0.023819902003037775,1,True,,,,False,False,0.03143667921582677,-13.603172049022374,-13.567834618050368,30,120,fixed,sub-031,med1breath,meditation,1,False,control,ctr,thinking,0.0,30.0,m,-13.146464569834935,0.04438557529174192,8,287,0.030405405405405372,Fp1,1,frontal,clean-average,primary,,,,,
-11.080638813053433,,1.608466177656437,0.9900281352648046,0.022590845248276436,2,True,,,,False,False,0.00034288793515826387,-14.173487197754465,-14.185603883387248,30,120,fixed,sub-031,med1breath,meditation,1,False,control,ctr,thinking,0.0,30.0,m,-13.146464569834935,0.04438557529174192,8,287,0.030405405405405372,Fp1,1,central,clean-average,primary,,,,,
-11.606936501061815,,0.9256471345484188,0.9711730615719433,0.02202449081514744,0,True,,,,False,False,0.0,-13.386822385303713,-13.375764369136801,30,120,fixed,sub-031,med1breath,meditation,1,False,control,ctr,thinking,0.0,30.0,m,-13.146464569834935,0.04438557529174192,8,287,0.030405405405405372,Fp1,1,temporal,clean-average,primary,,,,,
-11.615858823963762,,1.2168815653265115,0.9722388896396139,0.024508675111470216,1,True,,,,False,False,0.01702843309729109,-13.955746498304691,-13.944989632646966,30,120,fixed,sub-031,think1,thinking,1,False,control,ctr,thinking,0.0,30.0,m,-13.636630525808625,0.0014855223259065964,5,96,0.6862745098039216,Fp1,1,parieto_occipital,clean-average,primary,1.2549848978590403,-26.14324198755343,0.924302422658657,-0.011836958471047137,-13.773023670674634
-11.620279797400274,,1.2001034004104418,0.9809127498424285,0.022863472439193067,2,True,,,,False,False,0.0007554902150133941,-13.927905481417897,-13.930827230957616,30,120,fixed,sub-031,think1,thinking,1,False,control,ctr,thinking,0.0,30.0,m,-13.636630525808625,0.0014855223259065964,5,96,0.6862745098039216,Fp1,1,frontal,clean-average,primary,,,,,
-10.935349470915607,,1.7250274711888751,0.9867254449076281,0.027506060030335854,2,True,,,,False,False,0.0001206507395939012,-14.252328405222427,-14.266632743591165,30,120,fixed,sub-031,think1,thinking,1,False,control,ctr,thinking,0.0,30.0,m,-13.636630525808625,0.0014855223259065964,5,96,0.6862745098039216,Fp1,1,central,clean-average,primary,,,,,
-11.547757496457574,,1.1544782923101375,0.9745279491770474,0.024844067228550096,1,True,80.49999999999999,0.033264394568774946,29.99999995691316,False,True,0.022118425403542388,-13.767652680542998,-13.752163194283506,30,120,fixed,sub-031,think1,thinking,1,False,control,ctr,thinking,0.0,30.0,m,-13.636630525808625,0.0014855223259065964,5,96,0.6862745098039216,Fp1,1,temporal,clean-average,primary,,,,,
-11.579878690236688,,1.1560735312676482,0.9763269335659622,0.022589083278692475,0,True,,,,False,False,0.0,-13.802841288670942,-13.810018820619565,30,120,fixed,sub-031,med2,meditation,2,False,control,ctr,thinking,0.0,30.0,m,-13.088318469257997,0.06898349314268004,5,246,0.18272425249169433,Fp1,1,parieto_occipital,clean-average,primary,1.354121965199386,-25.419644067529624,0.9577604102425405,0.02369512606918308,-13.645967420273248
-11.192932457107867,,1.2201906278968284,0.984370166370513,0.023664777919417086,1,True,61.51380970039477,0.0780282942222641,29.999999999999996,False,True,0.031733258536965535,-13.53918298132879,-13.503935076988334,30,120,fixed,sub-031,med2,meditation,2,False,control,ctr,thinking,0.0,30.0,m,-13.088318469257997,0.06898349314268004,5,246,0.18272425249169433,Fp1,1,frontal,clean-average,primary,,,,,
-10.527439397143654,,1.9066442764406915,0.9917823010441671,0.020586026760004025,2,True,,,,False,False,0.022869897462958973,-14.193641243663697,-14.174564409644,30,120,fixed,sub-031,med2,meditation,2,False,control,ctr,thinking,0.0,30.0,m,-13.088318469257997,0.06898349314268004,5,246,0.18272425249169433,Fp1,1,central,clean-average,primary,,,,,
-11.463021119352629,,0.9290495008318036,0.9806629175013994,0.01781623141606005,0,True,,,,False,False,0.0,-13.249449263052577,-13.243041347348356,30,120,fixed,sub-031,med2,meditation,2,False,control,ctr,thinking,0.0,30.0,m,-13.088318469257997,0.06898349314268004,5,246,0.18272425249169433,Fp1,1,temporal,clean-average,primary,,,,,
-11.723705635050687,,1.16223564389792,0.9790301057409352,0.021500285352581965,0,True,,,,False,False,0.0,-13.95851708698253,-13.966121281245005,30,120,fixed,sub-031,think2,thinking,2,False,control,ctr,thinking,0.0,30.0,m,-13.550646664654332,0.0030528593826568695,4,271,0.09060402684563762,Fp1;P9;PO7,3,parieto_occipital,clean-average,primary,1.3534011187455053,-25.773816683205883,0.9574904988313861,0.0023950588789572766,-13.798896072637495
-11.419701900027896,,1.2422737282914715,0.9868432081672025,0.01836011902539422,0,True,,,,False,False,0.0,-13.808415040083414,-13.814998864510352,30,120,fixed,sub-031,think2,thinking,2,False,control,ctr,thinking,0.0,30.0,m,-13.550646664654332,0.0030528593826568695,4,271,0.09060402684563762,Fp1;P9;PO7,3,frontal,clean-average,primary,,,,,
-10.938875484902285,,1.7402470944613493,0.9904045187749865,0.021297800230765076,2,True,,,,False,False,0.0003296713943041659,-14.285119558823428,-14.29560694340078,30,120,fixed,sub-031,think2,thinking,2,False,control,ctr,thinking,0.0,30.0,m,-13.550646664654332,0.0030528593826568695,4,271,0.09060402684563762,Fp1;P9;PO7,3,central,clean-average,primary,,,,,
-11.91948745551205,,0.8856685788760731,0.9835971125579545,0.015701395281343074,0,True,,,,False,False,0.0,-13.622500345437057,-13.618456908095535,30,120,fixed,sub-031,think2,thinking,2,False,control,ctr,thinking,0.0,30.0,m,-13.550646664654332,0.0030528593826568695,4,271,0.09060402684563762,Fp1;P9;PO7,3,temporal,clean-average,primary,,,,,
-11.877532099498985,,0.8971655534682599,0.9537565289447293,0.023821761251135897,0,True,,,,False,False,0.0,-13.60265201274245,-13.60091388800072,30,120,fixed,sub-032,med1breath,meditation,1,False,control,ctr,meditation,0.0,25.0,f,-12.533109280774765,0.17927236452196738,8,252,0.14864864864864868,Fp1;PO4,2,parieto_occipital,clean-average,primary,1.0924748589680124,-26.131781463773827,0.939508893155549,0.037620019831352186,-13.447908491049096
-11.71992047941257,,1.007510355648854,0.9760000189998409,0.018541028376602205,0,True,,,,False,False,0.0,-13.657217526328596,-13.654562545428822,30,120,fixed,sub-032,med1breath,meditation,1,False,control,ctr,meditation,0.0,25.0,f,-12.533109280774765,0.17927236452196738,8,252,0.14864864864864868,Fp1;PO4,2,frontal,clean-average,primary,,,,,
-11.053200293840927,,1.668011979937725,0.9570875397832045,0.03376429657363876,1,True,,,,False,False,0.0246886259355687,-14.260546664859422,-14.24087038246387,30,120,fixed,sub-032,med1breath,meditation,1,False,control,ctr,meditation,0.0,25.0,f,-12.533109280774765,0.17927236452196738,8,252,0.14864864864864868,Fp1;PO4,2,central,clean-average,primary,,,,,
-12.539765717335234,,0.5619298301365014,0.9144101340070357,0.021492555285898357,0,True,,,,False,False,0.0,-13.620275703554062,-13.615932343752588,30,120,fixed,sub-032,med1breath,meditation,1,False,control,ctr,meditation,0.0,25.0,f,-12.533109280774765,0.17927236452196738,8,252,0.14864864864864868,Fp1;PO4,2,temporal,clean-average,primary,,,,,
-11.852866404047404,,0.915521558147216,0.9230901476305936,0.029126586963260127,0,True,,,,False,False,0.0,-13.61328226582215,-13.61077491908065,30,120,fixed,sub-032,think1,thinking,1,False,control,ctr,meditation,0.0,25.0,f,-12.015943578786391,0.32466854972953985,16,223,0.24915824915824913,Fp1;P9;PO4,3,parieto_occipital,clean-average,primary,1.0972990413964627,-26.127274165938417,0.9482869014573101,0.03610377077185644,-13.45536859924221
-11.975282017592436,,0.8388499722022839,0.9246856940334396,0.028007111348494162,0,True,,,,False,False,0.0,-13.588269482030437,-13.578242658743923,30,120,fixed,sub-032,think1,thinking,1,False,control,ctr,meditation,0.0,25.0,f,-12.015943578786391,0.32466854972953985,16,223,0.24915824915824913,Fp1;P9;PO4,3,frontal,clean-average,primary,,,,,
-11.537124185757536,,1.3358109706719725,0.8710220243640804,0.053538028917738935,0,False,,,,False,False,0.0,-14.105695947041527,-14.114179628862894,30,120,fixed,sub-032,think1,thinking,1,False,control,ctr,meditation,0.0,25.0,f,-12.015943578786391,0.32466854972953985,16,223,0.24915824915824913,Fp1;P9;PO4,3,central,clean-average,primary,,,,,
-12.166664016917856,,0.5839343987961195,0.916578263764678,0.021853857487776338,0,True,,,,False,False,0.0,-13.289485613775646,-13.282150723332753,30,120,fixed,sub-032,think1,thinking,1,False,control,ctr,meditation,0.0,25.0,f,-12.015943578786391,0.32466854972953985,16,223,0.24915824915824913,Fp1;P9;PO4,3,temporal,clean-average,primary,,,,,
-11.883364330454524,,0.8937343263035828,0.9729103834434493,0.02003604224656436,0,True,,,,False,False,0.0,-13.601886488929354,-13.595796171179554,30,120,fixed,sub-032,med2,meditation,2,False,control,ctr,meditation,0.0,25.0,f,-13.378962003412395,0.188963109755502,6,262,0.11186440677966103,Fp1;PO4,2,parieto_occipital,clean-average,primary,1.0648073230871558,-26.27436634530638,0.8954476635530233,0.07732499795969036,-13.450857185125027
-12.063064408388767,,0.903285296598396,0.9773132972129797,0.020758932114747813,1,True,,,,False,False,1.8097779237053043e-10,-13.799951704694273,-13.792144484132839,30,120,fixed,sub-032,med2,meditation,2,False,control,ctr,meditation,0.0,25.0,f,-13.378962003412395,0.188963109755502,6,262,0.11186440677966103,Fp1;PO4,2,frontal,clean-average,primary,,,,,
-10.909246418764388,,1.82085747446994,0.9702761975226678,0.03523430193217753,2,True,104.48797655038994,0.10968397812849062,23.417672718519476,True,False,0.043952478009497614,-14.410492622704185,-14.371996997471092,30,120,fixed,sub-032,med2,meditation,2,False,control,ctr,meditation,0.0,25.0,f,-13.378962003412395,0.188963109755502,6,262,0.11186440677966103,Fp1;PO4,2,central,clean-average,primary,,,,,
-12.208111034310752,,0.8121410041308204,0.958863425590209,0.022114665020937258,0,True,,,,False,False,0.0,-13.769741006807447,-13.767613630113514,30,120,fixed,sub-032,med2,meditation,2,False,control,ctr,meditation,0.0,25.0,f,-13.378962003412395,0.188963109755502,6,262,0.11186440677966103,Fp1;PO4,2,temporal,clean-average,primary,,,,,
-11.976660921829533,,0.7860595121201035,0.9321879850345475,0.022996388918574008,0,True,,,,False,False,0.0,-13.48813994831537,-13.483849576825259,30,120,fixed,sub-032,think2,thinking,2,False,control,ctr,meditation,0.0,25.0,f,-12.224199317884235,0.20887128379664777,16,252,0.16000000000000003,Fp1;P9;PO4,3,parieto_occipital,clean-average,primary,0.9735472837299586,-26.404277371548694,0.9466874088778789,0.035807062038204725,-13.332303621730029
-11.79981072467359,,0.9059279847210251,0.9517672802253504,0.025651748113717378,0,True,,,,False,False,0.0,-13.541779528942945,-13.53270237668674,30,120,fixed,sub-032,think2,thinking,2,False,control,ctr,meditation,0.0,25.0,f,-12.224199317884235,0.20887128379664777,16,252,0.16000000000000003,Fp1;P9;PO4,3,frontal,clean-average,primary,,,,,
-11.500214528602067,,1.3897520914497026,0.9078824318118912,0.046659342205762185,0,True,,,,False,False,0.0,-14.172507282334557,-14.178451076272234,30,120,fixed,sub-032,think2,thinking,2,False,control,ctr,meditation,0.0,25.0,f,-12.224199317884235,0.20887128379664777,16,252,0.16000000000000003,Fp1;P9;PO4,3,central,clean-average,primary,,,,,
-12.553295065090996,,0.45223510362416236,0.8201668451639392,0.023841970428983075,0,False,,,,False,False,0.0,-13.422877919352198,-13.41516830187432,30,120,fixed,sub-032,think2,thinking,2,False,control,ctr,meditation,0.0,25.0,f,-12.224199317884235,0.20887128379664777,16,252,0.16000000000000003,Fp1;P9;PO4,3,temporal,clean-average,primary,,,,,
-11.703334339960076,,0.9662381581690382,0.974797471523741,0.02036685448541417,0,True,,,,False,False,0.0,-13.561270906014451,-13.55065098152893,30,120,fixed,sub-033,med1breath,meditation,1,False,control,ctr,thinking,0.0,27.0,m,-12.27126103301169,0.16378282922370346,8,271,0.08754208754208759,Fp1;PO3;POz,3,parieto_occipital,clean-average,primary,1.108754910339217,-25.973723471456587,0.9558613795981088,0.03280683914764548,-13.405089395281522
-12.326421320330638,,0.7533515133159789,0.9652589661184208,0.018764323464655435,0,True,,,,False,False,0.0,-13.775007584336672,-13.768226222100724,30,120,fixed,sub-033,med1breath,meditation,1,False,control,ctr,thinking,0.0,27.0,m,-12.27126103301169,0.16378282922370346,8,271,0.08754208754208759,Fp1;PO3;POz,3,frontal,clean-average,primary,,,,,
-11.769146934484729,,1.1968092210141148,0.9499919236571888,0.03274380158314226,0,True,,,,False,False,0.0,-14.070438386818543,-14.07775284764632,30,120,fixed,sub-033,med1breath,meditation,1,False,control,ctr,thinking,0.0,27.0,m,-12.27126103301169,0.16378282922370346,8,271,0.08754208754208759,Fp1;PO3;POz,3,central,clean-average,primary,,,,,
-13.370144395248865,,-0.1241109925143272,0.45532433669453676,0.01735397833371476,0,False,,,,False,False,0.0,-13.131496863796968,-13.126680830178033,30,120,fixed,sub-033,med1breath,meditation,1,False,control,ctr,thinking,0.0,27.0,m,-12.27126103301169,0.16378282922370346,8,271,0.08754208754208759,Fp1;PO3;POz,3,temporal,clean-average,primary,,,,,
-12.096032969455967,,0.7436500858619697,0.9160867433094463,0.027493835893055058,0,True,,,,False,False,0.0,-13.525964788222659,-13.523443802809938,30,120,fixed,sub-033,think1,thinking,1,False,control,ctr,thinking,0.0,27.0,m,-11.93303051286457,0.380527267798933,13,202,0.3221476510067114,Fp1;POz,2,parieto_occipital,clean-average,primary,0.9251952692393479,-26.695873089277246,0.8853992258623012,0.02793558040817302,-13.369181908140686
-12.834125989468887,,0.3709499818558098,0.9044790318408783,0.016715196836367664,1,True,,,,False,False,3.84394093003389e-187,-13.547409282661437,-13.540185010722514,30,120,fixed,sub-033,think1,thinking,1,False,control,ctr,thinking,0.0,27.0,m,-11.93303051286457,0.380527267798933,13,202,0.3221476510067114,Fp1;POz,2,frontal,clean-average,primary,,,,,
-12.265527522155825,,0.819735791264746,0.9087014719402208,0.03129014430573506,0,True,,,,False,False,0.0,-13.84176117450952,-13.844711420965291,30,120,fixed,sub-033,think1,thinking,1,False,control,ctr,thinking,0.0,27.0,m,-11.93303051286457,0.380527267798933,13,202,0.3221476510067114,Fp1;POz,2,central,clean-average,primary,,,,,
-13.238092682824192,,-0.18266469916947378,0.5655134164494201,0.021709464018435515,0,False,,,,False,False,0.0,-12.886854821800995,-12.878764298859187,30,120,fixed,sub-033,think1,thinking,1,False,control,ctr,thinking,0.0,27.0,m,-11.93303051286457,0.380527267798933,13,202,0.3221476510067114,Fp1;POz,2,temporal,clean-average,primary,,,,,
-12.013904337862462,,0.8692547923053513,0.9007354327705233,0.03464918422629483,0,True,,,,False,False,0.0,-13.685355884448528,-13.68985010784651,30,120,fixed,sub-033,med2,meditation,2,False,control,ctr,thinking,0.0,27.0,m,-11.976322270457468,0.2976090614612942,14,277,0.08580858085808585,Fp1;PO3;POz,3,parieto_occipital,clean-average,primary,1.0263778468014209,-26.604104241697854,0.8984048847182626,0.016815155645536477,-13.529572019086368
-12.579365421354051,,0.589739336905791,0.9323381284874128,0.019264163989489352,0,True,,,,False,False,0.0,-13.713349076640664,-13.71374087061259,30,120,fixed,sub-033,med2,meditation,2,False,control,ctr,thinking,0.0,27.0,m,-11.976322270457468,0.2976090614612942,14,277,0.08580858085808585,Fp1;PO3;POz,3,frontal,clean-average,primary,,,,,
-11.908106127075866,,1.0731953292992547,0.933535962817782,0.03455184517123335,0,True,,,,False,False,0.0,-13.97170590107178,-13.980589775070923,30,120,fixed,sub-033,med2,meditation,2,False,control,ctr,thinking,0.0,27.0,m,-11.976322270457468,0.2976090614612942,14,277,0.08580858085808585,Fp1;PO3;POz,3,central,clean-average,primary,,,,,
-13.323240422899396,,-0.16000070385605863,0.5181574142704027,0.020565876520441152,0,False,,,,False,False,0.0,-13.01558215482611,-13.010316871809195,30,120,fixed,sub-033,med2,meditation,2,False,control,ctr,thinking,0.0,27.0,m,-11.976322270457468,0.2976090614612942,14,277,0.08580858085808585,Fp1;PO3;POz,3,temporal,clean-average,primary,,,,,
-12.625347708182861,,0.4909547471201803,0.9600625248567961,0.01705399494298132,1,True,,,,False,False,8.798463722666141e-33,-13.56938285028598,-13.56895748936174,30,120,fixed,sub-033,think2,thinking,2,False,control,ctr,thinking,0.0,27.0,m,-11.858614989680989,0.40089079462817667,12,141,0.5315614617940199,Fp1;POz,2,parieto_occipital,clean-average,primary,0.8015710950961361,-27.32472467674188,0.8306845566303487,0.02305802650258086,-13.407172059243473
-13.07419287892465,,0.26954531880174426,0.7990996012996332,0.022688895826023427,1,False,,,,False,False,1.1438288126655892e-29,-13.592489636071488,-13.591974450736258,30,120,fixed,sub-033,think2,thinking,2,False,control,ctr,thinking,0.0,27.0,m,-11.858614989680989,0.40089079462817667,12,141,0.5315614617940199,Fp1;POz,2,frontal,clean-average,primary,,,,,
-12.431763944743393,,0.7140513581848029,0.8783192254801567,0.03360949930927905,0,False,,,,False,False,0.0,-13.804781680791283,-13.810514151049306,30,120,fixed,sub-033,think2,thinking,2,False,control,ctr,thinking,0.0,27.0,m,-11.858614989680989,0.40089079462817667,12,141,0.5315614617940199,Fp1;POz,2,central,clean-average,primary,,,,,
-13.461960582858913,,-0.4326201933286018,0.8908303875360407,0.020463912547445524,0,False,,,,False,False,0.0,-12.630094370990573,-12.625342539562585,30,120,fixed,sub-033,think2,thinking,2,False,control,ctr,thinking,0.0,27.0,m,-11.858614989680989,0.40089079462817667,12,141,0.5315614617940199,Fp1;POz,2,temporal,clean-average,primary,,,,,
-9.871250085805798,,2.004377928918201,0.9812282728972994,0.03176004783765009,0,True,,,,False,False,0.0,-13.725379644698638,-13.727300172101643,30,120,fixed,sub-034,med1breath,meditation,1,False,control,ctr,meditation,0.0,30.0,f,-13.215845633871721,0.04150958703510377,5,272,0.09634551495016608,FT8;Fp1,2,parieto_occipital,clean-average,primary,2.1854970263908804,-21.534913279759607,0.9732528591732995,0.016165954116534164,-13.562327935458226
-10.22872590368933,,1.9073678555694151,0.9543063687158034,0.04687654909246125,0,True,,,,False,False,0.0,-13.896319088473463,-13.902642296794015,30,120,fixed,sub-034,med1breath,meditation,1,False,control,ctr,meditation,0.0,30.0,f,-13.215845633871721,0.04150958703510377,5,272,0.09634551495016608,FT8;Fp1,2,frontal,clean-average,primary,,,,,
-9.188870417824077,,2.6357195431204365,0.9659681576297415,0.05770065882566499,0,True,,,,False,False,0.0,-14.256978808727524,-14.277514296092884,30,120,fixed,sub-034,med1breath,meditation,1,False,control,ctr,meditation,0.0,30.0,f,-13.215845633871721,0.04150958703510377,5,272,0.09634551495016608,FT8;Fp1,2,central,clean-average,primary,,,,,
-10.550141525894583,,1.553043907559729,0.9864271661640899,0.020184255122999463,2,True,72.00000324297162,0.07732135691083464,25.783905241874898,True,False,0.05802959804574527,-13.536420881711944,-13.474321440109577,30,120,fixed,sub-034,med1breath,meditation,1,False,control,ctr,meditation,0.0,30.0,f,-13.215845633871721,0.04150958703510377,5,272,0.09634551495016608,FT8;Fp1,2,temporal,clean-average,primary,,,,,
-9.664918691703754,,2.0325736433170487,0.9779718000599287,0.03730940328815564,0,True,,,,False,False,0.0,-13.573264541212682,-13.577855901116973,30,120,fixed,sub-034,think1,thinking,1,False,control,ctr,meditation,0.0,30.0,f,-12.877299662635243,0.058671922919760644,7,216,0.2727272727272727,Fp1,1,parieto_occipital,clean-average,primary,2.1724099705637476,-21.23522508100129,0.9744674257491146,0.01697365882902188,-13.409154738757165
-10.525367964034661,,1.658608552971177,0.9889632733801655,0.018275055471457927,1,True,,,,False,False,8.787524841209113e-18,-13.714632901754682,-13.711791272283504,30,120,fixed,sub-034,think1,thinking,1,False,control,ctr,meditation,0.0,30.0,f,-12.877299662635243,0.058671922919760644,7,216,0.2727272727272727,Fp1,1,frontal,clean-average,primary,,,,,
-8.784871056749408,,2.8340671726692364,0.9755127422106902,0.04686646909102769,2,True,100.08222715691089,0.06500338380382154,16.488131905066524,True,False,0.02785609115711437,-14.234373321009336,-14.209515760190465,30,120,fixed,sub-034,think1,thinking,1,False,control,ctr,meditation,0.0,30.0,f,-12.877299662635243,0.058671922919760644,7,216,0.2727272727272727,Fp1,1,central,clean-average,primary,,,,,
-10.620912544048181,,1.4740051167264074,0.9783549477574239,0.02520512759593287,0,True,,,,False,False,0.0,-13.455211709076746,-13.448392162200284,30,120,fixed,sub-034,think1,thinking,1,False,control,ctr,meditation,0.0,30.0,f,-12.877299662635243,0.058671922919760644,7,216,0.2727272727272727,Fp1,1,temporal,clean-average,primary,,,,,
-9.679104135029243,,2.0882882193616172,0.9944458325727141,0.018179860976063437,0,True,,,,False,False,0.0,-13.694581075584683,-13.694012981407898,30,120,fixed,sub-034,med2,meditation,2,False,control,ctr,meditation,0.0,30.0,f,-13.438966779671624,0.020048306001394733,4,261,0.12416107382550334,FT8;Fp1,2,parieto_occipital,clean-average,primary,2.17773918541771,-21.5065701449737,0.986380146859571,0.02586657304417922,-13.53201450114387
-9.52218844371833,,2.3721790706202346,0.9796779941971802,0.03474329942166385,1,True,,,,False,False,0.02493874825560935,-14.0835465305133,-14.060761197575859,30,120,fixed,sub-034,med2,meditation,2,False,control,ctr,meditation,0.0,30.0,f,-13.438966779671624,0.020048306001394733,4,261,0.12416107382550334,FT8;Fp1,2,frontal,clean-average,primary,,,,,
-9.08710538218615,,2.716207355176394,0.9730003023409192,0.057664819831132405,0,True,,,,False,False,0.0,-14.309980222619853,-14.336750387462796,30,120,fixed,sub-034,med2,meditation,2,False,control,ctr,meditation,0.0,30.0,f,-13.438966779671624,0.020048306001394733,4,261,0.12416107382550334,FT8;Fp1,2,central,clean-average,primary,,,,,
-10.230672853138804,,1.8642576742967278,0.9879823043707814,0.02211355325082545,0,True,,,,False,False,0.0,-13.81537137941811,-13.8158031259906,30,120,fixed,sub-034,med2,meditation,2,False,control,ctr,meditation,0.0,30.0,f,-13.438966779671624,0.020048306001394733,4,261,0.12416107382550334,FT8;Fp1,2,temporal,clean-average,primary,,,,,
-10.068016311543417,,1.8014987718529425,0.9734456611976728,0.035044140012599936,0,True,,,,False,False,0.0,-13.53203852348972,-13.53508935442625,30,120,fixed,sub-034,think2,thinking,2,False,control,ctr,meditation,0.0,30.0,f,-12.780066449115393,0.08102740677331033,10,232,0.21885521885521886,Fp1,1,parieto_occipital,clean-average,primary,1.9687565656197965,-22.054506256147484,0.9722599871590341,0.014700906939166522,-13.370930816396097
-10.745467625263743,,1.486933094018098,0.9591907816049157,0.032765836619062794,0,True,,,,False,False,0.0,-13.604625425332001,-13.600857105534342,30,120,fixed,sub-034,think2,thinking,2,False,control,ctr,meditation,0.0,30.0,f,-12.780066449115393,0.08102740677331033,10,232,0.21885521885521886,Fp1,1,frontal,clean-average,primary,,,,,
-9.678055017959394,,2.312034409360941,0.9429185871243436,0.06913307807771515,0,True,,,,False,False,0.0,-14.123763599027592,-14.141184586481806,30,120,fixed,sub-034,think2,thinking,2,False,control,ctr,meditation,0.0,30.0,f,-12.780066449115393,0.08102740677331033,10,232,0.21885521885521886,Fp1,1,central,clean-average,primary,,,,,
-11.00602688306818,,1.2520576721861338,0.9606774252192716,0.028134067943765072,0,True,,,,False,False,0.0,-13.413553135572664,-13.405439758492408,30,120,fixed,sub-034,think2,thinking,2,False,control,ctr,meditation,0.0,30.0,f,-12.780066449115393,0.08102740677331033,10,232,0.21885521885521886,Fp1,1,temporal,clean-average,primary,,,,,
-11.741713598515705,,1.0044842992273275,0.9397544020413646,0.027836438185198948,0,True,,,,False,False,0.0,-13.673191975542773,-13.675924452756076,30,120,fixed,sub-035,med1breath,meditation,1,False,control,ctr,thinking,0.0,45.0,m,-12.167169909782002,0.2227195288576077,12,214,0.2794612794612794,Fp1,1,parieto_occipital,clean-average,primary,1.1437506829035624,-26.041977672513053,0.9421007919359654,0.0069265593861899295,-13.513724341729516
-11.52739540010133,,1.1967492635686718,0.9742654387769464,0.020703763645682875,0,True,,,,False,False,0.0,-13.828571562918423,-13.828976687674658,30,120,fixed,sub-035,med1breath,meditation,1,False,control,ctr,thinking,0.0,45.0,m,-12.167169909782002,0.2227195288576077,12,214,0.2794612794612794,Fp1,1,frontal,clean-average,primary,,,,,
-11.476651130328952,,1.4145087397888236,0.9217616785700299,0.04290642700839674,0,True,,,,False,False,0.0,-14.19654734684474,-14.201298176067128,30,120,fixed,sub-035,med1breath,meditation,1,False,control,ctr,thinking,0.0,45.0,m,-12.167169909782002,0.2227195288576077,12,214,0.2794612794612794,Fp1,1,central,clean-average,primary,,,,,
-11.59861915408148,,0.7976166625893667,0.972783632301219,0.017461339306088026,2,True,74.9089919818707,0.07983720617119339,27.96576209832841,True,False,0.04768994362226255,-13.132320913415004,-13.081965505632143,30,120,fixed,sub-035,med1breath,meditation,1,False,control,ctr,thinking,0.0,45.0,m,-12.167169909782002,0.2227195288576077,12,214,0.2794612794612794,Fp1,1,temporal,clean-average,primary,,,,,
-11.32757138395331,,1.397297279077904,0.9307375908013432,0.04682569405937501,0,True,,,,False,False,0.0,-14.014372444849677,-14.024059197589757,30,120,fixed,sub-035,think1,thinking,1,False,control,ctr,thinking,0.0,45.0,m,-12.546361944116848,0.09693073681294095,7,253,0.14814814814814814,Fp1,1,parieto_occipital,clean-average,primary,1.5574419077090407,-24.991828650219833,0.9422284325295875,-0.0008300997864764617,-13.859613980080535
-11.305733918914893,,1.3176623209430471,0.9617968641121241,0.029241357745231827,0,True,,,,False,False,0.0,-13.83940844531864,-13.842107879460588,30,120,fixed,sub-035,think1,thinking,1,False,control,ctr,thinking,0.0,45.0,m,-12.546361944116848,0.09693073681294095,7,253,0.14814814814814814,Fp1,1,frontal,clean-average,primary,,,,,
-11.020524521065663,,1.7298351567384738,0.924366812923865,0.058173613436396474,0,True,,,,False,False,0.0,-14.346747941015256,-14.357672546040584,30,120,fixed,sub-035,think1,thinking,1,False,control,ctr,thinking,0.0,45.0,m,-12.546361944116848,0.09693073681294095,7,253,0.14814814814814814,Fp1,1,central,clean-average,primary,,,,,
-11.281310268962851,,1.288479357372574,0.9813071750254476,0.020503073924433464,0,True,,,,False,False,0.0,-13.75887016703712,-13.756114848296852,30,120,fixed,sub-035,think1,thinking,1,False,control,ctr,thinking,0.0,45.0,m,-12.546361944116848,0.09693073681294095,7,253,0.14814814814814814,Fp1,1,temporal,clean-average,primary,,,,,
-11.586575103903515,,1.1409208318793098,0.9329881332820017,0.0362536098973191,0,True,,,,False,False,0.0,-13.780401247696638,-13.784517310842746,30,120,fixed,sub-035,med2,meditation,2,False,control,ctr,thinking,0.0,45.0,m,-12.317133777163344,0.13000918132980732,12,247,0.17666666666666664,Fp1,1,parieto_occipital,clean-average,primary,1.2937710191584568,-25.620354728388698,0.9485765991360715,0.005772410328750857,-13.621859276571001
-11.723347784420021,,1.023333543766608,0.9443173149426534,0.028462670429091275,0,True,,,,False,False,0.0,-13.691070539063464,-13.694904941057002,30,120,fixed,sub-035,med2,meditation,2,False,control,ctr,thinking,0.0,45.0,m,-12.317133777163344,0.13000918132980732,12,247,0.17666666666666664,Fp1,1,frontal,clean-average,primary,,,,,
-11.511964500381561,,1.3766627177857078,0.8879194378706766,0.05514464437537968,0,False,,,,False,False,0.0,-14.159088277137228,-14.171388572886913,30,120,fixed,sub-035,med2,meditation,2,False,control,ctr,thinking,0.0,45.0,m,-12.317133777163344,0.13000918132980732,12,247,0.17666666666666664,Fp1,1,central,clean-average,primary,,,,,
-11.439979413524016,,0.9264530865702325,0.9766370151694803,0.019520571698204495,0,True,,,,False,False,0.0,-13.221415027218384,-13.214714037475925,30,120,fixed,sub-035,med2,meditation,2,False,control,ctr,thinking,0.0,45.0,m,-12.317133777163344,0.13000918132980732,12,247,0.17666666666666664,Fp1,1,temporal,clean-average,primary,,,,,
-12.188636933240128,,0.8775030550893965,0.9491926457925671,0.025268183049971027,1,True,,,,False,False,7.4341757901023385e-09,-13.875948699072703,-13.879020839457167,30,120,fixed,sub-035,think2,thinking,2,False,control,ctr,thinking,0.0,45.0,m,-12.413845064051605,0.13310078391876523,9,270,0.09090909090909094,Fp1,1,parieto_occipital,clean-average,primary,1.2489106666671903,-26.025912365111754,0.9251457980747313,0.0010730380094399062,-13.713976398680934
-11.952829153156463,,0.9209488796654036,0.918870885454347,0.03112439365386467,0,True,,,,False,False,0.0,-13.723680971138405,-13.726809789668168,30,120,fixed,sub-035,think2,thinking,2,False,control,ctr,thinking,0.0,45.0,m,-12.413845064051605,0.13310078391876523,9,270,0.09090909090909094,Fp1,1,frontal,clean-average,primary,,,,,
-11.50611649679627,,1.4328003201010588,0.8898507538304581,0.06047740738697506,0,False,,,,False,False,0.0,-14.261184783081507,-14.272488469730371,30,120,fixed,sub-035,think2,thinking,2,False,control,ctr,thinking,0.0,45.0,m,-12.413845064051605,0.13310078391876523,9,270,0.09090909090909094,Fp1,1,central,clean-average,primary,,,,,
-12.148617503643287,,0.7041729219347774,0.9178909290995072,0.02406274556566867,0,True,,,,False,False,0.0,-13.502640432076523,-13.505325761571491,30,120,fixed,sub-035,think2,thinking,2,False,control,ctr,thinking,0.0,45.0,m,-12.413845064051605,0.13310078391876523,9,270,0.09090909090909094,Fp1,1,temporal,clean-average,primary,,,,,
-10.244316417369989,,1.8076802774059915,0.9969668994612697,0.013227542666146808,1,True,69.00536753836887,0.090978898496898,29.999999371767494,False,True,0.04934138623269455,-13.720224772606308,-13.667309299843316,30,120,fixed,sub-036,med1breath,meditation,1,False,control,ctr,meditation,0.0,50.0,m,-13.361918314775346,0.08712055222106685,6,250,0.16387959866220736,AF8;Fp1;P7,3,parieto_occipital,clean-average,primary,1.9400567896765595,-22.571924532650733,0.9756811142862022,0.0945875889715375,-13.521907077970445
-10.253138245257283,,1.830357670074391,0.987075393192551,0.029831173903806678,0,True,,,,False,False,0.0,-13.77265195462413,-13.758451330271857,30,120,fixed,sub-036,med1breath,meditation,1,False,control,ctr,meditation,0.0,50.0,m,-13.361918314775346,0.08712055222106685,6,250,0.16387959866220736,AF8;Fp1;P7,3,frontal,clean-average,primary,,,,,
-9.858618380543192,,2.1434942275056232,0.9946803108903065,0.016894399716828674,0,True,,,,False,False,0.0,-13.980248509450254,-13.980415369936356,30,120,fixed,sub-036,med1breath,meditation,1,False,control,ctr,meditation,0.0,50.0,m,-13.361918314775346,0.08712055222106685,6,250,0.16387959866220736,AF8;Fp1;P7,3,central,clean-average,primary,,,,,
-10.588548124758354,,1.734410244220722,0.9938006826039041,0.017925400008226653,3,True,68.66061843729219,0.1255536719169914,20.744697831162018,True,False,0.07545534185486236,-13.923568777827237,-13.841527345797878,30,120,fixed,sub-036,med1breath,meditation,1,False,control,ctr,meditation,0.0,50.0,m,-13.361918314775346,0.08712055222106685,6,250,0.16387959866220736,AF8;Fp1;P7,3,temporal,clean-average,primary,,,,,
-10.499234538358365,,1.8140896102352917,0.9942428809075714,0.01501217465916755,0,True,,,,False,False,0.0,-13.98746711586524,-13.987894502737221,30,120,fixed,sub-036,think1,thinking,1,False,control,ctr,meditation,0.0,50.0,m,-11.742086774810405,0.4972609572864566,17,289,0.03344481605351168,Fp1,1,parieto_occipital,clean-average,primary,1.92887386251429,-23.287060651628423,0.9891147952126482,0.005748399235635419,-13.823587391891387
-10.860101840086791,,1.6403845608488798,0.9895593363224486,0.018803970074084755,0,True,,,,False,False,0.0,-14.014324670374766,-14.00949855814671,30,120,fixed,sub-036,think1,thinking,1,False,control,ctr,meditation,0.0,50.0,m,-11.742086774810405,0.4972609572864566,17,289,0.03344481605351168,Fp1,1,frontal,clean-average,primary,,,,,
-10.058656931520547,,2.111646891505529,0.9807866352541976,0.03247162032910266,0,True,,,,False,False,0.0,-14.119049228340623,-14.130667417861062,30,120,fixed,sub-036,think1,thinking,1,False,control,ctr,meditation,0.0,50.0,m,-11.742086774810405,0.4972609572864566,17,289,0.03344481605351168,Fp1,1,central,clean-average,primary,,,,,
-10.984252293769838,,1.552878111707905,0.9889206017628087,0.020249317058429635,0,True,,,,False,False,0.0,-13.970212848085735,-13.967944765040313,30,120,fixed,sub-036,think1,thinking,1,False,control,ctr,meditation,0.0,50.0,m,-11.742086774810405,0.4972609572864566,17,289,0.03344481605351168,Fp1,1,temporal,clean-average,primary,,,,,
-10.572015980821195,,1.7694048047296862,0.9935840561936,0.017415585379261234,0,True,,,,False,False,0.0,-13.97432612461544,-13.981124552482612,30,120,fixed,sub-036,think2,thinking,2,False,control,ctr,meditation,0.0,50.0,m,-11.987551033157807,0.6880665810516746,17,272,0.08108108108108103,Fp1,1,parieto_occipital,clean-average,primary,1.8559035606603351,-23.57992152853215,0.9899014381816968,-0.0034482073063779994,-13.813196841068468
-11.056292858559793,,1.487745563738934,0.9907259568273604,0.017993420167456975,0,True,,,,False,False,0.0,-13.917012920675345,-13.913603300583121,30,120,fixed,sub-036,think2,thinking,2,False,control,ctr,meditation,0.0,50.0,m,-11.987551033157807,0.6880665810516746,17,272,0.08108108108108103,Fp1,1,frontal,clean-average,primary,,,,,
-10.155836278623955,,2.0761620975427246,0.9800551776270606,0.030984340136329273,0,True,,,,False,False,0.0,-14.147996436519469,-14.158894774318856,30,120,fixed,sub-036,think2,thinking,2,False,control,ctr,meditation,0.0,50.0,m,-11.987551033157807,0.6880665810516746,17,272,0.08108108108108103,Fp1,1,central,clean-average,primary,,,,,
-11.249303094054305,,1.3809955438153014,0.9836287489762968,0.020210858907060574,0,True,,,,False,False,0.0,-13.904758270110104,-13.903546825235567,30,120,fixed,sub-036,think2,thinking,2,False,control,ctr,meditation,0.0,50.0,m,-11.987551033157807,0.6880665810516746,17,272,0.08108108108108103,Fp1,1,temporal,clean-average,primary,,,,,
-12.23819848574811,,0.8468928763451573,0.9056672075230854,0.035298465203462984,0,True,,,,False,False,0.0,-13.866651294395485,-13.873346226726058,30,120,fixed,sub-037,med1breath,meditation,1,False,control,ctr,thinking,0.0,47.0,m,-12.341521306005099,0.41970589197216845,16,216,0.2775919732441472,Fp1;PO4,2,parieto_occipital,clean-average,primary,0.9829729063902682,-27.186160464901388,0.9394704502785709,0.00474345369142951,-13.702756967095745
-12.805698539435243,,0.5705711441200645,0.9121712788517826,0.022762375654760292,0,True,,,,False,False,0.0,-13.90282452564649,-13.90642445146238,30,120,fixed,sub-037,med1breath,meditation,1,False,control,ctr,thinking,0.0,47.0,m,-12.341521306005099,0.41970589197216845,16,216,0.2775919732441472,Fp1;PO4,2,frontal,clean-average,primary,,,,,
-11.722181408755603,,1.2686216892250974,0.9795569554998542,0.02114924664998872,2,True,97.63044635440916,0.05237129170717658,18.12997479047933,True,False,0.026370438007756097,-14.161557876113696,-14.139892832817173,30,120,fixed,sub-037,med1breath,meditation,1,False,control,ctr,thinking,0.0,47.0,m,-12.341521306005099,0.41970589197216845,16,216,0.2775919732441472,Fp1;PO4,2,central,clean-average,primary,,,,,
-12.684305991232428,,0.42914838268334654,0.8613559203498291,0.021624416074996995,0,False,,,,False,False,0.0,-13.50949641215451,-13.506576250204416,30,120,fixed,sub-037,med1breath,meditation,1,False,control,ctr,thinking,0.0,47.0,m,-12.341521306005099,0.41970589197216845,16,216,0.2775919732441472,Fp1;PO4,2,temporal,clean-average,primary,,,,,
-12.608122912542267,,0.5529178482603845,0.8516341242046745,0.02907261314292184,0,False,,,,False,False,0.0,-13.671304157892498,-13.67543710423519,30,120,fixed,sub-037,think1,thinking,1,False,control,ctr,thinking,0.0,47.0,m,-12.355007027542385,0.6604300277343618,21,244,0.29885057471264365,Fp1;O2;P2;P4;PO4,5,parieto_occipital,clean-average,primary,0.7151903422192373,-27.93847060826219,0.9105797388449239,0.005526576874351448,-13.512706582163007
-13.09545967826744,,0.2668036182852883,0.5666644083398145,0.030883442791258122,0,False,,,,False,False,0.0,-13.608484540902944,-13.615305461197952,30,120,fixed,sub-037,think1,thinking,1,False,control,ctr,thinking,0.0,47.0,m,-12.355007027542385,0.6604300277343618,21,244,0.29885057471264365,Fp1;O2;P2;P4;PO4,5,frontal,clean-average,primary,,,,,
-12.185523533502275,,1.0019040592154445,0.9557988286444089,0.024550318097086334,1,True,,,,False,False,0.02136246160748529,-14.112040481272235,-14.095390291435839,30,120,fixed,sub-037,think1,thinking,1,False,control,ctr,thinking,0.0,47.0,m,-12.355007027542385,0.6604300277343618,21,244,0.29885057471264365,Fp1;O2;P2;P4;PO4,5,central,clean-average,primary,,,,,
-12.98492114628389,,0.2797574559052246,0.6545510428247985,0.02529522869975573,0,False,,,,False,False,0.0,-13.522854369639093,-13.524477467462878,30,120,fixed,sub-037,think1,thinking,1,False,control,ctr,thinking,0.0,47.0,m,-12.355007027542385,0.6604300277343618,21,244,0.29885057471264365,Fp1;O2;P2;P4;PO4,5,temporal,clean-average,primary,,,,,
-11.76344843100078,,1.0673456214072594,0.9237715694579108,0.0418791827224868,0,True,,,,False,False,0.0,-13.815800060735995,-13.8327598381907,30,120,fixed,sub-037,med2,meditation,2,False,control,ctr,thinking,0.0,47.0,m,-12.58542213304589,0.16721237241294606,12,226,0.23905723905723908,Fp1;Fp2;Fpz;PO4,4,parieto_occipital,clean-average,primary,1.1825284750905287,-26.169034276671965,0.9447923265606868,-0.02254423146104223,-13.649410509476999
-11.71497211515086,,1.0798136539747367,0.9895703409419813,0.0144485975846279,2,True,,,,False,False,0.024864278770600257,-13.79129797258349,-13.768887134352873,30,120,fixed,sub-037,med2,meditation,2,False,control,ctr,thinking,0.0,47.0,m,-12.58542213304589,0.16721237241294606,12,226,0.23905723905723908,Fp1;Fp2;Fpz;PO4,4,frontal,clean-average,primary,,,,,
-10.681163956577581,,1.789140336920951,0.9913461433930137,0.019955965875846634,4,True,98.56667010018906,0.08774709726803565,14.80111443139831,True,False,0.039115743376046175,-14.121422681266395,-14.085947642442056,30,120,fixed,sub-037,med2,meditation,2,False,control,ctr,thinking,0.0,47.0,m,-12.58542213304589,0.16721237241294606,12,226,0.23905723905723908,Fp1;Fp2;Fpz;PO4,4,central,clean-average,primary,,,,,
-11.999947611970832,,0.7413661572039705,0.9526307769309014,0.02039284980022592,0,True,,,,False,False,0.0,-13.425487765461128,-13.43213040536502,30,120,fixed,sub-037,med2,meditation,2,False,control,ctr,thinking,0.0,47.0,m,-12.58542213304589,0.16721237241294606,12,226,0.23905723905723908,Fp1;Fp2;Fpz;PO4,4,temporal,clean-average,primary,,,,,
-12.477198452767656,,0.6346709115229454,0.8627099413481938,0.03202182980720048,0,False,,,,False,False,0.0,-13.697579043163726,-13.707153432097737,30,120,fixed,sub-037,think2,thinking,2,False,control,ctr,thinking,0.0,47.0,m,-12.205043725595282,0.7669317551408216,15,161,0.45608108108108103,Fp1;O2;P2;P4;PO4,5,parieto_occipital,clean-average,primary,0.7889476423174956,-27.663052691245763,0.9096519339301394,-2.1966728012592298e-05,-13.534874417831839
-13.008472788239231,,0.26413779261627546,0.9016130623280492,0.017461626067091035,1,True,,,,False,False,4.441157554946578e-12,-13.516371652747553,-13.520836133845032,30,120,fixed,sub-037,think2,thinking,2,False,control,ctr,thinking,0.0,47.0,m,-12.205043725595282,0.7669317551408216,15,161,0.45608108108108103,Fp1;O2;P2;P4;PO4,5,frontal,clean-average,primary,,,,,
-12.402770763977506,,0.6419940701785323,0.8929334937672572,0.029778587939292625,0,False,,,,False,False,0.0,-13.637232731858205,-13.64467496430617,30,120,fixed,sub-037,think2,thinking,2,False,control,ctr,thinking,0.0,47.0,m,-12.205043725595282,0.7669317551408216,15,161,0.45608108108108103,Fp1;O2;P2;P4;PO4,5,central,clean-average,primary,,,,,
-13.4680450674413,,-0.05711670325971735,0.1570918746795261,0.02405822520884526,1,False,,,,False,False,2.5637050135455522e-05,-13.358217888063706,-13.352178686356746,30,120,fixed,sub-037,think2,thinking,2,False,control,ctr,thinking,0.0,47.0,m,-12.205043725595282,0.7669317551408216,15,161,0.45608108108108103,Fp1;O2;P2;P4;PO4,5,temporal,clean-average,primary,,,,,
-10.574917290581375,,1.746997315028991,0.9721586012756235,0.03330554442664396,0,True,,,,False,False,0.0,-13.934141064709472,-13.940139908786863,30,120,fixed,sub-038,med1breath,meditation,1,False,control,ctr,meditation,0.0,36.0,f,-12.626900605409189,0.09327193550008472,7,242,0.18518518518518523,Fp1,1,parieto_occipital,clean-average,primary,1.8044084222278816,-23.692517679607523,0.9807528541978557,-0.0029033400181247464,-13.768120011502214
-10.75483865673242,,1.627403888552852,0.9506088066520345,0.03825556470918519,0,True,,,,False,False,0.0,-13.884101527090376,-13.883586300549162,30,120,fixed,sub-038,med1breath,meditation,1,False,control,ctr,meditation,0.0,36.0,f,-12.626900605409189,0.09327193550008472,7,242,0.18518518518518523,Fp1,1,frontal,clean-average,primary,,,,,
-10.183738217028624,,2.1641497785319106,0.9511286128794197,0.0599591696532772,0,True,,,,False,False,0.0,-14.345085990306577,-14.361756464621275,30,120,fixed,sub-038,med1breath,meditation,1,False,control,ctr,meditation,0.0,36.0,f,-12.626900605409189,0.09327193550008472,7,242,0.18518518518518523,Fp1,1,central,clean-average,primary,,,,,
-11.37043592871812,,1.1528536235071414,0.9719287608046625,0.022545316159879352,0,True,,,,False,False,0.0,-13.587207109108084,-13.585393896879868,30,120,fixed,sub-038,med1breath,meditation,1,False,control,ctr,meditation,0.0,36.0,f,-12.626900605409189,0.09327193550008472,7,242,0.18518518518518523,Fp1,1,temporal,clean-average,primary,,,,,
-11.149154883138788,,1.3871093148180327,0.9669257368087671,0.031027781926695457,0,True,,,,False,False,0.0,-13.816365958717311,-13.822035352190026,30,120,fixed,sub-038,think1,thinking,1,False,control,ctr,meditation,0.0,36.0,f,-12.48827858414426,0.18305265340589605,6,231,0.2222222222222222,F3;F6;FT7;Fp1;Oz;P8;P9;TP8,8,parieto_occipital,clean-average,primary,1.4190213421933815,-25.13747341347273,0.9828220818845086,-0.001964227796043646,-13.652345573851495
-11.41868636069973,,1.0981167890849766,0.9653819602283681,0.02454193001830371,0,True,,,,False,False,0.0,-13.530206506111204,-13.524583187601023,30,120,fixed,sub-038,think1,thinking,1,False,control,ctr,meditation,0.0,36.0,f,-12.48827858414426,0.18305265340589605,6,231,0.2222222222222222,F3;F6;FT7;Fp1;Oz;P8;P9;TP8,8,frontal,clean-average,primary,,,,,
-10.682575451387493,,1.8150213890603777,0.9545722679162951,0.04359213648766858,1,True,,,,False,False,0.024319415385306763,-14.17259970513481,-14.152446805701484,30,120,fixed,sub-038,think1,thinking,1,False,control,ctr,meditation,0.0,36.0,f,-12.48827858414426,0.18305265340589605,6,231,0.2222222222222222,F3;F6;FT7;Fp1;Oz;P8;P9;TP8,8,central,clean-average,primary,,,,,
-12.171069642431956,,0.5889954684883437,0.9277041753604872,0.021658528850857124,0,True,,,,False,False,0.0,-13.303622946079665,-13.30136712375101,30,120,fixed,sub-038,think1,thinking,1,False,control,ctr,meditation,0.0,36.0,f,-12.48827858414426,0.18305265340589605,6,231,0.2222222222222222,F3;F6;FT7;Fp1;Oz;P8;P9;TP8,8,temporal,clean-average,primary,,,,,
-10.268886471152864,,1.9170359942680248,0.9601585592429699,0.04491377826820042,0,True,,,,False,False,0.0,-13.955070091702723,-13.96480519486991,30,120,fixed,sub-038,med2,meditation,2,False,control,ctr,meditation,0.0,36.0,f,-13.37408070227005,0.02515243296109948,6,286,0.03703703703703709,Fp1,1,parieto_occipital,clean-average,primary,1.9930218014603451,-22.90918459547462,0.9712081096506502,-0.006713071796670334,-13.794629911696475
-10.333491749444796,,1.8850511658303242,0.9228300097196304,0.06000624915836742,0,True,,,,False,False,0.0,-13.95817315978802,-13.96339376690202,30,120,fixed,sub-038,med2,meditation,2,False,control,ctr,meditation,0.0,36.0,f,-13.37408070227005,0.02515243296109948,6,286,0.03703703703703709,Fp1,1,frontal,clean-average,primary,,,,,
-9.447651332678545,,2.56272213952699,0.9519028544282966,0.05939535314953553,2,True,93.3435799716963,0.06542654427750172,2.0000000266178426,False,True,0.03678683091069732,-14.375396248783714,-14.347351227715308,30,120,fixed,sub-038,med2,meditation,2,False,control,ctr,meditation,0.0,36.0,f,-13.37408070227005,0.02515243296109948,6,286,0.03703703703703709,Fp1,1,central,clean-average,primary,,,,,
-11.35987858885321,,1.1149401577431268,0.9511340631674258,0.026763622739437342,0,True,,,,False,False,0.0,-13.503747644861859,-13.496976871452699,30,120,fixed,sub-038,med2,meditation,2,False,control,ctr,meditation,0.0,36.0,f,-13.37408070227005,0.02515243296109948,6,286,0.03703703703703709,Fp1,1,temporal,clean-average,primary,,,,,
-11.491695833774436,,1.19946979186734,0.9850199479659569,0.021209957153352537,1,True,,,,False,False,6.94556776369313e-37,-13.798103179982855,-13.800379198169365,30,120,fixed,sub-038,think2,thinking,2,False,control,ctr,meditation,0.0,36.0,f,-12.097122565066591,0.12127937823121315,11,63,0.7892976588628763,F3;Fp1;Oz;P8;P9;PO3;TP8,7,parieto_occipital,clean-average,primary,1.3546322936207367,-25.358893659469594,0.9786161059266731,-0.007179614634885021,-13.62088337822377
-11.548928610281145,,1.099129304064725,0.9825625812869663,0.019883529248663573,4,True,95.30206687089255,0.08559460961506637,3.4940025482135897,True,False,0.026011311248502193,-13.662395675909591,-13.63858177432127,30,120,fixed,sub-038,think2,thinking,2,False,control,ctr,meditation,0.0,36.0,f,-12.097122565066591,0.12127937823121315,11,63,0.7892976588628763,F3;Fp1;Oz;P8;P9;PO3;TP8,7,frontal,clean-average,primary,,,,,
-11.655264982585686,,1.3276443851046795,0.9552469858504036,0.03238561531703041,2,True,107.00000004733376,0.04165567318487007,29.99999998803859,False,True,0.01556501954573666,-14.208133578126324,-14.193218295406421,30,120,fixed,sub-038,think2,thinking,2,False,control,ctr,meditation,0.0,36.0,f,-12.097122565066591,0.12127937823121315,11,63,0.7892976588628763,F3;Fp1;Oz;P8;P9;PO3;TP8,7,central,clean-average,primary,,,,,
-11.49241066099934,,0.9989217994765864,0.9559768640534106,0.028783358632697563,2,True,99.49999999999999,0.0462010419279153,29.99999974455321,False,True,0.026115370269265522,-13.413193153581984,-13.391317783413719,30,120,fixed,sub-038,think2,thinking,2,False,control,ctr,meditation,0.0,36.0,f,-12.097122565066591,0.12127937823121315,11,63,0.7892976588628763,F3;Fp1;Oz;P8;P9;PO3;TP8,7,temporal,clean-average,primary,,,,,
-12.354048891531237,,0.7587450881575803,0.8203997083257375,0.04488893955523509,0,False,,,,False,False,0.0,-13.813006221754474,-13.823817978184026,30,120,fixed,sub-039,med1breath,meditation,1,False,control,ctr,thinking,0.0,33.0,m,-12.063956876520344,0.4734198233197173,17,213,0.2828282828282829,Fp1,1,parieto_occipital,clean-average,primary,0.9304110565265541,-27.29575052880521,0.8551105776413591,-0.004992109304110015,-13.654907455083551
-12.245869445908246,,0.8816782359732187,0.8110541925195822,0.04184865104058169,1,False,109.1848710305633,0.08602817558638343,29.999950832538133,False,True,0.0338099639494586,-13.941209482171216,-13.91124097554213,30,120,fixed,sub-039,med1breath,meditation,1,False,control,ctr,thinking,0.0,33.0,m,-12.063956876520344,0.4734198233197173,17,213,0.2828282828282829,Fp1,1,frontal,clean-average,primary,,,,,
-12.582141761426398,,0.7445481419665888,0.9569205076680967,0.03043105525332956,1,True,,,,False,False,4.707559820322337e-11,-14.013800412507704,-14.02981614931914,30,120,fixed,sub-039,med1breath,meditation,1,False,control,ctr,thinking,0.0,33.0,m,-12.063956876520344,0.4734198233197173,17,213,0.2828282828282829,Fp1,1,central,clean-average,primary,,,,,
-13.198186752204064,,0.07308115644983937,0.09123040902303546,0.02920252871101796,0,False,,,,False,False,0.0,-13.338711271661037,-13.337154057219852,30,120,fixed,sub-039,med1breath,meditation,1,False,control,ctr,thinking,0.0,33.0,m,-12.063956876520344,0.4734198233197173,17,213,0.2828282828282829,Fp1,1,temporal,clean-average,primary,,,,,
-11.986927126588308,,0.969557770865396,0.8996994284385665,0.03291300680828525,1,False,,,,False,False,0.020807195494826392,-13.851246828892847,-13.832490115858324,30,120,fixed,sub-039,think1,thinking,1,False,control,ctr,thinking,0.0,33.0,m,-11.983001265784203,0.4933017744793058,14,192,0.3621262458471761,Fp1,1,parieto_occipital,clean-average,primary,0.9655118779269861,-27.146524371583524,0.8873468761223281,-0.0013528992321057782,-13.656503854749811
-12.028227753986444,,0.836480342905707,0.8731639608486166,0.030685462499517476,1,False,,,,False,False,0.012925362811330355,-13.636658763185245,-13.624837109244206,30,120,fixed,sub-039,think1,thinking,1,False,control,ctr,thinking,0.0,33.0,m,-11.983001265784203,0.4933017744793058,14,192,0.3621262458471761,Fp1,1,frontal,clean-average,primary,,,,,
-12.204529719861643,,0.9829121747382961,0.9568188696885908,0.03492379387657764,1,True,,,,False,False,3.0243865759740757e-12,-14.094528013995278,-14.111200562054448,30,120,fixed,sub-039,think1,thinking,1,False,control,ctr,thinking,0.0,33.0,m,-11.983001265784203,0.4933017744793058,14,192,0.3621262458471761,Fp1,1,central,clean-average,primary,,,,,
-13.236707749046685,,0.03883888564198759,0.016853048408735256,0.037618289598805386,0,False,,,,False,False,0.0,-13.311389322330639,-13.321650285389616,30,120,fixed,sub-039,think1,thinking,1,False,control,ctr,thinking,0.0,33.0,m,-11.983001265784203,0.4933017744793058,14,192,0.3621262458471761,Fp1,1,temporal,clean-average,primary,,,,,
-11.64857047263685,,1.2355952371214367,0.9406947007792229,0.04196068299893762,0,True,,,,False,False,0.0,-14.024441837767654,-14.037190444186066,30,120,fixed,sub-039,med2,meditation,2,False,control,ctr,thinking,0.0,33.0,m,-12.155002154851445,0.4070543014096608,13,259,0.13377926421404684,Fp1,1,parieto_occipital,clean-average,primary,1.3410272458217822,-25.963451692788595,0.95451008907253,-0.004074005977325032,-13.865161553199894
-11.773590178289986,,1.1042194998856067,0.9448027003678429,0.03351734455944279,0,True,,,,False,False,0.0,-13.896844956051343,-13.901688092032959,30,120,fixed,sub-039,med2,meditation,2,False,control,ctr,thinking,0.0,33.0,m,-12.155002154851445,0.4070543014096608,13,259,0.13377926421404684,Fp1,1,frontal,clean-average,primary,,,,,
-11.083627312570387,,1.6686191984439702,0.9553025267644901,0.04092436613438633,2,True,104.58212111962607,0.08140308819561959,26.309472152407835,True,False,0.034969051844960006,-14.292141277164852,-14.260794955876934,30,120,fixed,sub-039,med2,meditation,2,False,control,ctr,thinking,0.0,33.0,m,-12.155002154851445,0.4070543014096608,13,259,0.13377926421404684,Fp1,1,central,clean-average,primary,,,,,
-12.359938313070558,,0.637116622944363,0.9369657263546263,0.019972664346512434,0,True,,,,False,False,0.0,-13.585021653654513,-13.580538572476907,30,120,fixed,sub-039,med2,meditation,2,False,control,ctr,thinking,0.0,33.0,m,-12.155002154851445,0.4070543014096608,13,259,0.13377926421404684,Fp1,1,temporal,clean-average,primary,,,,,
-11.920255372484927,,0.984902058136921,0.9206009408303668,0.031172283192076218,1,True,,,,False,False,0.017429421871631927,-13.81407992528702,-13.799037096666234,30,120,fixed,sub-039,think2,thinking,2,False,control,ctr,thinking,0.0,33.0,m,-12.061015067989748,0.4258116600486367,18,122,0.6,Fp1,1,parieto_occipital,clean-average,primary,1.051279790589976,-26.71152069628483,0.9284812606834947,-0.005487605000133515,-13.62812061233148
-12.225708018947573,,0.7485368352062324,0.9117191794030242,0.02775974348624396,0,True,,,,False,False,0.0,-13.665036351626581,-13.66688497801294,30,120,fixed,sub-039,think2,thinking,2,False,control,ctr,thinking,0.0,33.0,m,-12.061015067989748,0.4258116600486367,18,122,0.6,Fp1,1,frontal,clean-average,primary,,,,,
-12.18398087319697,,0.9786966768490725,0.9609058016479197,0.025895698425986872,4,True,98.50786213472223,0.09897554718454593,2.000000000000034,False,True,0.03495717066048982,-14.065873373115902,-14.035695370819802,30,120,fixed,sub-039,think2,thinking,2,False,control,ctr,thinking,0.0,33.0,m,-12.061015067989748,0.4258116600486367,18,122,0.6,Fp1,1,central,clean-average,primary,,,,,
-13.027220610386784,,0.16224483891539462,0.2847048968766198,0.031873486437512005,0,False,,,,False,False,0.0,-13.339194026387792,-13.345060692198851,30,120,fixed,sub-039,think2,thinking,2,False,control,ctr,thinking,0.0,33.0,m,-12.061015067989748,0.4258116600486367,18,122,0.6,Fp1,1,temporal,clean-average,primary,,,,,
-11.223018606637957,,1.3288219463836273,0.9691680698433837,0.028229932856159736,0,True,,,,False,False,0.0,-13.778151482615492,-13.783512164313018,30,120,fixed,sub-040,med1breath,meditation,1,False,control,ctr,meditation,0.0,38.0,m,-12.264754501865815,0.13323812817230174,5,81,0.7281879194630873,Fp1,1,parieto_occipital,clean-average,primary,1.442544614345398,-24.926201055992767,0.9564494308048843,0.009528096953855356,-13.605786364900734
-11.187434798349065,,1.2719232803918732,0.9796989964883249,0.02294243702094126,0,True,,,,False,False,0.0,-13.633159749156144,-13.639636344468313,30,120,fixed,sub-040,med1breath,meditation,1,False,control,ctr,meditation,0.0,38.0,m,-12.264754501865815,0.13323812817230174,5,81,0.7281879194630873,Fp1,1,frontal,clean-average,primary,,,,,
-11.305451351128282,,1.531813572294468,0.9831974998893988,0.02730331392102733,3,True,90.99999999999999,0.03876342069146688,29.983115306965036,False,True,0.02543915063112261,-14.250907835415022,-14.23053165079505,30,120,fixed,sub-040,med1breath,meditation,1,False,control,ctr,meditation,0.0,38.0,m,-12.264754501865815,0.13323812817230174,5,81,0.7281879194630873,Fp1,1,central,clean-average,primary,,,,,
-11.616818388478775,,1.0558973444226092,0.9629472611498496,0.02732280624559454,4,True,80.74779353331401,0.10747936300251304,2.0000000000000004,False,True,0.032130644366627326,-13.647156633368578,-13.618111418882604,30,120,fixed,sub-040,med1breath,meditation,1,False,control,ctr,meditation,0.0,38.0,m,-12.264754501865815,0.13323812817230174,5,81,0.7281879194630873,Fp1,1,temporal,clean-average,primary,,,,,
-11.271079474952712,,1.397763412959236,0.9892326417107209,0.018188142007299034,4,True,104.78965935874236,0.08614999006063506,6.511347435615163,True,False,0.031931516674276586,-13.95877684404751,-13.92910459125864,30,120,fixed,sub-040,think1,thinking,1,False,control,ctr,meditation,0.0,38.0,m,-11.633580897135346,0.43952203154079184,16,218,0.2733333333333333,Fp1,1,parieto_occipital,clean-average,primary,1.621363554025334,-24.446081415530166,0.9431037751687092,-9.0712758839328e-05,-13.747092808150342
-10.930459398686214,,1.4773565837826876,0.9899928628384977,0.017784592388058008,1,True,,,,False,False,0.018898845563937006,-13.771202951303021,-13.755506820384516,30,120,fixed,sub-040,think1,thinking,1,False,control,ctr,meditation,0.0,38.0,m,-11.633580897135346,0.43952203154079184,16,218,0.2733333333333333,Fp1,1,frontal,clean-average,primary,,,,,
-10.729908776775664,,1.8548331827428932,0.9780123874021482,0.03614965393522099,0,True,,,,False,False,0.0,-14.296485365594416,-14.308970845632556,30,120,fixed,sub-040,think1,thinking,1,False,control,ctr,meditation,0.0,38.0,m,-11.633580897135346,0.43952203154079184,16,218,0.2733333333333333,Fp1,1,central,clean-average,primary,,,,,
-11.340642181407869,,1.2500861629344773,0.9863850625969838,0.019103957262596043,0,True,,,,False,False,0.0,-13.744377506077432,-13.740510282625031,30,120,fixed,sub-040,think1,thinking,1,False,control,ctr,meditation,0.0,38.0,m,-11.633580897135346,0.43952203154079184,16,218,0.2733333333333333,Fp1,1,temporal,clean-average,primary,,,,,
-11.327183959147943,,1.3790892972238622,0.9903092961055979,0.01746398908163954,2,True,,,,False,False,0.02024735619674889,-13.978973698048103,-13.959209504018537,30,120,fixed,sub-040,med2,meditation,2,False,control,ctr,meditation,0.0,38.0,m,-11.416440363248768,0.48462117170666164,11,208,0.5574468085106383,Fp1,1,parieto_occipital,clean-average,primary,1.6117509607290956,-24.549287204446436,0.9556592664302398,0.007588767239399849,-13.77164784555455
-10.958666142144455,,1.4821183260282025,0.982879667168818,0.025191101142525898,0,True,,,,False,False,0.0,-13.808565838059133,-13.814664594391205,30,120,fixed,sub-040,med2,meditation,2,False,control,ctr,meditation,0.0,38.0,m,-11.416440363248768,0.48462117170666164,11,208,0.5574468085106383,Fp1,1,frontal,clean-average,primary,,,,,
-10.966934200662033,,1.7105984216126446,0.9763579998996624,0.03301466151714214,0,True,,,,False,False,0.0,-14.256168154505765,-14.268035722492767,30,120,fixed,sub-040,med2,meditation,2,False,control,ctr,meditation,0.0,38.0,m,-11.416440363248768,0.48462117170666164,11,208,0.5574468085106383,Fp1,1,central,clean-average,primary,,,,,
-11.95445451809724,,0.8965940100388683,0.9599360481457331,0.023984830140735425,0,True,,,,False,False,0.0,-13.6784754357902,-13.674192158446145,30,120,fixed,sub-040,med2,meditation,2,False,control,ctr,meditation,0.0,38.0,m,-11.416440363248768,0.48462117170666164,11,208,0.5574468085106383,Fp1,1,temporal,clean-average,primary,,,,,
-10.793099763129678,,1.6575876807134287,0.9523908003894761,0.047405288571314284,0,True,,,,False,False,0.0,-13.980401710792949,-13.988019084889121,30,120,fixed,sub-040,think2,thinking,2,False,control,ctr,meditation,0.0,38.0,m,-11.427179308927471,0.2265453745885262,11,173,0.4175084175084175,Fp1,1,parieto_occipital,clean-average,primary,1.8096042562690244,-23.769903453001255,0.9580670169119703,0.007616349617592984,-13.814436748457863
-11.453271077675481,,1.055303407730982,0.9755317469966277,0.021945307800612438,0,True,,,,False,False,0.0,-13.482467268002472,-13.473049389371125,30,120,fixed,sub-040,think2,thinking,2,False,control,ctr,meditation,0.0,38.0,m,-11.427179308927471,0.2265453745885262,11,173,0.4175084175084175,Fp1,1,frontal,clean-average,primary,,,,,
-10.696882661542963,,1.8859023189753477,0.9766726314919659,0.037721369080968535,0,True,,,,False,False,0.0,-14.323200716576821,-14.331726700717402,30,120,fixed,sub-040,think2,thinking,2,False,control,ctr,meditation,0.0,38.0,m,-11.427179308927471,0.2265453745885262,11,173,0.4175084175084175,Fp1,1,central,clean-average,primary,,,,,
-11.350903608272473,,1.2549301887371358,0.9801783193414213,0.023268604315219266,0,True,,,,False,False,0.0,-13.763953295648147,-13.759523801109976,30,120,fixed,sub-040,think2,thinking,2,False,control,ctr,meditation,0.0,38.0,m,-11.427179308927471,0.2265453745885262,11,173,0.4175084175084175,Fp1,1,temporal,clean-average,primary,,,,,
-11.010017664081682,,1.496603808899592,0.9907072254248277,0.019083114319975145,0,True,,,,False,False,0.0,-13.887770853543651,-13.886598666980339,30,120,fixed,sub-041,med1breath,meditation,1,False,control,ctr,thinking,0.0,27.0,m,-12.958660750713378,0.19614968267508992,7,260,0.1362126245847176,Fp1,1,parieto_occipital,clean-average,primary,1.5901388433244494,-24.560462669129826,0.9916525798337521,0.023061654771532374,-13.723598665908245
-11.215661362338455,,1.5167742078052437,0.9880522628272734,0.022190741541479837,0,True,,,,False,False,0.0,-14.132199318642718,-14.137672408755755,30,120,fixed,sub-041,med1breath,meditation,1,False,control,ctr,thinking,0.0,27.0,m,-12.958660750713378,0.19614968267508992,7,260,0.1362126245847176,Fp1,1,frontal,clean-average,primary,,,,,
-10.456252313024525,,2.0187513265097894,0.991538258106525,0.02030793926472607,1,True,,,,False,False,0.016638577659522275,-14.338019841643641,-14.324823974507474,30,120,fixed,sub-041,med1breath,meditation,1,False,control,ctr,thinking,0.0,27.0,m,-12.958660750713378,0.19614968267508992,7,260,0.1362126245847176,Fp1,1,central,clean-average,primary,,,,,
-11.222499228807099,,1.4229077033486133,0.9948610923730226,0.01316447520310085,1,True,,,,False,False,1.755648953211548e-12,-13.958545440417533,-13.95863386411092,30,120,fixed,sub-041,med1breath,meditation,1,False,control,ctr,thinking,0.0,27.0,m,-12.958660750713378,0.19614968267508992,7,260,0.1362126245847176,Fp1,1,temporal,clean-average,primary,,,,,
-10.882282214675353,,1.4923543773957992,0.9963441233333298,0.011674852073614232,0,True,,,,False,False,0.0,-13.751864360477857,-13.747697939851447,30,120,fixed,sub-041,think1,thinking,1,False,control,ctr,thinking,0.0,27.0,m,-12.762381032061526,0.12612692147736349,10,285,0.050000000000000044,Fp1,1,parieto_occipital,clean-average,primary,1.5387297272853322,-24.49349267189331,0.9934201615475964,0.019497173010404337,-13.59243264813252
-11.469352399536639,,1.2848052304412274,0.9931262275413361,0.013746661469456828,0,True,,,,False,False,0.0,-13.93984748163737,-13.937574701169904,30,120,fixed,sub-041,think1,thinking,1,False,control,ctr,thinking,0.0,27.0,m,-12.762381032061526,0.12612692147736349,10,285,0.050000000000000044,Fp1,1,frontal,clean-average,primary,,,,,
-10.87717618435579,,1.6995373960314686,0.9946052445922446,0.01424717459720257,0,True,,,,False,False,0.0,-14.145141381929045,-14.142988736600893,30,120,fixed,sub-041,think1,thinking,1,False,control,ctr,thinking,0.0,27.0,m,-12.762381032061526,0.12612692147736349,10,285,0.050000000000000044,Fp1,1,central,clean-average,primary,,,,,
-11.706095011406363,,1.0591080011152167,0.9903323362286326,0.013781578433460381,0,True,,,,False,False,0.0,-13.74260688587166,-13.743876871409537,30,120,fixed,sub-041,think1,thinking,1,False,control,ctr,thinking,0.0,27.0,m,-12.762381032061526,0.12612692147736349,10,285,0.050000000000000044,Fp1,1,temporal,clean-average,primary,,,,,
-10.636773741253537,,1.6090767753489255,0.9963164662591548,0.01323275132179216,0,True,,,,False,False,0.0,-13.730796217218126,-13.72549185872689,30,120,fixed,sub-041,med2,meditation,2,False,control,ctr,thinking,0.0,27.0,m,-12.269435053531687,0.273545220858617,7,266,0.11333333333333329,Fp1,1,parieto_occipital,clean-average,primary,1.6930832311174508,-23.758240064098086,0.9916022597687206,0.04083119397152121,-13.568410841506441
-11.065531275963606,,1.5104140919840527,0.9949310158638165,0.013732270526583249,0,True,,,,False,False,0.0,-13.96983964720271,-13.97114743202659,30,120,fixed,sub-041,med2,meditation,2,False,control,ctr,thinking,0.0,27.0,m,-12.269435053531687,0.273545220858617,7,266,0.11333333333333329,Fp1,1,frontal,clean-average,primary,,,,,
-10.664721666836826,,1.8762705690927162,0.9960143486427973,0.014773315724705334,3,True,104.64657312401626,0.06809289797774198,2.0000000080405886,False,True,0.0179672800659561,-14.272519256547783,-14.256496800876702,30,120,fixed,sub-041,med2,meditation,2,False,control,ctr,thinking,0.0,27.0,m,-12.269435053531687,0.273545220858617,7,266,0.11333333333333329,Fp1,1,central,clean-average,primary,,,,,
-11.165723719846216,,1.4247204889422624,0.991331556387128,0.017072960591449915,0,True,,,,False,False,0.0,-13.905255656598412,-13.907044129670728,30,120,fixed,sub-041,med2,meditation,2,False,control,ctr,thinking,0.0,27.0,m,-12.269435053531687,0.273545220858617,7,266,0.11333333333333329,Fp1,1,temporal,clean-average,primary,,,,,
-10.953632698735909,,1.4221066783984986,0.9938603561048968,0.014903851592936876,0,True,,,,False,False,0.0,-13.688138654941861,-13.683670995053777,30,120,fixed,sub-041,think2,thinking,2,False,control,ctr,thinking,0.0,27.0,m,-12.493836408212907,0.367065479951017,9,276,0.07070707070707072,Fp1,1,parieto_occipital,clean-average,primary,1.4476837373298321,-24.748799199902372,0.9897821402838556,0.027602693089474585,-13.527221178758348
-11.703278309989344,,1.0849755884491523,0.9890365077931448,0.015914811475267934,0,True,,,,False,False,0.0,-13.789529822634933,-13.79017619019459,30,120,fixed,sub-041,think2,thinking,2,False,control,ctr,thinking,0.0,27.0,m,-12.493836408212907,0.367065479951017,9,276,0.07070707070707072,Fp1,1,frontal,clean-average,primary,,,,,
-11.081313477422674,,1.5792495673827105,0.9927345609998368,0.016009962945359675,0,True,,,,False,False,0.0,-14.117982536038529,-14.118485292385827,30,120,fixed,sub-041,think2,thinking,2,False,control,ctr,thinking,0.0,27.0,m,-12.493836408212907,0.367065479951017,9,276,0.07070707070707072,Fp1,1,central,clean-average,primary,,,,,
-12.05893688376887,,0.8811162310641539,0.9847379452764994,0.014475814915729024,0,True,,,,False,False,0.0,-13.753196265679673,-13.752480786503188,30,120,fixed,sub-041,think2,thinking,2,False,control,ctr,thinking,0.0,27.0,m,-12.493836408212907,0.367065479951017,9,276,0.07070707070707072,Fp1,1,temporal,clean-average,primary,,,,,
-10.846012798164727,,1.6323222052946493,0.9839361901243391,0.025012312557405905,0,True,,,,False,False,0.0,-13.984732881985808,-13.989626052876696,30,120,fixed,sub-042,med1breath,meditation,1,False,control,ctr,meditation,0.0,48.0,f,-13.322625119540774,0.0,2,304,0.02564102564102566,F1;Fp1;TP7,3,parieto_occipital,clean-average,primary,1.7054260015599152,-24.25645189150961,0.9795212711915091,-0.00271463386845543,-13.821761099985014
-10.578488924831257,,1.7998916814528467,0.9941535827552096,0.01779933345627259,0,True,,,,False,False,0.0,-14.039420933814604,-14.030402699991845,30,120,fixed,sub-042,med1breath,meditation,1,False,control,ctr,meditation,0.0,48.0,f,-13.322625119540774,0.0,2,304,0.02564102564102566,F1;Fp1;TP7,3,frontal,clean-average,primary,,,,,
-10.48755529939421,,1.96180246937864,0.9803967142307903,0.0355567827826822,0,True,,,,False,False,0.0,-14.259818392523561,-14.27168202650236,30,120,fixed,sub-042,med1breath,meditation,1,False,control,ctr,meditation,0.0,48.0,f,-13.322625119540774,0.0,2,304,0.02564102564102566,F1;Fp1;TP7,3,central,clean-average,primary,,,,,
-11.404353794658574,,1.061242544844403,0.9884934140311237,0.015626220676877117,0,True,,,,False,False,0.0,-13.444970088735914,-13.43977831854582,30,120,fixed,sub-042,med1breath,meditation,1,False,control,ctr,meditation,0.0,48.0,f,-13.322625119540774,0.0,2,304,0.02564102564102566,F1;Fp1;TP7,3,temporal,clean-average,primary,,,,,
-11.117119556018316,,1.4815160803931262,0.9776279554578148,0.02601518582360067,0,True,,,,False,False,0.0,-13.965861220470776,-13.972822934486318,30,120,fixed,sub-042,think1,thinking,1,False,control,ctr,meditation,0.0,48.0,f,-13.277243860859182,0.005119976002542992,5,281,0.06333333333333335,Fp1,1,parieto_occipital,clean-average,primary,1.5668644976571044,-24.82735046094542,0.9742320701908393,0.016145621285779746,-13.802207707657539
-10.935591556061734,,1.6731235790907872,0.9900397942868776,0.019198059879463745,0,True,,,,False,False,0.0,-14.152766794732777,-14.154863237719375,30,120,fixed,sub-042,think1,thinking,1,False,control,ctr,meditation,0.0,48.0,f,-13.277243860859182,0.005119976002542992,5,281,0.06333333333333335,Fp1,1,frontal,clean-average,primary,,,,,
-10.618379502293449,,1.9375763981282432,0.976221954270216,0.036026423275897564,0,True,,,,False,False,0.0,-14.344059355827667,-14.357350148647834,30,120,fixed,sub-042,think1,thinking,1,False,control,ctr,meditation,0.0,48.0,f,-13.277243860859182,0.005119976002542992,5,281,0.06333333333333335,Fp1,1,central,clean-average,primary,,,,,
-11.19130019309877,,1.1929629713726666,0.9730233269276433,0.025567687937567883,0,True,,,,False,False,0.0,-13.48519586232197,-13.470025446981799,30,120,fixed,sub-042,think1,thinking,1,False,control,ctr,meditation,0.0,48.0,f,-13.277243860859182,0.005119976002542992,5,281,0.06333333333333335,Fp1,1,temporal,clean-average,primary,,,,,
-10.96923354084823,,1.566228686283801,0.9816738934719307,0.026072808443182997,0,True,,,,False,False,0.0,-13.980865323807581,-13.989103270841733,30,120,fixed,sub-042,med2,meditation,2,False,control,ctr,meditation,0.0,48.0,f,-13.133755370294658,0.0,3,287,0.043333333333333335,F1;Fp1,2,parieto_occipital,clean-average,primary,1.666760558733325,-24.410909334813333,0.9751823132822951,0.007966305753900893,-13.815063908310194
-10.750958299884166,,1.731383514943176,0.9931089005892799,0.01696706459158496,0,True,,,,False,False,0.0,-14.080158989259052,-14.082970420421873,30,120,fixed,sub-042,med2,meditation,2,False,control,ctr,meditation,0.0,48.0,f,-13.133755370294658,0.0,3,287,0.043333333333333335,F1;Fp1,2,frontal,clean-average,primary,,,,,
-10.768627680214726,,1.8336620290766408,0.9696279362404839,0.041242287265528046,0,True,,,,False,False,0.0,-14.294495195178822,-14.309983686690396,30,120,fixed,sub-042,med2,meditation,2,False,control,ctr,meditation,0.0,48.0,f,-13.133755370294658,0.0,3,287,0.043333333333333335,F1;Fp1,2,central,clean-average,primary,,,,,
-11.210588226973728,,1.0579243645058092,0.9874290132045304,0.015694620243725692,0,True,,,,False,False,0.0,-13.244824139018217,-13.237844627623453,30,120,fixed,sub-042,med2,meditation,2,False,control,ctr,meditation,0.0,48.0,f,-13.133755370294658,0.0,3,287,0.043333333333333335,F1;Fp1,2,temporal,clean-average,primary,,,,,
-10.832369274640111,,1.7132962100045888,0.9779429187232878,0.031878483836305,0,True,,,,False,False,0.0,-14.126790686315534,-14.137164209832497,30,120,fixed,sub-042,think2,thinking,2,False,control,ctr,meditation,0.0,48.0,f,-13.370528103471267,0.029543970726571,2,295,0.023178807947019875,Fp1;P8;P9,3,parieto_occipital,clean-average,primary,1.794182633628893,-24.18467910901034,0.9719114174940842,-0.004410426173107337,-13.964595376628957
-10.754535559429051,,1.7391801077036766,0.992878699408598,0.01609397992065886,0,True,,,,False,False,0.0,-14.098727971763644,-14.099169748536161,30,120,fixed,sub-042,think2,thinking,2,False,control,ctr,meditation,0.0,48.0,f,-13.370528103471267,0.029543970726571,2,295,0.023178807947019875,Fp1;P8;P9,3,frontal,clean-average,primary,,,,,
-10.43970128786588,,2.0514456872236826,0.9694320861380291,0.04548837711726603,0,True,,,,False,False,0.0,-14.384335354885033,-14.40035148546317,30,120,fixed,sub-042,think2,thinking,2,False,control,ctr,meditation,0.0,48.0,f,-13.370528103471267,0.029543970726571,2,295,0.023178807947019875,Fp1;P8;P9,3,central,clean-average,primary,,,,,
-10.669447687835007,,1.565507372005664,0.9874327770731272,0.02443631584414902,0,True,,,,False,False,0.0,-13.679692487511163,-13.667718678297366,30,120,fixed,sub-042,think2,thinking,2,False,control,ctr,meditation,0.0,48.0,f,-13.370528103471267,0.029543970726571,2,295,0.023178807947019875,Fp1;P8;P9,3,temporal,clean-average,primary,,,,,
-11.781690961165728,,1.1603013355821332,0.9502595534171484,0.03123112419426075,0,True,,,,False,False,0.0,-14.012783017294849,-14.01870815709335,30,120,fixed,sub-043,med1breath,meditation,1,False,control,ctr,thinking,0.0,57.0,m,-12.438275187849923,0.3665948904529127,11,283,0.05033557046979864,Fp1,1,parieto_occipital,clean-average,primary,1.3000298449532455,-26.136364937656417,0.9597987553154785,0.016538563753925505,-13.85418329746216
-11.905229836836567,,1.083540602525018,0.9497919480369755,0.02766439951148361,0,True,,,,False,False,0.0,-13.988722078594666,-13.991569636419625,30,120,fixed,sub-043,med1breath,meditation,1,False,control,ctr,thinking,0.0,57.0,m,-12.438275187849923,0.3665948904529127,11,283,0.05033557046979864,Fp1,1,frontal,clean-average,primary,,,,,
-11.174372025521935,,1.642292828384318,0.953062549479746,0.03301709550656182,3,True,109.93292212247121,0.0828385624858754,2.9575048398155857,True,False,0.027813867549339358,-14.332264178949272,-14.308670340212764,30,120,fixed,sub-043,med1breath,meditation,1,False,control,ctr,thinking,0.0,57.0,m,-12.438275187849923,0.3665948904529127,11,283,0.05033557046979864,Fp1,1,central,clean-average,primary,,,,,
-12.246336575750586,,0.6222821269929111,0.9326236232781093,0.022785921894507396,0,True,,,,False,False,0.0,-13.44289532099107,-13.431761539181238,30,120,fixed,sub-043,med1breath,meditation,1,False,control,ctr,thinking,0.0,57.0,m,-12.438275187849923,0.3665948904529127,11,283,0.05033557046979864,Fp1,1,temporal,clean-average,primary,,,,,
-10.745214129764356,,1.8400520360666435,0.9884936151651527,0.023822238837019734,1,True,,,,False,False,0.02495229196041984,-14.28336870619844,-14.261497887147316,30,120,fixed,sub-043,think1,thinking,1,False,control,ctr,thinking,0.0,57.0,m,-13.465957974417476,0.02512854853197899,3,272,0.08724832214765099,Fp1;PO4,2,parieto_occipital,clean-average,primary,1.7585873937296252,-24.625197882016966,0.9819377674024568,-0.0033666644130642114,-14.08464412932669
-10.673688973894999,,1.8893864193551444,0.9845204536943882,0.026070278322650346,4,True,109.46474747068375,0.09296706179862291,3.1122926351312827,True,False,0.03136264946504566,-14.306706451261435,-14.278357727879843,30,120,fixed,sub-043,think1,thinking,1,False,control,ctr,thinking,0.0,57.0,m,-13.465957974417476,0.02512854853197899,3,272,0.08724832214765099,Fp1;PO4,2,frontal,clean-average,primary,,,,,
-10.382895177855772,,2.149254120299272,0.9865275716569402,0.028254450186747927,5,True,105.11269596182176,0.10793747830595812,2.000000000262769,False,True,0.03008918474062656,-14.515600749548236,-14.492432980809316,30,120,fixed,sub-043,think1,thinking,1,False,control,ctr,thinking,0.0,57.0,m,-13.465957974417476,0.02512854853197899,3,272,0.08724832214765099,Fp1;PO4,2,central,clean-average,primary,,,,,
-11.56849866518722,,1.3974294696837526,0.9688050141321835,0.03252670927106545,0,True,,,,False,False,0.0,-14.25555390954573,-14.262822623494612,30,120,fixed,sub-043,think1,thinking,1,False,control,ctr,thinking,0.0,57.0,m,-13.465957974417476,0.02512854853197899,3,272,0.08724832214765099,Fp1;PO4,2,temporal,clean-average,primary,,,,,
-11.461274048263787,,1.4195514023669547,0.9506752187035549,0.043443492174572565,0,True,,,,False,False,0.0,-14.190866577344936,-14.201472022647827,30,120,fixed,sub-043,med2,meditation,2,False,control,ctr,thinking,0.0,57.0,m,-12.870704432073216,0.2271716380681298,10,294,0.006756756756756799,Fp1;PO4,2,parieto_occipital,clean-average,primary,1.5123593824778498,-25.590497871813827,0.9683192870499976,-0.001484619960650214,-14.031664583917518
-11.780903211272573,,1.2160052065734122,0.9324771434431369,0.04146470223222172,0,True,,,,False,False,0.0,-14.11910577417529,-14.125130972807561,30,120,fixed,sub-043,med2,meditation,2,False,control,ctr,thinking,0.0,57.0,m,-12.870704432073216,0.2271716380681298,10,294,0.006756756756756799,Fp1;PO4,2,frontal,clean-average,primary,,,,,
-11.06749154781718,,1.62898157500572,0.9749659778025417,0.02836435521218823,0,True,,,,False,False,0.0,-14.199788081590064,-14.197608580878295,30,120,fixed,sub-043,med2,meditation,2,False,control,ctr,thinking,0.0,57.0,m,-12.870704432073216,0.2271716380681298,10,294,0.006756756756756799,Fp1;PO4,2,central,clean-average,primary,,,,,
-11.977505978055792,,0.8919263254947866,0.9684567099121997,0.019955693442781954,1,True,85.00000000000001,0.06375015825554975,29.99999998966204,False,True,0.043083955569961786,-13.692551611839768,-13.646014490438695,30,120,fixed,sub-043,med2,meditation,2,False,control,ctr,thinking,0.0,57.0,m,-12.870704432073216,0.2271716380681298,10,294,0.006756756756756799,Fp1;PO4,2,temporal,clean-average,primary,,,,,
-11.19785284542494,,1.6223071171118464,0.9947305079871159,0.01638877108493424,2,True,107.99999994870058,0.06454651467031525,27.09681522397459,True,False,0.0245585408498403,-14.317315359681237,-14.299195281850857,30,120,fixed,sub-043,think2,thinking,2,False,control,ctr,thinking,0.0,57.0,m,-12.954587728959936,0.1617088486223257,5,312,0.06024096385542166,Fp1;PO4,2,parieto_occipital,clean-average,primary,1.804921213095454,-24.50527500866319,0.9768478717908662,-0.007175291700685526,-14.124409414507939
-11.106579693998205,,1.6054870245296156,0.9646875426350449,0.03530207093205345,0,True,,,,False,False,0.0,-14.19369959707863,-14.195826052618681,30,120,fixed,sub-043,think2,thinking,2,False,control,ctr,thinking,0.0,57.0,m,-12.954587728959936,0.1617088486223257,5,312,0.06024096385542166,Fp1;PO4,2,frontal,clean-average,primary,,,,,
-10.415902308447452,,2.1280420157615123,0.9789928566599866,0.032553923894723315,5,True,108.82062626498636,0.13861020913184596,2.0009956965514917,False,True,0.038148225121551686,-14.507820063667886,-14.474748795554127,30,120,fixed,sub-043,think2,thinking,2,False,control,ctr,thinking,0.0,57.0,m,-12.954587728959936,0.1617088486223257,5,312,0.06024096385542166,Fp1;PO4,2,central,clean-average,primary,,,,,
-11.883070718344394,,1.186759354310762,0.9399710126227372,0.03849355462086227,0,True,,,,False,False,0.0,-14.16503772703637,-14.17151831556114,30,120,fixed,sub-043,think2,thinking,2,False,control,ctr,thinking,0.0,57.0,m,-12.954587728959936,0.1617088486223257,5,312,0.06024096385542166,Fp1;PO4,2,temporal,clean-average,primary,,,,,
-11.79908266366921,,1.334011480241574,0.991673356884365,0.016499859089367405,0,True,,,,False,False,0.0,-14.364194264492104,-14.368847901654615,30,120,fixed,sub-044,med1breath,meditation,1,False,control,ctr,meditation,0.0,40.0,m,-12.374808563315662,0.4572666406286656,12,280,0.0572390572390572,Fp1,1,parieto_occipital,clean-average,primary,1.366956993219986,-26.633291772651944,0.9902898928699934,-0.0043228202874588135,-14.19918703049293
-11.674494049592273,,1.3844593708980484,0.99416548951549,0.013407997418961136,0,True,,,,False,False,0.0,-14.336609665355528,-14.33768152615115,30,120,fixed,sub-044,med1breath,meditation,1,False,control,ctr,meditation,0.0,40.0,m,-12.374808563315662,0.4572666406286656,12,280,0.0572390572390572,Fp1,1,frontal,clean-average,primary,,,,,
-12.024289375358356,,1.295222113755675,0.9843613017821579,0.022279186382392274,0,True,,,,False,False,0.0,-14.514814621089664,-14.520943665356022,30,120,fixed,sub-044,med1breath,meditation,1,False,control,ctr,meditation,0.0,40.0,m,-12.374808563315662,0.4572666406286656,12,280,0.0572390572390572,Fp1,1,central,clean-average,primary,,,,,
-11.844319992886401,,1.292780845552625,0.9888370719034152,0.018050402220227548,0,True,,,,False,False,0.0,-14.330151032097664,-14.33372904003865,30,120,fixed,sub-044,med1breath,meditation,1,False,control,ctr,meditation,0.0,40.0,m,-12.374808563315662,0.4572666406286656,12,280,0.0572390572390572,Fp1,1,temporal,clean-average,primary,,,,,
-11.889470947776628,,1.1569414495127648,0.9961408902248327,0.009078984762866931,0,True,,,,False,False,0.0,-14.114102427770066,-14.111983997427377,30,120,fixed,sub-044,think1,thinking,1,False,control,ctr,meditation,0.0,40.0,m,-12.410556160054261,0.5692429084534412,19,273,0.08389261744966447,Fp1,1,parieto_occipital,clean-average,primary,1.2030534813158433,-26.801957060072198,0.9934380500340033,0.003215687971393038,-13.952614244515205
-12.069159300653165,,1.109728638169433,0.9895648957440302,0.015167098959995694,0,True,,,,False,False,0.0,-14.203007356457242,-14.196689908295191,30,120,fixed,sub-044,think1,thinking,1,False,control,ctr,meditation,0.0,40.0,m,-12.410556160054261,0.5692429084534412,19,273,0.08389261744966447,Fp1,1,frontal,clean-average,primary,,,,,
-12.476847645189762,,0.9740330844988123,0.9849607978470226,0.016135682849175163,0,True,,,,False,False,0.0,-14.349772729898,-14.342006281787514,30,120,fixed,sub-044,think1,thinking,1,False,control,ctr,meditation,0.0,40.0,m,-12.410556160054261,0.5692429084534412,19,273,0.08389261744966447,Fp1,1,central,clean-average,primary,,,,,
-11.859357027672994,,0.9889051793106352,0.9877998893952881,0.014413466513585322,3,True,76.62931897098407,0.08604627411497212,26.105732342169993,True,False,0.05509247378209652,-13.760879004908297,-13.700032889684389,30,120,fixed,sub-044,think1,thinking,1,False,control,ctr,meditation,0.0,40.0,m,-12.410556160054261,0.5692429084534412,19,273,0.08389261744966447,Fp1,1,temporal,clean-average,primary,,,,,
-12.005108143753125,,0.7636680454975198,0.9783034882470139,0.015066264453103717,0,True,,,,False,False,0.0,-13.473531610640153,-13.472270498913575,30,120,fixed,sub-044,med2,meditation,2,False,control,ctr,meditation,0.0,40.0,m,-11.660592428208878,0.21166495521184758,17,174,0.4257425742574258,Fp1,1,parieto_occipital,clean-average,primary,0.8280479322296641,-27.010979562465263,0.9529124095997314,0.01572979750625804,-13.314231677225273
-12.23469197684471,,0.632288698935868,0.8890899327472435,0.031666115485625826,0,False,,,,False,False,0.0,-13.450491916149504,-13.435341058831076,30,120,fixed,sub-044,med2,meditation,2,False,control,ctr,meditation,0.0,40.0,m,-11.660592428208878,0.21166495521184758,17,174,0.4257425742574258,Fp1,1,frontal,clean-average,primary,,,,,
-12.644077002694011,,0.7497825380082669,0.965154726138194,0.018963994667251533,0,True,,,,False,False,0.0,-14.085800642127124,-14.076865580204322,30,120,fixed,sub-044,med2,meditation,2,False,control,ctr,meditation,0.0,40.0,m,-11.660592428208878,0.21166495521184758,17,174,0.4257425742574258,Fp1,1,central,clean-average,primary,,,,,
-11.903715832063424,,0.6372778259917894,0.9650512844660237,0.01679063644495603,6,True,66.84370589679874,0.11859461314457498,2.1254017334764117,True,False,0.060744385662454436,-13.129109142848655,-13.064674852009153,30,120,fixed,sub-044,med2,meditation,2,False,control,ctr,meditation,0.0,40.0,m,-11.660592428208878,0.21166495521184758,17,174,0.4257425742574258,Fp1,1,temporal,clean-average,primary,,,,,
-12.40373647157082,,0.6758704387242811,0.9645076982761926,0.017103676391211343,0,True,,,,False,False,0.0,-13.703337808368133,-13.699604288777302,30,120,fixed,sub-044,think2,thinking,2,False,control,ctr,meditation,0.0,40.0,m,-11.813507045909825,0.09189678216987784,18,203,0.3164983164983165,Fp1;PO3;PO7,3,parieto_occipital,clean-average,primary,0.7805836173591824,-27.75156497207588,0.9671121586056396,0.02066461281912248,-13.546917085267854
-12.678563980503887,,0.6195335742157921,0.9440063777227709,0.021124878535064555,0,True,,,,False,False,0.0,-13.86983765532445,-13.862818705511234,30,120,fixed,sub-044,think2,thinking,2,False,control,ctr,meditation,0.0,40.0,m,-11.813507045909825,0.09189678216987784,18,203,0.3164983164983165,Fp1;PO3;PO7,3,frontal,clean-average,primary,,,,,
-12.404493960153065,,0.9939693533873111,0.9853589638635947,0.01506623461044578,0,True,,,,False,False,0.0,-14.315753613461679,-14.312235418509662,30,120,fixed,sub-044,think2,thinking,2,False,control,ctr,meditation,0.0,40.0,m,-11.813507045909825,0.09189678216987784,18,203,0.3164983164983165,Fp1;PO3;PO7,3,central,clean-average,primary,,,,,
-11.961834050636586,,0.7507507389808815,0.9349256617603822,0.02775928657598194,0,True,,,,False,False,0.0,-13.40541940084473,-13.391963453242568,30,120,fixed,sub-044,think2,thinking,2,False,control,ctr,meditation,0.0,40.0,m,-11.813507045909825,0.09189678216987784,18,203,0.3164983164983165,Fp1;PO3;PO7,3,temporal,clean-average,primary,,,,,
-9.807965466331432,,2.3115969877420794,0.9488138248321488,0.07071459233836089,0,True,,,,False,False,0.0,-14.252832948739227,-14.2765090240648,30,120,fixed,sub-045,med1breath,meditation,1,False,control,ctr,meditation,0.0,46.0,m,-13.75651650968067,0.002432091465034536,6,256,0.1351351351351351,Fp1,1,parieto_occipital,clean-average,primary,2.3813767566102926,-21.841687366539396,0.9610770837442251,-0.019321945449424355,-14.088286120362188
-9.667433631253653,,2.4077187498816954,0.9551407198671495,0.06642728246872912,0,True,,,,False,False,0.0,-14.297129393483461,-14.315643820944432,30,120,fixed,sub-045,med1breath,meditation,1,False,control,ctr,meditation,0.0,46.0,m,-13.75651650968067,0.002432091465034536,6,256,0.1351351351351351,Fp1,1,frontal,clean-average,primary,,,,,
-9.050686102265622,,2.8492950788974243,0.9578372888251917,0.06237976137671095,3,True,103.71729029624021,0.12420361792450763,8.459579710060503,True,False,0.04569739124678818,-14.52946943306862,-14.489018620959703,30,120,fixed,sub-045,med1breath,meditation,1,False,control,ctr,meditation,0.0,46.0,m,-13.75651650968067,0.002432091465034536,6,256,0.1351351351351351,Fp1,1,central,clean-average,primary,,,,,
-10.342677671604271,,1.9768879722485813,0.967366347721051,0.038089443236054905,2,True,,,,False,False,0.02510304709984711,-14.143948010165222,-14.12134781177474,30,120,fixed,sub-045,med1breath,meditation,1,False,control,ctr,meditation,0.0,46.0,m,-13.75651650968067,0.002432091465034536,6,256,0.1351351351351351,Fp1,1,temporal,clean-average,primary,,,,,
-10.00644795417777,,2.176192026896983,0.9608057606711928,0.049588655620475985,2,True,99.80952124883945,0.08723440382664904,17.711557269530555,True,False,0.03787274446051603,-14.190951233565494,-14.160220046457898,30,120,fixed,sub-045,med2,meditation,2,False,control,ctr,meditation,0.0,46.0,m,-13.804082235165993,0.0,8,281,0.05067567567567566,Fp1,1,parieto_occipital,clean-average,primary,2.046398601564452,-23.079569373482663,0.9535887326972465,-0.016855894921267017,-13.97981638421972
-10.106695817258746,,2.097897842512095,0.9290030603065881,0.06361062863742702,3,True,107.9040704730219,0.14621319880109596,9.128429800233548,True,False,0.0551821893676842,-14.140650676623672,-14.0938491825576,30,120,fixed,sub-045,med2,meditation,2,False,control,ctr,meditation,0.0,46.0,m,-13.804082235165993,0.0,8,281,0.05067567567567566,Fp1,1,frontal,clean-average,primary,,,,,
-9.335190922035656,,2.655263522506741,0.9556750334288453,0.05900279213489693,2,True,96.26503119968366,0.0928757063490373,15.54609523406439,True,False,0.04854630483122403,-14.440879565427615,-14.397875958000231,30,120,fixed,sub-045,med2,meditation,2,False,control,ctr,meditation,0.0,46.0,m,-13.804082235165993,0.0,8,281,0.05067567567567566,Fp1,1,central,clean-average,primary,,,,,
-10.764439427819193,,1.680971295272554,0.9543814537419917,0.03883179227398753,2,True,106.3675622129456,0.08700391083726444,21.373687582211268,True,False,0.029643119400359085,-13.996704692412777,-13.971316303002562,30,120,fixed,sub-045,med2,meditation,2,False,control,ctr,meditation,0.0,46.0,m,-13.804082235165993,0.0,8,281,0.05067567567567566,Fp1,1,temporal,clean-average,primary,,,,,
-10.708838654284717,,1.7016007000785986,0.8958197075290096,0.07477654706763548,0,False,,,,False,False,0.0,-13.980771287840133,-14.003254818535982,30,120,fixed,sub-045,think2,thinking,2,False,control,ctr,meditation,0.0,46.0,m,-13.078844846998487,0.05906976351829496,11,253,0.14237288135593218,Fp1,1,parieto_occipital,clean-average,primary,1.7811303696691063,-23.889656852448404,0.936787603050558,-0.014391452393411344,-13.821018699777678
-10.873529829903173,,1.608472790302192,0.8880228480924546,0.07116893582337852,0,False,,,,False,False,0.0,-13.966390929767897,-13.983365316746015,30,120,fixed,sub-045,think2,thinking,2,False,control,ctr,meditation,0.0,46.0,m,-13.078844846998487,0.05906976351829496,11,253,0.14237288135593218,Fp1,1,frontal,clean-average,primary,,,,,
-10.267707495112411,,2.088799151491818,0.906632331429768,0.08445809757786342,0,True,,,,False,False,0.0,-14.284166884435214,-14.306032178965097,30,120,fixed,sub-045,think2,thinking,2,False,control,ctr,meditation,0.0,46.0,m,-13.078844846998487,0.05906976351829496,11,253,0.14237288135593218,Fp1,1,central,clean-average,primary,,,,,
-11.559341540752666,,1.1530785920462534,0.8583275398939213,0.060412446376823706,0,False,,,,False,False,0.0,-13.77654530318412,-13.792540431359399,30,120,fixed,sub-045,think2,thinking,2,False,control,ctr,meditation,0.0,46.0,m,-13.078844846998487,0.05906976351829496,11,253,0.14237288135593218,Fp1,1,temporal,clean-average,primary,,,,,
-10.543923703139729,,1.747127709005128,0.9784010045766678,0.028443118490924926,1,True,,,,False,False,0.03053208440230955,-13.903398206070255,-13.877928554274934,30,120,fixed,sub-046,med1breath,meditation,1,False,control,ctr,thinking,0.0,43.0,f,-13.423457579713931,0.0,5,166,0.43918918918918914,Fp1,1,parieto_occipital,clean-average,primary,1.664786704393946,-24.1153216376715,0.96987519537868,0.012032979704417569,-13.685806983308844
-10.991929975930969,,1.5617872449478558,0.9820462713752707,0.025027051251216174,0,True,,,,False,False,0.0,-13.995021508027456,-13.994662498237574,30,120,fixed,sub-046,med1breath,meditation,1,False,control,ctr,thinking,0.0,43.0,f,-13.423457579713931,0.0,5,166,0.43918918918918914,Fp1,1,frontal,clean-average,primary,,,,,
-10.205011953100506,,2.1072481081846943,0.9543567054571827,0.05740309690857461,0,True,,,,False,False,0.0,-14.256946024265929,-14.27650999044443,30,120,fixed,sub-046,med1breath,meditation,1,False,control,ctr,thinking,0.0,43.0,f,-13.423457579713931,0.0,5,166,0.43918918918918914,Fp1,1,central,clean-average,primary,,,,,
-11.278977084916589,,1.4167318602785226,0.9488938096236246,0.035600452912518246,2,True,96.30075766179125,0.07767319431808772,2.0000000000000004,False,True,0.023222184471457984,-14.003148041374732,-13.979691080282908,30,120,fixed,sub-046,med1breath,meditation,1,False,control,ctr,thinking,0.0,43.0,f,-13.423457579713931,0.0,5,166,0.43918918918918914,Fp1,1,temporal,clean-average,primary,,,,,
-10.396778971330255,,1.9256245018110314,0.9893286190414986,0.024123031750962327,0,True,,,,False,False,0.0,-14.09947705270644,-14.107066079268956,30,120,fixed,sub-046,think1,thinking,1,False,control,ctr,thinking,0.0,43.0,f,-13.999673555728139,0.0,6,216,0.2918032786885246,AF8;C1;Fp1,3,parieto_occipital,clean-average,primary,1.9593726116298094,-23.381707792639222,0.9800264255333639,0.0009984119853871667,-13.928691149456435
-10.203634288188333,,1.9543532817326952,0.9927643002476111,0.02229422491496603,0,True,,,,False,False,0.0,-13.961573668268484,-13.957726246634026,30,120,fixed,sub-046,think1,thinking,1,False,control,ctr,thinking,0.0,43.0,f,-13.999673555728139,0.0,6,216,0.2918032786885246,AF8;C1;Fp1,3,frontal,clean-average,primary,,,,,
-9.744599438816376,,2.428919347987886,0.9763573546555672,0.04589879083264392,0,True,,,,False,False,0.0,-14.415060892310498,-14.43683727094027,30,120,fixed,sub-046,think1,thinking,1,False,control,ctr,thinking,0.0,43.0,f,-13.999673555728139,0.0,6,216,0.2918032786885246,AF8;C1;Fp1,3,central,clean-average,primary,,,,,
-11.200848092001603,,1.5461456141880348,0.9682823423640566,0.03338017265863644,0,True,,,,False,False,0.0,-14.173863024974263,-14.182046195634932,30,120,fixed,sub-046,think1,thinking,1,False,control,ctr,thinking,0.0,43.0,f,-13.999673555728139,0.0,6,216,0.2918032786885246,AF8;C1;Fp1,3,temporal,clean-average,primary,,,,,
-10.769567244675613,,1.6517317610348194,0.9623250079459684,0.03526410367922945,2,True,97.14080267630636,0.07631068071943403,14.856350445181745,True,False,0.03475804967096542,-13.945609103708785,-13.915119421869768,30,120,fixed,sub-046,med2,meditation,2,False,control,ctr,thinking,0.0,43.0,f,-13.387313968576976,0.016636676841939924,7,222,0.25,Fp1;P1,2,parieto_occipital,clean-average,primary,1.538681075246291,-24.758521708816854,0.9527479593018409,0.015938587005120384,-13.723648538616931
-11.072826382741304,,1.609301775143271,0.9575498797777999,0.03661160548705563,2,True,106.45671841909592,0.07443426897498995,25.951752463044173,True,False,0.02948356522599279,-14.167281500846691,-14.141217766777622,30,120,fixed,sub-046,med2,meditation,2,False,control,ctr,thinking,0.0,43.0,f,-13.387313968576976,0.016636676841939924,7,222,0.25,Fp1;P1,2,frontal,clean-average,primary,,,,,
-10.34062913270786,,2.0756188002434777,0.9186481550389537,0.08178113471398459,0,True,,,,False,False,0.0,-14.331744608285693,-14.35971928041361,30,120,fixed,sub-046,med2,meditation,2,False,control,ctr,thinking,0.0,43.0,f,-13.387313968576976,0.016636676841939924,7,222,0.25,Fp1;P1,2,central,clean-average,primary,,,,,
-11.51469409754185,,1.295119525199829,0.9219867064715633,0.04142885380207073,2,True,,,,False,False,0.027717684553826918,-14.005022080282087,-13.979921165368474,30,120,fixed,sub-046,med2,meditation,2,False,control,ctr,thinking,0.0,43.0,f,-13.387313968576976,0.016636676841939924,7,222,0.25,Fp1;P1,2,temporal,clean-average,primary,,,,,
-10.971388667482254,,1.539193816824044,0.9945141968955011,0.016287915102212412,1,True,,,,False,False,2.1572642334322142e-17,-13.931036297152767,-13.936416261163002,30,120,fixed,sub-046,think2,thinking,2,False,control,ctr,thinking,0.0,43.0,f,-13.7371130625141,0.0037711989002883195,6,144,0.5135135135135135,Fp1,1,parieto_occipital,clean-average,primary,1.6829506793719955,-24.198402203274373,0.9858827622850346,0.008324691818402957,-13.749560941937396
-10.478247515284085,,1.8569207108528942,0.9954679186190053,0.015702251208364375,0,True,,,,False,False,0.0,-14.048838119462761,-14.045827099894419,30,120,fixed,sub-046,think2,thinking,2,False,control,ctr,thinking,0.0,43.0,f,-13.7371130625141,0.0037711989002883195,6,144,0.5135135135135135,Fp1,1,frontal,clean-average,primary,,,,,
-9.835922983740247,,2.2636551995661414,0.985964992642828,0.032764717274320385,0,True,,,,False,False,0.0,-14.188605324688824,-14.201939075460349,30,120,fixed,sub-046,think2,thinking,2,False,control,ctr,thinking,0.0,43.0,f,-13.7371130625141,0.0037711989002883195,6,144,0.5135135135135135,Fp1,1,central,clean-average,primary,,,,,
-11.17367806489507,,1.458358139320325,0.986684533503808,0.02246729530029789,0,True,,,,False,False,0.0,-13.977890349970483,-13.98305592435933,30,120,fixed,sub-046,think2,thinking,2,False,control,ctr,thinking,0.0,43.0,f,-13.7371130625141,0.0037711989002883195,6,144,0.5135135135135135,Fp1,1,temporal,clean-average,primary,,,,,
-11.014192140087331,,1.6693878726215559,0.9184210666574183,0.06579693808094308,0,True,,,,False,False,0.0,-14.22418415421839,-14.238656411211759,30,120,fixed,sub-047,med1breath,meditation,1,False,control,ctr,meditation,0.0,60.0,m,-13.567200631333614,0.012254761279749338,11,309,0.10174418604651159,Fp1,1,parieto_occipital,clean-average,primary,1.678011942435337,-24.919970628716566,0.965640503232135,-0.006551680419672216,-14.065706143652672
-12.250810699871444,,0.8780947715397772,0.9930834634752195,0.013976049738715761,1,True,,,,False,False,4.260663483614817e-14,-13.93926025106326,-13.942288074688099,30,120,fixed,sub-047,med1breath,meditation,1,False,control,ctr,meditation,0.0,60.0,m,-13.567200631333614,0.012254761279749338,11,309,0.10174418604651159,Fp1,1,frontal,clean-average,primary,,,,,
-10.893851288039341,,1.5781428610180641,0.9560342999573572,0.04444362421093837,0,True,,,,False,False,0.0,-13.928392309995314,-13.934556576458196,30,120,fixed,sub-047,med1breath,meditation,1,False,control,ctr,meditation,0.0,60.0,m,-13.567200631333614,0.012254761279749338,11,309,0.10174418604651159,Fp1,1,central,clean-average,primary,,,,,
-11.461870910900807,,1.1755921091911103,0.9947746630333512,0.012850016321700072,1,True,,,,False,False,2.631160158190401e-19,-13.722364918475531,-13.722088986256033,30,120,fixed,sub-047,med1breath,meditation,1,False,control,ctr,meditation,0.0,60.0,m,-13.567200631333614,0.012254761279749338,11,309,0.10174418604651159,Fp1,1,temporal,clean-average,primary,,,,,
-11.85135696144659,,1.1745981644828,0.9869049302827871,0.0245803133109267,1,True,,,,False,False,3.5451230248154663e-12,-14.109939756756937,-14.119667074359656,30,120,fixed,sub-047,think1,thinking,1,False,control,ctr,meditation,0.0,60.0,m,-13.550579019637908,0.04165256196480249,13,283,0.04067796610169494,Fp1,1,parieto_occipital,clean-average,primary,1.48963349177203,-25.48622630254114,0.9586495977527726,-0.006548986986439607,-13.94870807970395
-12.312415629864812,,0.803454945851867,0.9864641084454151,0.01962395074009568,1,True,,,,False,False,1.806105189896952e-11,-13.857343565544902,-13.862689968107317,30,120,fixed,sub-047,think1,thinking,1,False,control,ctr,meditation,0.0,60.0,m,-13.550579019637908,0.04165256196480249,13,283,0.04067796610169494,Fp1,1,frontal,clean-average,primary,,,,,
-11.445180631244803,,1.4354520633755146,0.9950374001153662,0.015447062652204493,2,True,109.13008650659212,0.07821658616510163,29.99999999999223,False,True,0.030823058017606573,-14.205347837244341,-14.176311962907095,30,120,fixed,sub-047,think1,thinking,1,False,control,ctr,meditation,0.0,60.0,m,-13.550579019637908,0.04165256196480249,13,283,0.04067796610169494,Fp1,1,central,clean-average,primary,,,,,
-11.77036721808376,,1.0568445794212713,0.9921317041231011,0.014725666861130832,1,True,,,,False,False,3.6937443061975056e-14,-13.80252685920572,-13.800160809741612,30,120,fixed,sub-047,think1,thinking,1,False,control,ctr,meditation,0.0,60.0,m,-13.550579019637908,0.04165256196480249,13,283,0.04067796610169494,Fp1,1,temporal,clean-average,primary,,,,,
-10.841223787732401,,1.7106775054170136,0.9402335384322696,0.056483365657217,0,True,,,,False,False,0.0,-14.130609808321458,-14.142780892316816,30,120,fixed,sub-047,med2,meditation,2,False,control,ctr,meditation,0.0,60.0,m,-13.377871782570297,0.017075170770393555,11,261,0.11525423728813555,Fp1;T8,2,parieto_occipital,clean-average,primary,1.703181205898322,-24.59919156942713,0.9746330038710767,-0.005414409554583232,-13.97300664202571
-11.144630859586083,,1.482996045226755,0.9521362039267884,0.0384928353529569,0,True,,,,False,False,0.0,-13.996218282879287,-13.99537746073995,30,120,fixed,sub-047,med2,meditation,2,False,control,ctr,meditation,0.0,60.0,m,-13.377871782570297,0.017075170770393555,11,261,0.11525423728813555,Fp1;T8,2,frontal,clean-average,primary,,,,,
-10.976143824280616,,1.6983684415675186,0.9936255892968174,0.022367739300886844,1,True,,,,False,False,6.3765457811957414e-12,-14.241861291080399,-14.25199362776706,30,120,fixed,sub-047,med2,meditation,2,False,control,ctr,meditation,0.0,60.0,m,-13.377871782570297,0.017075170770393555,11,261,0.11525423728813555,Fp1;T8,2,central,clean-average,primary,,,,,
-11.232865484973505,,1.2630373867878768,0.9871637985031234,0.01919187659245187,0,True,,,,False,False,0.0,-13.661504144466841,-13.652756001996687,30,120,fixed,sub-047,med2,meditation,2,False,control,ctr,meditation,0.0,60.0,m,-13.377871782570297,0.017075170770393555,11,261,0.11525423728813555,Fp1;T8,2,temporal,clean-average,primary,,,,,
-12.739546745039428,,0.24854219730475352,0.8291511246897655,0.015179583635562056,0,False,,,,False,False,0.0,-13.217457529948856,-13.214572249206764,30,120,fixed,sub-048,med1breath,meditation,1,False,control,ctr,thinking,0.0,30.0,m,-11.832215462035117,0.35678373623414095,14,258,0.1283783783783784,Fp1,1,parieto_occipital,clean-average,primary,0.36226901843646686,-28.49490363390003,0.7672706831345018,0.016513725697798087,-13.065148503571766
-12.845667557635801,,0.20249368129024709,0.8093469425867227,0.013127244346639385,0,False,,,,False,False,0.0,-13.23503369028474,-13.234538590192637,30,120,fixed,sub-048,med1breath,meditation,1,False,control,ctr,thinking,0.0,30.0,m,-11.832215462035117,0.35678373623414095,14,258,0.1283783783783784,Fp1,1,frontal,clean-average,primary,,,,,
-12.699399696679336,,0.2438260770777496,0.6091213472544371,0.025177041826010986,0,False,,,,False,False,0.0,-13.168242062849988,-13.156349387156,30,120,fixed,sub-048,med1breath,meditation,1,False,control,ctr,thinking,0.0,30.0,m,-11.832215462035117,0.35678373623414095,14,258,0.1283783783783784,Fp1,1,central,clean-average,primary,,,,,
-12.580217643671917,,-0.08600090181134204,0.5713976271833872,0.017626228120413527,2,False,63.13008652677668,0.06275279703794823,29.99999869258859,False,True,0.041107064866044374,-12.414850317989266,-12.370970351249975,30,120,fixed,sub-048,med1breath,meditation,1,False,control,ctr,thinking,0.0,30.0,m,-11.832215462035117,0.35678373623414095,14,258,0.1283783783783784,Fp1,1,temporal,clean-average,primary,,,,,
-12.406014387660132,,0.47502204851368446,0.8872525405550465,0.022136680449988722,0,False,,,,False,False,0.0,-13.319413249166523,-13.319752271223646,30,120,fixed,sub-048,think1,thinking,1,False,control,ctr,thinking,0.0,30.0,m,-11.937554514793007,0.2855429584642729,15,86,0.7133333333333334,Fp1,1,parieto_occipital,clean-average,primary,0.5815669439594096,-27.732221944661283,0.8204722936964506,0.005874980541449418,-13.15863792694529
-12.755874545251476,,0.2908160070874408,0.7882280155163042,0.020681577603584803,0,False,,,,False,False,0.0,-13.315071766964964,-13.317521269627077,30,120,fixed,sub-048,think1,thinking,1,False,control,ctr,thinking,0.0,30.0,m,-11.937554514793007,0.2855429584642729,15,86,0.7133333333333334,Fp1,1,frontal,clean-average,primary,,,,,
-12.746287988881546,,0.12943829954959954,0.6175278048703216,0.021557111310382984,5,False,82.01297896594151,0.10688139439184141,2.121016466701795,True,False,0.05272614478396476,-12.995179163120426,-12.94247073507125,30,120,fixed,sub-048,think1,thinking,1,False,control,ctr,thinking,0.0,30.0,m,-11.937554514793007,0.2855429584642729,15,86,0.7133333333333334,Fp1,1,central,clean-average,primary,,,,,
-12.440451311220356,,0.06514958703460395,0.34359238166931994,0.02363670955035175,2,False,67.50000000159298,0.05303358379646106,29.99999998025533,False,True,0.03715155401890611,-12.565724567085455,-12.528522230185057,30,120,fixed,sub-048,think1,thinking,1,False,control,ctr,thinking,0.0,30.0,m,-11.937554514793007,0.2855429584642729,15,86,0.7133333333333334,Fp1,1,temporal,clean-average,primary,,,,,
-12.639226609243616,,0.30263422738547596,0.8339271649281341,0.017840749180251487,0,False,,,,False,False,0.0,-13.221148563417486,-13.212369303871002,30,120,fixed,sub-048,med2,meditation,2,False,control,ctr,thinking,0.0,30.0,m,-11.934995247238634,0.41110204613969636,9,243,0.18181818181818177,Fp1,1,parieto_occipital,clean-average,primary,0.4239946848994064,-28.23517961708844,0.824727946345907,0.018233878590152883,-13.068181526194993
-12.847565529770991,,0.15976782733715902,0.6870480605052961,0.013605128738777282,0,False,,,,False,False,0.0,-13.154776009898645,-13.153483866792723,30,120,fixed,sub-048,med2,meditation,2,False,control,ctr,thinking,0.0,30.0,m,-11.934995247238634,0.41110204613969636,9,243,0.18181818181818177,Fp1,1,frontal,clean-average,primary,,,,,
-12.25438733624425,,0.4039431157960924,0.923348926685664,0.017110190668010908,4,True,65.48538813411427,0.10254064429532761,3.019695453408766,True,False,0.06794731833892712,-13.031111665643175,-12.957980957366656,30,120,fixed,sub-048,med2,meditation,2,False,control,ctr,thinking,0.0,30.0,m,-11.934995247238634,0.41110204613969636,9,243,0.18181818181818177,Fp1,1,central,clean-average,primary,,,,,
-12.093219508608067,,0.1279506075836911,0.607762334406333,0.021745574671399804,1,False,71.17805189973502,0.0884680836637024,29.999999999999996,False,True,0.05087676196891732,-12.339250065845723,-12.286741300941248,30,120,fixed,sub-048,med2,meditation,2,False,control,ctr,thinking,0.0,30.0,m,-11.934995247238634,0.41110204613969636,9,243,0.18181818181818177,Fp1,1,temporal,clean-average,primary,,,,,
-11.90459726526041,,0.7994143985276039,0.963920985191322,0.02056204385180683,0,True,,,,False,False,0.0,-13.441755811419753,-13.435190816683756,30,120,fixed,sub-048,think2,thinking,2,False,control,ctr,thinking,0.0,30.0,m,-11.954273096662577,0.4727723753076768,17,151,0.4898648648648649,Fp1,1,parieto_occipital,clean-average,primary,0.8752762952560704,-26.72920928377335,0.944592289030512,0.017842122987674503,-13.284097513323548
-12.21915520953146,,0.6805971656311616,0.96253686857406,0.01827378137848935,0,True,,,,False,False,0.0,-13.527845360182583,-13.529514149708785,30,120,fixed,sub-048,think2,thinking,2,False,control,ctr,thinking,0.0,30.0,m,-11.954273096662577,0.4727723753076768,17,151,0.4898648648648649,Fp1,1,frontal,clean-average,primary,,,,,
-12.022221812777737,,0.701390606898079,0.956765456496791,0.01977082615255672,2,True,77.49999999997821,0.06688634982990216,29.999999867404377,False,True,0.043984865256218066,-13.370894750837211,-13.322981574825539,30,120,fixed,sub-048,think2,thinking,2,False,control,ctr,thinking,0.0,30.0,m,-11.954273096662577,0.4727723753076768,17,151,0.4898648648648649,Fp1,1,central,clean-average,primary,,,,,
-12.684425925355814,,0.11598634554057974,0.5796577076762984,0.019835701302699214,2,False,72.43243044970485,0.05254757637807295,29.99999999999997,False,True,0.031113523866885467,-12.907450932928702,-12.87782592564943,30,120,fixed,sub-048,think2,thinking,2,False,control,ctr,thinking,0.0,30.0,m,-11.954273096662577,0.4727723753076768,17,151,0.4898648648648649,Fp1,1,temporal,clean-average,primary,,,,,
-10.20231204581265,,1.9905901091365203,0.9676930453163145,0.04970952438895654,0,True,,,,False,False,0.0,-14.029929616618524,-14.040668841545322,30,120,fixed,sub-049,med1breath,meditation,1,False,control,ctr,meditation,0.0,53.0,m,-12.580123254985915,0.07729140781550015,10,217,0.264406779661017,Fp1,1,parieto_occipital,clean-average,primary,2.1076573083387933,-22.57754938419358,0.9716840019452058,0.005483497201212529,-13.871473271692395
-10.656434522823037,,1.6842446890133267,0.9582277010600463,0.048286673889585886,0,True,,,,False,False,0.0,-13.894994051283827,-13.904391321337592,30,120,fixed,sub-049,med1breath,meditation,1,False,control,ctr,meditation,0.0,53.0,m,-12.580123254985915,0.07729140781550015,10,217,0.264406779661017,Fp1,1,frontal,clean-average,primary,,,,,
-10.503927762803979,,1.9309277923968717,0.9865770592149543,0.03298159451861937,1,True,,,,False,False,2.2857903685877664e-08,-14.21682330680006,-14.234040542898994,30,120,fixed,sub-049,med1breath,meditation,1,False,control,ctr,meditation,0.0,53.0,m,-12.580123254985915,0.07729140781550015,10,217,0.264406779661017,Fp1,1,central,clean-average,primary,,,,,
-11.762672711292781,,1.010508461211601,0.9842635441755601,0.019206584174048538,1,True,,,,False,False,9.273695331888412e-08,-13.705734682629174,-13.709311581109214,30,120,fixed,sub-049,med1breath,meditation,1,False,control,ctr,meditation,0.0,53.0,m,-12.580123254985915,0.07729140781550015,10,217,0.264406779661017,Fp1,1,temporal,clean-average,primary,,,,,
-11.25478774282658,,1.196905589519567,0.9484804589212504,0.0337314162232404,0,True,,,,False,False,0.0,-13.556264497892005,-13.559800421508125,30,120,fixed,sub-049,think1,thinking,1,False,control,ctr,meditation,0.0,53.0,m,-12.313528816787292,0.04525058733698617,10,142,0.5202702702702703,Fp1,1,parieto_occipital,clean-average,primary,1.3869254254793855,-24.684163166445018,0.9569929946723598,0.02319277170382122,-13.390768417262397
-11.447458712844165,,1.0808720492971169,0.9507882814241402,0.031173626688448336,0,True,,,,False,False,0.0,-13.52581971177288,-13.527624093974634,30,120,fixed,sub-049,think1,thinking,1,False,control,ctr,meditation,0.0,53.0,m,-12.313528816787292,0.04525058733698617,10,142,0.5202702702702703,Fp1,1,frontal,clean-average,primary,,,,,
-10.842214669502198,,1.6299301308506917,0.9026058118512055,0.06468294205958575,0,True,,,,False,False,0.0,-13.976335139304124,-13.994350441142208,30,120,fixed,sub-049,think1,thinking,1,False,control,ctr,meditation,0.0,53.0,m,-12.313528816787292,0.04525058733698617,10,142,0.5202702702702703,Fp1,1,central,clean-average,primary,,,,,
-12.072238757883667,,0.5853958579185632,0.8967897368318183,0.023606800600177898,0,False,,,,False,False,0.0,-13.197870529769657,-13.193594562209901,30,120,fixed,sub-049,think1,thinking,1,False,control,ctr,meditation,0.0,53.0,m,-12.313528816787292,0.04525058733698617,10,142,0.5202702702702703,Fp1,1,temporal,clean-average,primary,,,,,
-10.246391758803508,,1.9713144338127573,0.9548472591625511,0.05971373882169616,0,True,,,,False,False,0.0,-14.036944987121315,-14.048080133827872,30,120,fixed,sub-049,med2,meditation,2,False,control,ctr,meditation,0.0,53.0,m,-12.289914184642102,0.18998225853417527,16,180,0.3918918918918919,Fp1,1,parieto_occipital,clean-average,primary,2.0848270575602976,-22.68683769058884,0.9711397258670169,0.0030233197489846152,-13.877680970957234
-10.60491980534298,,1.6310002734724331,0.956939699179099,0.047067282994575826,0,True,,,,False,False,0.0,-13.741098005002724,-13.748512340917252,30,120,fixed,sub-049,med2,meditation,2,False,control,ctr,meditation,0.0,53.0,m,-12.289914184642102,0.18998225853417527,16,180,0.3918918918918919,Fp1,1,frontal,clean-average,primary,,,,,
-10.494110843163165,,1.9096266234279708,0.9893760360306307,0.03130988435954076,1,True,,,,False,False,2.8325974684551955e-07,-14.16604731263665,-14.182787006553097,30,120,fixed,sub-049,med2,meditation,2,False,control,ctr,meditation,0.0,53.0,m,-12.289914184642102,0.18998225853417527,16,180,0.3918918918918919,Fp1,1,central,clean-average,primary,,,,,
-11.078621359755983,,1.4221306718064433,0.959976104387229,0.0349914054336218,1,True,,,,False,False,0.021639855549092812,-13.813173451823564,-13.796085765215494,30,120,fixed,sub-049,med2,meditation,2,False,control,ctr,meditation,0.0,53.0,m,-12.289914184642102,0.18998225853417527,16,180,0.3918918918918919,Fp1,1,temporal,clean-average,primary,,,,,
-11.226943185646409,,1.2082345786201392,0.956391999591826,0.03193708419932951,0,True,,,,False,False,0.0,-13.550203952167427,-13.545783085350507,30,120,fixed,sub-049,think2,thinking,2,False,control,ctr,meditation,0.0,53.0,m,-12.211338878878506,0.059388379227748866,8,126,0.5728813559322035,Fp1,1,parieto_occipital,clean-average,primary,1.3897474572287358,-24.676477812432132,0.9597912717951195,0.030709260383611887,-13.390063159452266
-11.131216007367964,,1.2434537473907843,0.9813110611703265,0.022462522042542937,0,True,,,,False,False,0.0,-13.522198153894324,-13.514557888993153,30,120,fixed,sub-049,think2,thinking,2,False,control,ctr,meditation,0.0,53.0,m,-12.211338878878506,0.059388379227748866,8,126,0.5728813559322035,Fp1,1,frontal,clean-average,primary,,,,,
-10.912378012364037,,1.6669325601620388,0.9617581568530976,0.036317977008557115,2,True,99.99999999999999,0.08189276864109551,28.983175493751055,True,False,0.044627075244308735,-14.117648814896217,-14.08357577160892,30,120,fixed,sub-049,think2,thinking,2,False,control,ctr,meditation,0.0,53.0,m,-12.211338878878506,0.059388379227748866,8,126,0.5728813559322035,Fp1,1,central,clean-average,primary,,,,,
-11.941474619340504,,0.6050340050490643,0.8716819947491806,0.027446970904093343,1,False,90.50000000000001,0.06572892154151688,29.99999999990032,False,True,0.043352102159472855,-13.104867714700259,-13.052608977083203,30,120,fixed,sub-049,think2,thinking,2,False,control,ctr,meditation,0.0,53.0,m,-12.211338878878506,0.059388379227748866,8,126,0.5728813559322035,Fp1,1,temporal,clean-average,primary,,,,,
-11.547360093700172,,1.1916669896019132,0.9819756760239426,0.020266474412499874,0,True,,,,False,False,0.0,-13.838763776966836,-13.8338336169316,30,120,fixed,sub-050,med1breath,meditation,1,False,control,ctr,thinking,0.0,50.0,m,-12.842150628723958,0.20127506888075142,9,247,0.16271186440677965,Fp1,1,parieto_occipital,clean-average,primary,1.3052374579036279,-25.729373673825314,0.9787049322520487,0.03413787427606642,-13.680394293955223
-11.877448438634126,,1.0434676521863357,0.9707285309778869,0.02315954972088542,0,True,,,,False,False,0.0,-13.883886178751547,-13.878508028890337,30,120,fixed,sub-050,med1breath,meditation,1,False,control,ctr,thinking,0.0,50.0,m,-12.842150628723958,0.20127506888075142,9,247,0.16271186440677965,Fp1,1,frontal,clean-average,primary,,,,,
-11.987970990106321,,1.2087273943090648,0.9918822122419843,0.016333505999816943,1,True,,,,False,False,2.0704749893189616e-26,-14.312179370092034,-14.316303738995789,30,120,fixed,sub-050,med1breath,meditation,1,False,control,ctr,thinking,0.0,50.0,m,-12.842150628723958,0.20127506888075142,9,247,0.16271186440677965,Fp1,1,central,clean-average,primary,,,,,
-11.817012709607202,,0.959051635466514,0.9729498073030748,0.019696837823257558,0,True,,,,False,False,0.0,-13.66113062940039,-13.659661303368448,30,120,fixed,sub-050,med1breath,meditation,1,False,control,ctr,thinking,0.0,50.0,m,-12.842150628723958,0.20127506888075142,9,247,0.16271186440677965,Fp1,1,temporal,clean-average,primary,,,,,
-11.397467956587077,,1.283529054786367,0.9851207114783939,0.020357221378684044,1,True,94.50000000000001,0.04072686901775313,29.999999937107738,False,True,0.0255589994871071,-13.865509137034442,-13.832318475973882,30,120,fixed,sub-050,think1,thinking,1,False,control,ctr,thinking,0.0,50.0,m,-12.72832002012543,0.09124728534377935,11,210,0.2976588628762542,FC6;Fp1,2,parieto_occipital,clean-average,primary,1.3134563873018947,-25.720736681075806,0.9774241841790609,0.04290485012336964,-13.690607412323615
-11.737836150195085,,1.1224353931882556,0.9776924398869977,0.022723519507282602,0,True,,,,False,False,0.0,-13.896117462526833,-13.886868013611451,30,120,fixed,sub-050,think1,thinking,1,False,control,ctr,thinking,0.0,50.0,m,-12.72832002012543,0.09124728534377935,11,210,0.2976588628762542,FC6;Fp1,2,frontal,clean-average,primary,,,,,
-11.77534632386803,,1.3124525803612155,0.9934108542954375,0.014421500878783597,2,True,98.62678628917693,0.17272992210707194,2.8196839329031995,True,False,0.012136478831694204,-14.299003270811877,-14.290409880406639,30,120,fixed,sub-050,think1,thinking,1,False,control,ctr,thinking,0.0,50.0,m,-12.72832002012543,0.09124728534377935,11,210,0.2976588628762542,FC6;Fp1,2,central,clean-average,primary,,,,,
-11.434093136848851,,1.176024768189152,0.9847470270956339,0.01892005600915428,0,True,,,,False,False,0.0,-13.695419085251311,-13.691266617124018,30,120,fixed,sub-050,think1,thinking,1,False,control,ctr,thinking,0.0,50.0,m,-12.72832002012543,0.09124728534377935,11,210,0.2976588628762542,FC6;Fp1,2,temporal,clean-average,primary,,,,,
-11.154793601252862,,1.4177084348631608,0.9831701073163104,0.026046074632549952,0,True,,,,False,False,0.0,-13.880842369733788,-13.86569582082925,30,120,fixed,sub-050,med2,meditation,2,False,control,ctr,thinking,0.0,50.0,m,-13.443693021848432,0.010077246588224398,11,255,0.14715719063545152,Fp1,1,parieto_occipital,clean-average,primary,1.520915505863108,-24.886863036274463,0.9815541272432128,0.056668603147096396,-13.722971571244793
-11.2879651652932,,1.4210972527636903,0.9894560620955031,0.020075235970788242,0,True,,,,False,False,0.0,-14.02053014164675,-14.009070926980664,30,120,fixed,sub-050,med2,meditation,2,False,control,ctr,thinking,0.0,50.0,m,-13.443693021848432,0.010077246588224398,11,255,0.14715719063545152,Fp1,1,frontal,clean-average,primary,,,,,
-11.20151890865311,,1.6786605210971786,0.9901136449927906,0.020581238971681848,0,True,,,,False,False,0.0,-14.429340887913751,-14.433683345644054,30,120,fixed,sub-050,med2,meditation,2,False,control,ctr,thinking,0.0,50.0,m,-13.443693021848432,0.010077246588224398,11,255,0.14715719063545152,Fp1,1,central,clean-average,primary,,,,,
-11.595413241211093,,1.2136506267532068,0.9842074940994775,0.02037808388825927,0,True,,,,False,False,0.0,-13.929088286846284,-13.920132592045276,30,120,fixed,sub-050,med2,meditation,2,False,control,ctr,thinking,0.0,50.0,m,-13.443693021848432,0.010077246588224398,11,255,0.14715719063545152,Fp1,1,temporal,clean-average,primary,,,,,
-11.275736270812995,,1.352184742714413,0.9837872712873866,0.023726825847479135,0,True,,,,False,False,0.0,-13.87579243327147,-13.861049322190821,30,120,fixed,sub-050,think2,thinking,2,False,control,ctr,thinking,0.0,50.0,m,-13.052224634082584,0.030930396038581165,10,166,0.4521452145214522,Fp1,1,parieto_occipital,clean-average,primary,1.4060616108432524,-25.35868323225196,0.9824894064174824,0.05546299461724492,-13.712038215411228
-11.666373941298396,,1.1764477142085634,0.9837039000661572,0.020441479207372226,2,True,94.50000000000001,0.0472898783985336,29.999999985279125,False,True,0.029677753486184844,-13.928513153872105,-13.891944715327368,30,120,fixed,sub-050,think2,thinking,2,False,control,ctr,thinking,0.0,50.0,m,-13.052224634082584,0.030930396038581165,10,166,0.4521452145214522,Fp1,1,frontal,clean-average,primary,,,,,
-11.889402124036467,,1.2938339285334937,0.9919031540589909,0.016098069872654004,2,True,98.67115783982175,0.14542109228335498,3.1610644388500297,True,False,0.011475610451062974,-14.377258089877571,-14.369700992730715,30,120,fixed,sub-050,think2,thinking,2,False,control,ctr,thinking,0.0,50.0,m,-13.052224634082584,0.030930396038581165,10,166,0.4521452145214522,Fp1,1,central,clean-average,primary,,,,,
-11.54243347425848,,1.15246396228962,0.9767733994224691,0.022469161147653294,1,True,94.50000000000001,0.04706577678272339,29.99999962211124,False,True,0.029537113595895885,-13.758455392348788,-13.723982679361203,30,120,fixed,sub-050,think2,thinking,2,False,control,ctr,thinking,0.0,50.0,m,-13.052224634082584,0.030930396038581165,10,166,0.4521452145214522,Fp1,1,temporal,clean-average,primary,,,,,
-11.019401072029105,,1.6066964610594878,0.9496363535418296,0.04985988744119022,0,True,,,,False,False,0.0,-14.10884654705489,-14.124667558734751,30,120,fixed,sub-051,med1breath,meditation,1,False,control,ctr,meditation,0.0,36.0,f,-13.999137746562843,0.0,2,287,0.027118644067796627,Fp1;P8;PO4;T8,4,parieto_occipital,clean-average,primary,1.6911656656461944,-24.59162938346335,0.9663861480794124,-0.005520760776608056,-13.945555579638777
-10.286331413344307,,1.8301175307573658,0.9982587834338038,0.010133408080985529,0,True,,,,False,False,0.0,-13.805383369452626,-13.805021962276268,30,120,fixed,sub-051,med1breath,meditation,1,False,control,ctr,meditation,0.0,36.0,f,-13.999137746562843,0.0,2,287,0.027118644067796627,Fp1;P8;PO4;T8,4,frontal,clean-average,primary,,,,,
-10.446705116244512,,2.0058400831939225,0.984493233496032,0.03023399589499567,1,True,99.99999999995876,0.07218980785827078,28.037150262276917,True,False,0.03845900323426712,-14.303646186845006,-14.281842773822122,30,120,fixed,sub-051,med1breath,meditation,1,False,control,ctr,meditation,0.0,36.0,f,-13.999137746562843,0.0,2,287,0.027118644067796627,Fp1;P8;PO4;T8,4,central,clean-average,primary,,,,,
-10.822969851773056,,1.657892913820396,0.9809417714477974,0.02941680035102966,0,True,,,,False,False,0.0,-14.01085871866096,-14.01734162255391,30,120,fixed,sub-051,med1breath,meditation,1,False,control,ctr,meditation,0.0,36.0,f,-13.999137746562843,0.0,2,287,0.027118644067796627,Fp1;P8;PO4;T8,4,temporal,clean-average,primary,,,,,
-10.878198189463138,,1.6549069260024203,0.9703757858934818,0.03805324495067876,0,True,,,,False,False,0.0,-14.060345432605482,-14.06815514373176,30,120,fixed,sub-051,think1,thinking,1,False,control,ctr,meditation,0.0,36.0,f,-13.263551220918387,0.009777273596279557,8,266,0.10135135135135132,CP3;CP5;Fp1,3,parieto_occipital,clean-average,primary,1.7183507839417824,-24.361444093380438,0.9826167674871253,-0.0004924472449976149,-13.892406596066676
-10.524673425895102,,1.6823522995549207,0.997635691190632,0.010514558564973927,0,True,,,,False,False,0.0,-13.759594162467717,-13.75964724873737,30,120,fixed,sub-051,think1,thinking,1,False,control,ctr,meditation,0.0,36.0,f,-13.263551220918387,0.009777273596279557,8,266,0.10135135135135132,CP3;CP5;Fp1,3,frontal,clean-average,primary,,,,,
-10.522453783149304,,1.8831898121957493,0.9917324695093922,0.020609803146122894,1,True,,,,False,False,0.024243727464001948,-14.143556079015633,-14.123555988332686,30,120,fixed,sub-051,think1,thinking,1,False,control,ctr,meditation,0.0,36.0,f,-13.263551220918387,0.009777273596279557,8,266,0.10135135135135132,CP3;CP5;Fp1,3,central,clean-average,primary,,,,,
-10.676046172529768,,1.5497348410956386,0.9934563603884831,0.016426646028392472,0,True,,,,False,False,0.0,-13.655962670979973,-13.651366949899698,30,120,fixed,sub-051,think1,thinking,1,False,control,ctr,meditation,0.0,36.0,f,-13.263551220918387,0.009777273596279557,8,266,0.10135135135135132,CP3;CP5;Fp1,3,temporal,clean-average,primary,,,,,
-10.548622733049529,,1.8660254671573597,0.9688864748000695,0.04222732691806112,1,True,100.49999999999501,0.08751535161879964,25.023975285406408,True,False,0.04247747248582466,-14.136720469936703,-14.112900371653772,30,120,fixed,sub-051,med2,meditation,2,False,control,ctr,meditation,0.0,36.0,f,-13.620712858099468,0.013582923177541395,4,279,0.05423728813559325,AF3;F5;Fp1;Fz;O1;P8;PO4;T8,8,parieto_occipital,clean-average,primary,1.7524777068306054,-24.29283566369232,0.9742879781979494,-0.014189014418193637,-13.93400279755687
-10.186585219853631,,2.0386208032355633,0.9873030736262812,0.028349411864450266,1,True,100.49999999991063,0.06168499581175979,22.45472639729759,True,False,0.027751571538487764,-14.106558885381205,-14.08815226337495,30,120,fixed,sub-051,med2,meditation,2,False,control,ctr,meditation,0.0,36.0,f,-13.620712858099468,0.013582923177541395,4,279,0.05423728813559325,AF3;F5;Fp1;Fz;O1;P8;PO4;T8,8,frontal,clean-average,primary,,,,,
-10.397920817628716,,2.0421479551968558,0.9856940543718394,0.02981452569506716,4,True,98.12597288860793,0.2611747634903665,2.0000000000000004,False,True,0.029159775938485896,-14.324676687468461,-14.299431258383065,30,120,fixed,sub-051,med2,meditation,2,False,control,ctr,meditation,0.0,36.0,f,-13.620712858099468,0.013582923177541395,4,279,0.05423728813559325,AF3;F5;Fp1;Fz;O1;P8;PO4;T8,8,central,clean-average,primary,,,,,
-10.778586869038136,,1.6502962252081999,0.9845768052345737,0.026634882971659453,0,True,,,,False,False,0.0,-13.951868399800677,-13.958733870724918,30,120,fixed,sub-051,med2,meditation,2,False,control,ctr,meditation,0.0,36.0,f,-13.620712858099468,0.013582923177541395,4,279,0.05423728813559325,AF3;F5;Fp1;Fz;O1;P8;PO4;T8,8,temporal,clean-average,primary,,,,,
-10.561612211163865,,1.8507006383007818,0.9882867345131248,0.024781858797144875,0,True,,,,False,False,0.0,-14.120242513277903,-14.128216414092387,30,120,fixed,sub-051,think2,thinking,2,False,control,ctr,meditation,0.0,36.0,f,-13.517890840219659,0.015744710756828817,6,224,0.24832214765100669,C3;CP3;Fp1,3,parieto_occipital,clean-average,primary,1.9215970213815576,-23.60070926120662,0.9882098277022411,-0.0018554201354104613,-13.951788950268845
-10.506785714301445,,1.697628339245067,0.9917241906012461,0.020623138225528134,0,True,,,,False,False,0.0,-13.771080071119615,-13.763903949936658,30,120,fixed,sub-051,think2,thinking,2,False,control,ctr,meditation,0.0,36.0,f,-13.517890840219659,0.015744710756828817,6,224,0.24832214765100669,C3;CP3;Fp1,3,frontal,clean-average,primary,,,,,
-10.675902296156764,,1.8613017803946512,0.9929936077765839,0.01951292330869476,0,True,,,,False,False,0.0,-14.25491706494873,-14.261531801360936,30,120,fixed,sub-051,think2,thinking,2,False,control,ctr,meditation,0.0,36.0,f,-13.517890840219659,0.015744710756828817,6,224,0.24832214765100669,C3;CP3;Fp1,3,central,clean-average,primary,,,,,
-10.233980051794237,,1.7783204908390067,0.9922312040841709,0.021207846658917645,0,True,,,,False,False,0.0,-13.653433773591404,-13.646100447379714,30,120,fixed,sub-051,think2,thinking,2,False,control,ctr,meditation,0.0,36.0,f,-13.517890840219659,0.015744710756828817,6,224,0.24832214765100669,C3;CP3;Fp1,3,temporal,clean-average,primary,,,,,
-11.685693522832993,,1.18828407059091,0.9400533081162212,0.039436419580655774,0,True,,,,False,False,0.0,-13.970592340940483,-13.979727438562053,30,120,fixed,sub-052,med1breath,meditation,1,False,control,ctr,thinking,0.0,49.0,f,-13.205736084979284,0.03418078567942928,13,283,0.05666666666666664,Fp1,1,parieto_occipital,clean-average,primary,1.3544989667549543,-25.79680707606453,0.9540692396166536,0.014249879942248002,-13.815748001611103
-12.023933432768445,,1.108425368577748,0.9560860286382895,0.02936084464169882,0,True,,,,False,False,0.0,-14.15527548918785,-14.159312006144976,30,120,fixed,sub-052,med1breath,meditation,1,False,control,ctr,thinking,0.0,49.0,f,-13.205736084979284,0.03418078567942928,13,283,0.05666666666666664,Fp1,1,frontal,clean-average,primary,,,,,
-11.647268132204879,,1.369745558598774,0.9694737480861573,0.03266100401985993,0,True,,,,False,False,0.0,-14.281091209875157,-14.292107802744185,30,120,fixed,sub-052,med1breath,meditation,1,False,control,ctr,thinking,0.0,49.0,f,-13.205736084979284,0.03418078567942928,13,283,0.05666666666666664,Fp1,1,central,clean-average,primary,,,,,
-11.950158817078941,,1.1151102643988762,0.9565532911021033,0.030173799266071045,0,True,,,,False,False,0.0,-14.094354963643033,-14.101213643876084,30,120,fixed,sub-052,med1breath,meditation,1,False,control,ctr,thinking,0.0,49.0,f,-13.205736084979284,0.03418078567942928,13,283,0.05666666666666664,Fp1,1,temporal,clean-average,primary,,,,,
-11.4733381735382,,1.2319884440421056,0.9818645017028731,0.021203010205593804,0,True,,,,False,False,0.0,-13.842274195977737,-13.84419702595386,30,120,fixed,sub-052,think1,thinking,1,False,control,ctr,thinking,0.0,49.0,f,-13.241383204911678,0.059070782143182066,8,134,0.5457627118644068,Fp1,1,parieto_occipital,clean-average,primary,1.3889989854003197,-25.334672846840487,0.9817549199059219,0.013580740579117484,-13.673685008478495
-11.50437626818894,,1.0899458785266327,0.9850026843732839,0.01861984125499744,2,True,67.49999999999909,0.05558657039198067,29.999999980027788,False,True,0.02888255102659594,-13.600184931523287,-13.566244803840807,30,120,fixed,sub-052,think1,thinking,1,False,control,ctr,thinking,0.0,49.0,f,-13.241383204911678,0.059070782143182066,8,134,0.5457627118644068,Fp1,1,frontal,clean-average,primary,,,,,
-11.022036112270802,,1.6028768021687927,0.9920308847511108,0.018036938914807503,0,True,,,,False,False,0.0,-14.104136934363062,-14.107228589902627,30,120,fixed,sub-052,think1,thinking,1,False,control,ctr,thinking,0.0,49.0,f,-13.241383204911678,0.059070782143182066,8,134,0.5457627118644068,Fp1,1,central,clean-average,primary,,,,,
-12.41974830215981,,0.6420109126575145,0.9507280118587101,0.021527096523364195,3,True,90.51349577398729,0.0967285478863289,2.0960306899640555,True,False,0.03607636720826573,-13.654242655697503,-13.618540139563642,30,120,fixed,sub-052,think1,thinking,1,False,control,ctr,thinking,0.0,49.0,f,-13.241383204911678,0.059070782143182066,8,134,0.5457627118644068,Fp1,1,temporal,clean-average,primary,,,,,
-11.445885639408468,,1.3075970376070256,0.964979006441402,0.03132170487030467,0,True,,,,False,False,0.0,-13.960206078210113,-13.963988368786598,30,120,fixed,sub-052,med2,meditation,2,False,control,ctr,thinking,0.0,49.0,f,-12.969562375913503,0.1069637790553436,16,278,0.06711409395973156,Fp1,1,parieto_occipital,clean-average,primary,1.4090886000398828,-25.54094459721616,0.9825975853738271,0.008819000246120713,-13.805357302811451
-11.893224150584079,,1.044461075267566,0.9676034963670642,0.023663210742116213,0,True,,,,False,False,0.0,-13.901572099952267,-13.893157103730578,30,120,fixed,sub-052,med2,meditation,2,False,control,ctr,thinking,0.0,49.0,f,-12.969562375913503,0.1069637790553436,16,278,0.06711409395973156,Fp1,1,frontal,clean-average,primary,,,,,
-11.565404150767822,,1.4130609833449679,0.9760517252060842,0.028603045246142014,1,True,98.74304504018738,0.11518795902288304,4.5282222294892875,True,False,0.013019837352073498,-14.282516540529267,-14.27930145616207,30,120,fixed,sub-052,med2,meditation,2,False,control,ctr,thinking,0.0,49.0,f,-12.969562375913503,0.1069637790553436,16,278,0.06711409395973156,Fp1,1,central,clean-average,primary,,,,,
-11.801810835743733,,1.163783560061463,0.9892592969499885,0.017871936333470777,1,True,,,,False,False,1.0685294260302942e-23,-14.039598707119499,-14.042576151955638,30,120,fixed,sub-052,med2,meditation,2,False,control,ctr,thinking,0.0,49.0,f,-12.969562375913503,0.1069637790553436,16,278,0.06711409395973156,Fp1,1,temporal,clean-average,primary,,,,,
-12.496238720535226,,0.6733932249151784,0.9524176718156766,0.024881748125689163,2,True,,,,False,False,0.02597955993401177,-13.791076732598407,-13.767693184140631,30,120,fixed,sub-052,think2,thinking,2,False,control,ctr,thinking,0.0,49.0,f,-12.747330206587085,0.1517531197605595,12,84,0.7181208053691275,Fp1,1,parieto_occipital,clean-average,primary,0.9784735827774064,-26.95379322924984,0.9230872941739833,0.011170218041600429,-13.593113191603607
-12.975719468443454,,0.16399807190600704,0.6906788835246498,0.021081068891382275,4,False,82.91126375751251,0.07036360603865255,2.0000000000000004,False,True,0.018544786861846966,-13.291064098523032,-13.26935102984616,30,120,fixed,sub-052,think2,thinking,2,False,control,ctr,thinking,0.0,49.0,f,-12.747330206587085,0.1517531197605595,12,84,0.7181208053691275,Fp1,1,frontal,clean-average,primary,,,,,
-12.074708199621314,,0.9748679339966998,0.9320491595207576,0.028777056557099185,3,True,107.97763086982752,0.07969251882998485,2.0000010092871277,False,True,0.026230118299432635,-13.949238579459085,-13.92688328218767,30,120,fixed,sub-052,think2,thinking,2,False,control,ctr,thinking,0.0,49.0,f,-12.747330206587085,0.1517531197605595,12,84,0.7181208053691275,Fp1,1,central,clean-average,primary,,,,,
-13.355306148317538,,-0.006359751808599044,0.5402767512946144,0.023166344366000617,4,False,94.4309337416073,0.10073633733814624,2.3633468033741374,True,False,0.017940014312508704,-13.343077263196072,-13.326576623101827,30,120,fixed,sub-052,think2,thinking,2,False,control,ctr,thinking,0.0,49.0,f,-12.747330206587085,0.1517531197605595,12,84,0.7181208053691275,Fp1,1,temporal,clean-average,primary,,,,,
-10.962277949828154,,1.4624314128835283,0.9674824473327429,0.03006234188016807,2,True,,,,False,False,0.02137295539876832,-13.774322552259939,-13.756993931701768,30,120,fixed,sub-053,med1breath,meditation,1,False,control,ctr,meditation,0.0,60.0,f,-12.870903560372541,0.18512565170424689,8,221,0.25838926174496646,Fp1,1,parieto_occipital,clean-average,primary,1.3890238557987138,-25.102755189648413,0.9647451084922466,-0.009078273990954521,-13.582722650634912
-11.814086706416084,,0.8699901272990068,0.9747777329431818,0.017901603113236485,0,True,,,,False,False,0.0,-13.486952196098338,-13.484173756280034,30,120,fixed,sub-053,med1breath,meditation,1,False,control,ctr,meditation,0.0,60.0,f,-12.870903560372541,0.18512565170424689,8,221,0.25838926174496646,Fp1,1,frontal,clean-average,primary,,,,,
-10.83164579156534,,1.6756573218214201,0.952403689610683,0.04740656721056245,0,True,,,,False,False,0.0,-14.053693051930434,-14.07082024445809,30,120,fixed,sub-053,med1breath,meditation,1,False,control,ctr,meditation,0.0,60.0,f,-12.870903560372541,0.18512565170424689,8,221,0.25838926174496646,Fp1,1,central,clean-average,primary,,,,,
-12.68579991259673,,0.308714719600192,0.6511956291949897,0.02786011946511434,0,False,,,,False,False,0.0,-13.279413775985548,-13.282359010640931,30,120,fixed,sub-053,med1breath,meditation,1,False,control,ctr,meditation,0.0,60.0,f,-12.870903560372541,0.18512565170424689,8,221,0.25838926174496646,Fp1,1,temporal,clean-average,primary,,,,,
-10.743922468526327,,1.5392006980611526,0.9865722871617997,0.023783897370159093,0,True,,,,False,False,0.0,-13.703583329822948,-13.711887290683693,30,120,fixed,sub-053,think1,thinking,1,False,control,ctr,meditation,0.0,60.0,f,-12.547729594745837,0.18053260326774478,7,211,0.2895622895622896,AF8;Fp1,2,parieto_occipital,clean-average,primary,1.561255888815997,-24.241649423611538,0.9867578635102732,-0.02030969949510099,-13.536287930764507
-11.187712379928305,,1.0519123415925509,0.9816470529646625,0.019311764582750066,0,True,,,,False,False,0.0,-13.210388039345569,-13.201973728031462,30,120,fixed,sub-053,think1,thinking,1,False,control,ctr,meditation,0.0,60.0,f,-12.547729594745837,0.18053260326774478,7,211,0.2895622895622896,AF8;Fp1,2,frontal,clean-average,primary,,,,,
-10.443654726140645,,1.9128985816417043,0.9846392672691497,0.029445929334847257,2,True,98.62108175980711,0.1078010705701562,3.1259755947854266,True,False,0.015575461549056426,-14.121882699169952,-14.114088483831717,30,120,fixed,sub-053,think1,thinking,1,False,control,ctr,meditation,0.0,60.0,f,-12.547729594745837,0.18053260326774478,7,211,0.2895622895622896,AF8;Fp1,2,central,clean-average,primary,,,,,
-11.9459408114485,,0.8181944768001834,0.9304694675871712,0.029662167768344423,0,True,,,,False,False,0.0,-13.519210738472895,-13.523342062092768,30,120,fixed,sub-053,think1,thinking,1,False,control,ctr,meditation,0.0,60.0,f,-12.547729594745837,0.18053260326774478,7,211,0.2895622895622896,AF8;Fp1,2,temporal,clean-average,primary,,,,,
-10.853984986718029,,1.5143293153630335,0.9746047584076177,0.026257262651484252,1,True,,,,False,False,0.022170889413749728,-13.765821767613259,-13.746525321272363,30,120,fixed,sub-053,med2,meditation,2,False,control,ctr,meditation,0.0,60.0,f,-13.046957113566888,0.08690800076074767,3,218,0.2805280528052805,Fp1,1,parieto_occipital,clean-average,primary,1.4449109634311537,-24.842892036082933,0.9752034012191342,-0.007999955884460638,-13.575120452362775
-11.726477173239587,,0.8856938046176639,0.9787943456747131,0.016322433993545597,0,True,,,,False,False,0.0,-13.429538568626018,-13.432089084591789,30,120,fixed,sub-053,med2,meditation,2,False,control,ctr,meditation,0.0,60.0,f,-13.046957113566888,0.08690800076074767,3,218,0.2805280528052805,Fp1,1,frontal,clean-average,primary,,,,,
-10.711294258593552,,1.7377663869156814,0.9562819443336282,0.04719273776631761,1,True,,,,False,False,0.002677435744898267,-14.05276828982924,-14.065768955740245,30,120,fixed,sub-053,med2,meditation,2,False,control,ctr,meditation,0.0,60.0,f,-13.046957113566888,0.08690800076074767,3,218,0.2805280528052805,Fp1,1,central,clean-average,primary,,,,,
-12.415415608579028,,0.42419940452378757,0.8226613905602189,0.02610740359727072,0,False,,,,False,False,0.0,-13.231089858555562,-13.23356535642474,30,120,fixed,sub-053,med2,meditation,2,False,control,ctr,meditation,0.0,60.0,f,-13.046957113566888,0.08690800076074767,3,218,0.2805280528052805,Fp1,1,temporal,clean-average,primary,,,,,
-10.651720010220718,,1.6421369560106336,0.9847261131740057,0.022796089448023988,2,True,99.0105812303942,0.11419743899775092,3.5607207033257353,True,False,0.0250704037840658,-13.809312443563257,-13.788257225890465,30,120,fixed,sub-053,think2,thinking,2,False,control,ctr,meditation,0.0,60.0,f,-12.609172680905496,0.20545870844619418,8,265,0.14516129032258063,Fp1,1,parieto_occipital,clean-average,primary,1.5219633748885752,-24.585211833416952,0.9786730004474359,-0.020159004487495077,-13.613566859068262
-11.390892803199593,,1.131307832821051,0.9816136533309194,0.0189968622105088,0,True,,,,False,False,0.0,-13.56623453679965,-13.563112976766785,30,120,fixed,sub-053,think2,thinking,2,False,control,ctr,meditation,0.0,60.0,f,-12.609172680905496,0.20545870844619418,8,265,0.14516129032258063,Fp1,1,frontal,clean-average,primary,,,,,
-10.284671436076206,,2.025898312960346,0.9807636767079979,0.03366506244494093,3,True,98.52445416359306,0.2409136961770777,2.0556348772389264,True,False,0.04529375924306238,-14.1801815884484,-14.149686082554009,30,120,fixed,sub-053,think2,thinking,2,False,control,ctr,meditation,0.0,60.0,f,-12.609172680905496,0.20545870844619418,8,265,0.14516129032258063,Fp1,1,central,clean-average,primary,,,,,
-12.171650019562113,,0.6842756033733773,0.8890665870668395,0.025569620292392486,3,False,99.9057319520914,0.12122254908013907,4.023102617109617,True,False,0.02661644443986626,-13.487413275254099,-13.463470573965129,30,120,fixed,sub-053,think2,thinking,2,False,control,ctr,meditation,0.0,60.0,f,-12.609172680905496,0.20545870844619418,8,265,0.14516129032258063,Fp1,1,temporal,clean-average,primary,,,,,
-11.532135149000965,,1.2741332911048842,0.9393235855898563,0.04135057717660089,0,True,,,,False,False,0.0,-13.982109631541354,-13.986692365816872,30,120,fixed,sub-054,med1breath,meditation,1,False,control,ctr,thinking,0.0,32.0,f,-13.404926774730244,0.11142096255698275,3,276,0.06440677966101693,Fp1;O2;P1;P2,4,parieto_occipital,clean-average,primary,1.4703111423375796,-25.28774719942984,0.9402824531990083,0.012078726338366675,-13.817547853972133
-11.3195765217971,,1.3931231146509178,0.9858003113192061,0.019922667963741546,0,True,,,,False,False,0.0,-13.998351266762914,-13.99773027666813,30,120,fixed,sub-054,med1breath,meditation,1,False,control,ctr,thinking,0.0,32.0,f,-13.404926774730244,0.11142096255698275,3,276,0.06440677966101693,Fp1;O2;P1;P2,4,frontal,clean-average,primary,,,,,
-10.871707722129887,,1.8222794449806727,0.9571759817052928,0.04928690956543214,0,True,,,,False,False,0.0,-14.375688170195115,-14.39010669898465,30,120,fixed,sub-054,med1breath,meditation,1,False,control,ctr,thinking,0.0,32.0,f,-13.404926774730244,0.11142096255698275,3,276,0.06440677966101693,Fp1;O2;P1;P2,4,central,clean-average,primary,,,,,
-11.643033095954717,,1.3512317584178342,0.9400182101399943,0.03737281000260471,1,True,102.09593079766479,0.06056736628019799,29.999872591374828,False,True,0.03175981999305529,-14.241256807110664,-14.212411120015338,30,120,fixed,sub-054,med1breath,meditation,1,False,control,ctr,thinking,0.0,32.0,f,-13.404926774730244,0.11142096255698275,3,276,0.06440677966101693,Fp1;O2;P1;P2,4,temporal,clean-average,primary,,,,,
-11.664523561510745,,1.1315710009049562,0.9512342981109545,0.03184941118151267,0,True,,,,False,False,0.0,-13.84037132936537,-13.845123193655017,30,120,fixed,sub-054,think1,thinking,1,False,control,ctr,thinking,0.0,32.0,f,-13.248748710748382,0.010541513561790117,4,238,0.23225806451612907,Fp1,1,parieto_occipital,clean-average,primary,1.258868749422842,-25.891466412485777,0.9573551865722703,0.015777562826408967,-13.669565639934767
-11.844616100498893,,1.0596980453440732,0.9725289115377919,0.022265157415189092,0,True,,,,False,False,0.0,-13.882262544882702,-13.87871813129397,30,120,fixed,sub-054,think1,thinking,1,False,control,ctr,thinking,0.0,32.0,f,-13.248748710748382,0.010541513561790117,4,238,0.23225806451612907,Fp1,1,frontal,clean-average,primary,,,,,
-11.098893909990108,,1.675068960404381,0.9682331986260243,0.034205446926595905,1,True,99.99999999999483,0.06306099198076964,23.25904440061934,True,False,0.029510566900631214,-14.319809836241008,-14.29831311433991,30,120,fixed,sub-054,think1,thinking,1,False,control,ctr,thinking,0.0,32.0,f,-13.248748710748382,0.010541513561790117,4,238,0.23225806451612907,Fp1,1,central,clean-average,primary,,,,,
-11.967062696001047,,0.9935742124227356,0.965068415234412,0.025292949001699698,0,True,,,,False,False,0.0,-13.877562550247054,-13.869652629099166,30,120,fixed,sub-054,think1,thinking,1,False,control,ctr,thinking,0.0,32.0,f,-13.248748710748382,0.010541513561790117,4,238,0.23225806451612907,Fp1,1,temporal,clean-average,primary,,,,,
-11.953148483022824,,1.0308486388309293,0.974864846667479,0.024696752817325966,1,True,,,,False,False,1.6277769761583483e-11,-13.935321681171663,-13.937982864038286,30,120,fixed,sub-054,med2,meditation,2,False,control,ctr,thinking,0.0,32.0,f,-11.299094873963865,0.0,0,132,0.5555555555555556,Fp1;O2;P2,3,parieto_occipital,clean-average,primary,1.4562480303667427,-25.23260632494314,0.9312743209425257,0.017020465327068475,-13.765161135353077
-11.40523947279033,,1.3031438127311068,0.9701422803211971,0.02702092587670479,0,True,,,,False,False,0.0,-13.910997002681908,-13.907006283055294,30,120,fixed,sub-054,med2,meditation,2,False,control,ctr,thinking,0.0,32.0,f,-11.299094873963865,0.0,0,132,0.5555555555555556,Fp1;O2;P2,3,frontal,clean-average,primary,,,,,
-11.119910748960201,,1.6796168736479653,0.9880352430836363,0.02185601777493054,3,True,98.47525593051758,0.15734795160678594,2.1931996456770704,True,False,0.03185908898917978,-14.349571656190232,-14.319495005277588,30,120,fixed,sub-054,med2,meditation,2,False,control,ctr,thinking,0.0,32.0,f,-11.299094873963865,0.0,0,132,0.5555555555555556,Fp1;O2;P2,3,central,clean-average,primary,,,,,
-12.286866505804051,,0.949216759926563,0.9711773754841208,0.023554054595721245,4,True,109.64171613080153,0.10994096450740365,2.0000065681575134,False,True,0.032907845505777925,-14.11207337894297,-14.08654767689192,30,120,fixed,sub-054,med2,meditation,2,False,control,ctr,thinking,0.0,32.0,f,-11.299094873963865,0.0,0,132,0.5555555555555556,Fp1;O2;P2,3,temporal,clean-average,primary,,,,,
-11.32778104860059,,1.3406439273605129,0.9606678397249512,0.03438948968389802,0,True,,,,False,False,0.0,-13.905645888281333,-13.910689711065855,30,120,fixed,sub-054,think2,thinking,2,False,control,ctr,thinking,0.0,32.0,f,-13.247824548413021,0.015416945172493812,4,221,0.26821192052980136,Fp1,1,parieto_occipital,clean-average,primary,1.4545773124371675,-25.14987356637348,0.9685827701828013,0.009567539655507084,-13.725963495331074
-11.666720598982883,,1.2189808374601798,0.9788628966608308,0.02096542788774438,0,True,,,,False,False,0.0,-14.010644870746782,-14.006795109755558,30,120,fixed,sub-054,think2,thinking,2,False,control,ctr,thinking,0.0,32.0,f,-13.247824548413021,0.015416945172493812,4,221,0.26821192052980136,Fp1,1,frontal,clean-average,primary,,,,,
-11.115307949079238,,1.6834790840659177,0.9713508316911552,0.034102662362724814,0,True,,,,False,False,0.0,-14.352395329690227,-14.358944306114212,30,120,fixed,sub-054,think2,thinking,2,False,control,ctr,thinking,0.0,32.0,f,-13.247824548413021,0.015416945172493812,4,221,0.26821192052980136,Fp1,1,central,clean-average,primary,,,,,
-11.809405111440274,,1.1456617280298744,0.9759630942076215,0.022254652750709678,0,True,,,,False,False,0.0,-14.012347314498419,-14.011188541100559,30,120,fixed,sub-054,think2,thinking,2,False,control,ctr,thinking,0.0,32.0,f,-13.247824548413021,0.015416945172493812,4,221,0.26821192052980136,Fp1,1,temporal,clean-average,primary,,,,,
-12.220809582273837,,0.7423693695961617,0.9689360928128462,0.018122624605064756,0,True,,,,False,False,0.0,-13.648278768447444,-13.651300943897182,30,120,fixed,sub-055,med1breath,meditation,1,False,control,ctr,meditation,0.0,47.0,m,-12.70501891969428,0.12729288521822857,7,241,0.19397993311036787,Fp1,1,parieto_occipital,clean-average,primary,0.8287805993533718,-27.400426053917737,0.9747117514447734,0.010089921775036356,-13.491822473134208
-12.684758620004832,,0.3642853841388009,0.8923769053094539,0.016463208532044468,0,False,,,,False,False,0.0,-13.38522685337824,-13.38698264858851,30,120,fixed,sub-055,med1breath,meditation,1,False,control,ctr,meditation,0.0,47.0,m,-12.70501891969428,0.12729288521822857,7,241,0.19397993311036787,Fp1,1,frontal,clean-average,primary,,,,,
-12.761446914236043,,0.6580783339413435,0.9789620099853171,0.014437080229807395,1,True,,,,False,False,3.58079956038793e-05,-14.026836600640731,-14.033338481730453,30,120,fixed,sub-055,med1breath,meditation,1,False,control,ctr,meditation,0.0,47.0,m,-12.70501891969428,0.12729288521822857,7,241,0.19397993311036787,Fp1,1,central,clean-average,primary,,,,,
-12.877251956394106,,0.061803372111703656,0.510719926750807,0.019250077458226093,1,False,,,,False,False,3.824020714605457e-16,-12.996090923765658,-12.987424586362062,30,120,fixed,sub-055,med1breath,meditation,1,False,control,ctr,meditation,0.0,47.0,m,-12.70501891969428,0.12729288521822857,7,241,0.19397993311036787,Fp1,1,temporal,clean-average,primary,,,,,
-12.176790835716163,,0.8069066739405439,0.9718358249227829,0.019057234884556164,0,True,,,,False,False,0.0,-13.728355946483788,-13.735112857584634,30,120,fixed,sub-055,think1,thinking,1,False,control,ctr,meditation,0.0,47.0,m,-12.867079297519894,0.17032529405192953,6,266,0.14469453376205788,Fp1,1,parieto_occipital,clean-average,primary,0.8889185069746176,-27.31108436648944,0.9755137464106701,0.00651606513287473,-13.569888539465213
-12.301154595084864,,0.720079980970959,0.9673918753787096,0.017644495018380654,0,True,,,,False,False,0.0,-13.68576450292048,-13.691404522849544,30,120,fixed,sub-055,think1,thinking,1,False,control,ctr,meditation,0.0,47.0,m,-12.867079297519894,0.17032529405192953,6,266,0.14469453376205788,Fp1,1,frontal,clean-average,primary,,,,,
-12.500471874142143,,0.7527809674097526,0.9866464847478476,0.013629573734274232,3,True,,,,False,False,0.0005280755183920774,-13.947961060690792,-13.946708289377831,30,120,fixed,sub-055,think1,thinking,1,False,control,ctr,meditation,0.0,47.0,m,-12.867079297519894,0.17032529405192953,6,266,0.14469453376205788,Fp1,1,central,clean-average,primary,,,,,
-12.526191706656727,,0.3106980105036788,0.7053431973496848,0.0251015257066593,1,False,79.67475729254576,0.07707406095631342,29.999999999999996,False,True,0.05091657651839322,-13.123619152297039,-13.072057401493025,30,120,fixed,sub-055,think1,thinking,1,False,control,ctr,meditation,0.0,47.0,m,-12.867079297519894,0.17032529405192953,6,266,0.14469453376205788,Fp1,1,temporal,clean-average,primary,,,,,
-12.00799454072881,,0.875730827717726,0.9787030470260621,0.017485437460201172,0,True,,,,False,False,0.0,-13.691898569028615,-13.693767825769033,30,120,fixed,sub-055,med2,meditation,2,False,control,ctr,meditation,0.0,47.0,m,-13.009261672905021,0.05852595637665192,8,256,0.1351351351351351,Fp1,1,parieto_occipital,clean-average,primary,0.9807396550778194,-26.827688818576252,0.967203147643786,0.02146143142799044,-13.531757858838134
-12.019991319269003,,0.9171986178305169,0.9765633573290186,0.018515417930359285,0,True,,,,False,False,0.0,-13.7836319248429,-13.792394483503557,30,120,fixed,sub-055,med2,meditation,2,False,control,ctr,meditation,0.0,47.0,m,-13.009261672905021,0.05852595637665192,8,256,0.1351351351351351,Fp1,1,frontal,clean-average,primary,,,,,
-12.146701939757497,,1.0411194413506641,0.9905806143305967,0.015906338141660044,1,True,,,,False,False,0.0007045469835404615,-14.148624409245711,-14.15338434489366,30,120,fixed,sub-055,med2,meditation,2,False,control,ctr,meditation,0.0,47.0,m,-13.009261672905021,0.05852595637665192,8,256,0.1351351351351351,Fp1,1,central,clean-average,primary,,,,,
-12.536226777053761,,0.3368720732074637,0.8396044291744634,0.01965535375895019,0,False,,,,False,False,0.0,-13.183983168791288,-13.177641703058281,30,120,fixed,sub-055,med2,meditation,2,False,control,ctr,meditation,0.0,47.0,m,-13.009261672905021,0.05852595637665192,8,256,0.1351351351351351,Fp1,1,temporal,clean-average,primary,,,,,
-12.056631886202839,,0.9131572688547243,0.969667951234504,0.02238275771139594,0,True,,,,False,False,0.0,-13.812501560795765,-13.819067651243374,30,120,fixed,sub-055,think2,thinking,2,False,control,ctr,meditation,0.0,47.0,m,-12.96563692096207,0.3001592228684722,1,174,0.4161073825503355,Fp1,1,parieto_occipital,clean-average,primary,0.9607893121953603,-27.165681052129116,0.9782190492690843,0.0032791029027386957,-13.647654841146661
-12.311820996603915,,0.659612973842524,0.9586374938737223,0.01792504142296218,0,True,,,,False,False,0.0,-13.580161574115548,-13.582986612540422,30,120,fixed,sub-055,think2,thinking,2,False,control,ctr,meditation,0.0,47.0,m,-12.96563692096207,0.3001592228684722,1,174,0.4161073825503355,Fp1,1,frontal,clean-average,primary,,,,,
-12.078637281573753,,1.0840489288434187,0.9887565466240551,0.01722495425450853,1,True,,,,False,False,0.00021663474938994775,-14.163106961499096,-14.169195327433913,30,120,fixed,sub-055,think2,thinking,2,False,control,ctr,meditation,0.0,47.0,m,-12.96563692096207,0.3001592228684722,1,174,0.4161073825503355,Fp1,1,central,clean-average,primary,,,,,
-12.388880806314502,,0.47056354120934946,0.9193988695708188,0.01803010388280451,2,True,83.71866970419148,0.07694307041272808,2.000003949848944,False,True,0.03842994344062889,-13.29370660156315,-13.251042083411221,30,120,fixed,sub-055,think2,thinking,2,False,control,ctr,meditation,0.0,47.0,m,-12.96563692096207,0.3001592228684722,1,174,0.4161073825503355,Fp1,1,temporal,clean-average,primary,,,,,
-10.560059436971885,,1.8597821566833748,0.9979235312403802,0.011687993360833501,1,True,,,,False,False,7.739653110126963e-65,-14.136152188623507,-14.141081146708915,30,120,fixed,sub-056,med1breath,meditation,1,True,tm,tm,meditation,20.0,37.0,m,-13.360534142135913,0.0,6,164,0.4440677966101695,AF8;FC6;Fp1;P9;PO4;PO7,6,parieto_occipital,clean-average,primary,1.9356505086803097,-23.58008063292627,0.9936000055146849,-0.005015904884689493,-13.96693470628622
-10.161117734547345,,2.0318643933733727,0.9961142211243996,0.015420199517005542,0,True,,,,False,False,0.0,-14.068099798747559,-14.071018957235065,30,120,fixed,sub-056,med1breath,meditation,1,True,tm,tm,meditation,20.0,37.0,m,-13.360534142135913,0.0,6,164,0.4440677966101695,AF8;FC6;Fp1;P9;PO4;PO7,6,frontal,clean-average,primary,,,,,
-10.31521341725962,,2.0762970549290958,0.9925854342803236,0.021792967444630742,0,True,,,,False,False,0.0,-14.307633078737023,-14.316427755289174,30,120,fixed,sub-056,med1breath,meditation,1,True,tm,tm,meditation,20.0,37.0,m,-13.360534142135913,0.0,6,164,0.4440677966101695,AF8;FC6;Fp1;P9;PO4;PO7,6,central,clean-average,primary,,,,,
-9.772923125788445,,2.0416058656743648,0.9971959842171718,0.014388171438994277,0,True,,,,False,False,0.0,-13.698636635690946,-13.69969867752234,30,120,fixed,sub-056,med1breath,meditation,1,True,tm,tm,meditation,20.0,37.0,m,-13.360534142135913,0.0,6,164,0.4440677966101695,AF8;FC6;Fp1;P9;PO4;PO7,6,temporal,clean-average,primary,,,,,
-10.794496411495828,,1.7067773885623556,0.9914697454555945,0.01913436706987196,0,True,,,,False,False,0.0,-14.076383070095407,-14.082403446763784,30,120,fixed,sub-056,think1,thinking,1,True,tm,tm,meditation,20.0,37.0,m,-12.473228522588485,0.02407631098851737,13,217,0.2838283828382838,FT7;Fp1;P5,3,parieto_occipital,clean-average,primary,1.7414510060122246,-24.30163730497898,0.9928120377361701,-0.005576966817080609,-13.907078117951766
-10.5520671560826,,1.8482489693325959,0.9928812751414623,0.01866152637733195,0,True,,,,False,False,0.0,-14.105983252505894,-14.111302278813346,30,120,fixed,sub-056,think1,thinking,1,True,tm,tm,meditation,20.0,37.0,m,-12.473228522588485,0.02407631098851737,13,217,0.2838283828382838,FT7;Fp1;P5,3,frontal,clean-average,primary,,,,,
-10.787824447151312,,1.8440952059669058,0.9904762195923738,0.023183716488743084,0,True,,,,False,False,0.0,-14.333753455941391,-14.342990894479039,30,120,fixed,sub-056,think1,thinking,1,True,tm,tm,meditation,20.0,37.0,m,-12.473228522588485,0.02407631098851737,13,217,0.2838283828382838,FT7;Fp1;P5,3,central,clean-average,primary,,,,,
-10.278431014276858,,1.8627200818449277,0.9944794382575582,0.018431416022375892,0,True,,,,False,False,0.0,-13.860172972120386,-13.866838145683854,30,120,fixed,sub-056,think1,thinking,1,True,tm,tm,meditation,20.0,37.0,m,-12.473228522588485,0.02407631098851737,13,217,0.2838283828382838,FT7;Fp1;P5,3,temporal,clean-average,primary,,,,,
-11.068739383160624,,1.5393806314863339,0.9928009062438625,0.016475108587217638,0,True,,,,False,False,0.0,-14.028746230472468,-14.034036280793993,30,120,fixed,sub-056,med2,meditation,2,True,tm,tm,meditation,20.0,37.0,m,-13.74884151406441,0.0,4,255,0.15000000000000002,AF8;FC6;Fp1;P9;PO4;PO7,6,parieto_occipital,clean-average,primary,1.583254276648724,-24.906696417186655,0.9910614151488012,-0.0025795684196997554,-13.865247051286577
-10.14387141327987,,2.061311938836188,0.9974505807767151,0.012753869737328762,0,True,,,,False,False,0.0,-14.107476858613769,-14.11166439781376,30,120,fixed,sub-056,med2,meditation,2,True,tm,tm,meditation,20.0,37.0,m,-13.74884151406441,0.0,4,255,0.15000000000000002,AF8;FC6;Fp1;P9;PO4;PO7,6,frontal,clean-average,primary,,,,,
-10.641098552636192,,1.9098390642184377,0.9927390892953796,0.02166375987208305,0,True,,,,False,False,0.0,-14.313443515098067,-14.323944766817972,30,120,fixed,sub-056,med2,meditation,2,True,tm,tm,meditation,20.0,37.0,m,-13.74884151406441,0.0,4,255,0.15000000000000002,AF8;FC6;Fp1;P9;PO4;PO7,6,central,clean-average,primary,,,,,
-10.065107809777814,,1.888559716849204,0.9976256830769191,0.012333443453120948,0,True,,,,False,False,0.0,-13.696535657504757,-13.697795836815136,30,120,fixed,sub-056,med2,meditation,2,True,tm,tm,meditation,20.0,37.0,m,-13.74884151406441,0.0,4,255,0.15000000000000002,AF8;FC6;Fp1;P9;PO4;PO7,6,temporal,clean-average,primary,,,,,
-10.671381195282041,,1.7947994156142122,0.9921092219005827,0.019704327837637963,0,True,,,,False,False,0.0,-14.122521511787008,-14.130120324474682,30,120,fixed,sub-056,think2,thinking,2,True,tm,tm,meditation,20.0,37.0,m,-13.797744432303057,0.0,3,193,0.35016835016835013,F2;FT7;Fp1;PO8,4,parieto_occipital,clean-average,primary,1.821701954226889,-24.0409425828744,0.9886026768748012,-0.0006762290200504359,-13.950415858657955
-10.653019437472475,,1.7923289589544167,0.9913251717040674,0.020523496045602805,0,True,,,,False,False,0.0,-14.099409422266485,-14.105701522172282,30,120,fixed,sub-056,think2,thinking,2,True,tm,tm,meditation,20.0,37.0,m,-13.797744432303057,0.0,3,193,0.35016835016835013,F2;FT7;Fp1;PO8,4,frontal,clean-average,primary,,,,,
-10.779638918750338,,1.843504774396167,0.9898402542094025,0.024630406794253986,0,True,,,,False,False,0.0,-14.324432612819349,-14.336511246557484,30,120,fixed,sub-056,think2,thinking,2,True,tm,tm,meditation,20.0,37.0,m,-13.797744432303057,0.0,3,193,0.35016835016835013,F2;FT7;Fp1;PO8,4,central,clean-average,primary,,,,,
-10.382695068844688,,1.8483080039862398,0.9947954229472205,0.017384428985980433,0,True,,,,False,False,0.0,-13.93672468038922,-13.941775480392756,30,120,fixed,sub-056,think2,thinking,2,True,tm,tm,meditation,20.0,37.0,m,-13.797744432303057,0.0,3,193,0.35016835016835013,F2;FT7;Fp1;PO8,4,temporal,clean-average,primary,,,,,
-11.609961191379059,,1.2888351944257095,0.9698999101271099,0.031050506731872488,0,True,,,,False,False,0.0,-14.088205312765133,-14.098980376530774,30,120,fixed,sub-057,med1breath,meditation,1,True,tm,tm,thinking,33.0,57.0,m,-13.129141612270226,0.4026680012694218,15,298,0.0,Fp1;T8,2,parieto_occipital,clean-average,primary,1.3793269165429878,-25.951604078665902,0.9728347262758348,-0.005144833322661723,-13.930633272426322
-12.025703587221553,,0.9399947344241298,0.9826132044075858,0.01610607265028418,0,True,,,,False,False,0.0,-13.833177835904278,-13.835529298047394,30,120,fixed,sub-057,med1breath,meditation,1,True,tm,tm,thinking,33.0,57.0,m,-13.129141612270226,0.4026680012694218,15,298,0.0,Fp1;T8,2,frontal,clean-average,primary,,,,,
-11.210762378907337,,1.6835722441155918,0.979511883505081,0.03589108422716153,1,True,,,,False,False,0.0012068769684547124,-14.448028892852403,-14.464467515652244,30,120,fixed,sub-057,med1breath,meditation,1,True,tm,tm,thinking,33.0,57.0,m,-13.129141612270226,0.4026680012694218,15,298,0.0,Fp1;T8,2,central,clean-average,primary,,,,,
-11.962641951454454,,0.8528620004475691,0.9821923172895549,0.017588787868894767,2,True,70.04844044961521,0.07418176363867346,29.99997751299628,False,True,0.04164676048504722,-13.602572524505383,-13.55698133769393,30,120,fixed,sub-057,med1breath,meditation,1,True,tm,tm,thinking,33.0,57.0,m,-13.129141612270226,0.4026680012694218,15,298,0.0,Fp1;T8,2,temporal,clean-average,primary,,,,,
-11.499201590437625,,1.3171747487883967,0.9671389940044426,0.03271172448996425,0,True,,,,False,False,0.0,-14.031938585936537,-14.042511690697664,30,120,fixed,sub-057,think1,thinking,1,True,tm,tm,thinking,33.0,57.0,m,-12.95683207775297,0.3958846850978426,13,183,0.39,Fp1;P7,2,parieto_occipital,clean-average,primary,1.3873166375090327,-25.775511735622445,0.9707425185329999,-0.00399082272102278,-13.870780889465863
-11.498624765958477,,1.0677411146616391,0.9869211177889541,0.017686483776026416,6,True,62.176165826265034,0.10596335739864848,2.0003019229020436,False,True,0.04628183414606202,-13.55173687215876,-13.501149679356406,30,120,fixed,sub-057,think1,thinking,1,True,tm,tm,thinking,33.0,57.0,m,-12.95683207775297,0.3958846850978426,13,183,0.39,Fp1;P7,2,frontal,clean-average,primary,,,,,
-11.42152272295245,,1.488831071363629,0.9736416746172156,0.030197915869023602,0,True,,,,False,False,0.0,-14.284330059609582,-14.299823259571598,30,120,fixed,sub-057,think1,thinking,1,True,tm,tm,thinking,33.0,57.0,m,-12.95683207775297,0.3958846850978426,13,183,0.39,Fp1;P7,2,central,clean-average,primary,,,,,
-11.784130408837273,,0.6782943896947825,0.9765100758592071,0.01622762703155009,6,True,64.0241240569866,0.10835196310764417,2.000000158680991,False,True,0.0541053852710958,-13.08839265361503,-13.029787738806032,30,120,fixed,sub-057,think1,thinking,1,True,tm,tm,thinking,33.0,57.0,m,-12.95683207775297,0.3958846850978426,13,183,0.39,Fp1;P7,2,temporal,clean-average,primary,,,,,
-11.867740717453799,,1.0496456122230517,0.9793111966632531,0.018843082666968672,0,True,,,,False,False,0.0,-13.886057783344885,-13.890363304410746,30,120,fixed,sub-057,med2,meditation,2,True,tm,tm,thinking,33.0,57.0,m,-12.527614309632296,0.6666325455859121,21,296,0.0033670033670033517,Fp1,1,parieto_occipital,clean-average,primary,1.141873595695564,-26.552163169384038,0.9771898911501131,0.0067360707463688385,-13.729763730928674
-12.217713607296274,,0.7040072813975635,0.9629256473864407,0.017957108157650756,0,True,,,,False,False,0.0,-13.571418032875624,-13.564328454220249,30,120,fixed,sub-057,med2,meditation,2,True,tm,tm,thinking,33.0,57.0,m,-12.527614309632296,0.6666325455859121,21,296,0.0033670033670033517,Fp1,1,frontal,clean-average,primary,,,,,
-11.033315579868637,,1.7027343701827578,0.9817711647067623,0.025803584352309335,2,True,,,,False,False,0.031514389803324536,-14.307428097464596,-14.283646745867323,30,120,fixed,sub-057,med2,meditation,2,True,tm,tm,thinking,33.0,57.0,m,-12.527614309632296,0.6666325455859121,21,296,0.0033670033670033517,Fp1,1,central,clean-average,primary,,,,,
-12.107359236386715,,0.6624132700041296,0.9727750568322459,0.016110468476064132,3,True,66.50000000000001,0.08804463093868087,2.0000000000000004,False,True,0.04520308249398053,-13.381084379380926,-13.332728347016989,30,120,fixed,sub-057,med2,meditation,2,True,tm,tm,thinking,33.0,57.0,m,-12.527614309632296,0.6666325455859121,21,296,0.0033670033670033517,Fp1,1,temporal,clean-average,primary,,,,,
-11.382948277104447,,1.311446239015819,0.9868745810271027,0.0193436490091968,0,True,,,,False,False,0.0,-13.904670174839424,-13.909950388359286,30,120,fixed,sub-057,think2,thinking,2,True,tm,tm,thinking,33.0,57.0,m,-12.83019198396316,0.3987558431935514,12,289,0.039867109634551534,FT7;Fp1;T7,3,parieto_occipital,clean-average,primary,1.3621965920018573,-25.60854605111036,0.9822209830003894,-0.004066259408729677,-13.746574094204846
-11.652152312772879,,0.9817836863971199,0.9758410920840119,0.02029135678126646,0,True,,,,False,False,0.0,-13.53998068664854,-13.535232740332209,30,120,fixed,sub-057,think2,thinking,2,True,tm,tm,thinking,33.0,57.0,m,-12.83019198396316,0.3987558431935514,12,289,0.039867109634551534,FT7;Fp1;T7,3,frontal,clean-average,primary,,,,,
-11.114992650913104,,1.6304851255114987,0.9897126063612749,0.023510555113805263,0,True,,,,False,False,0.0,-14.250180295371257,-14.26150504981158,30,120,fixed,sub-057,think2,thinking,2,True,tm,tm,thinking,33.0,57.0,m,-12.83019198396316,0.3987558431935514,12,289,0.039867109634551534,FT7;Fp1;T7,3,central,clean-average,primary,,,,,
-11.296007730392022,,1.0017819821181604,0.9885659151832348,0.015579366482491508,6,True,71.06865611146897,0.14019278475666042,2.0153353822403197,False,True,0.06605114596900064,-13.2222899415176,-13.152207068114,30,120,fixed,sub-057,think2,thinking,2,True,tm,tm,thinking,33.0,57.0,m,-12.83019198396316,0.3987558431935514,12,289,0.039867109634551534,FT7;Fp1;T7,3,temporal,clean-average,primary,,,,,
-11.78216023731824,,0.8963926203423281,0.9704720968700143,0.021113086935824817,0,True,,,,False,False,0.0,-13.50579391168194,-13.494886665908307,30,120,fixed,sub-058,med1breath,meditation,1,True,tm,tm,meditation,35.0,,m,-13.376600988057325,0.038209092651929955,10,283,0.04391891891891897,Fp1;P10;T8,3,parieto_occipital,clean-average,primary,1.0688142656706254,-26.037634894638437,0.9665900400873891,0.036582830891599714,-13.354228204365459
-11.97789805968811,,0.8713803144220804,0.9509518505020712,0.025231400418363314,1,True,78.29822835888838,0.06607855615841451,29.999999757168048,False,True,0.04306750928297902,-13.65343667862714,-13.604553754486275,30,120,fixed,sub-058,med1breath,meditation,1,True,tm,tm,meditation,35.0,,m,-13.376600988057325,0.038209092651929955,10,283,0.04391891891891897,Fp1;P10;T8,3,frontal,clean-average,primary,,,,,
-11.45185864513872,,1.4207857699582793,0.9721130304392032,0.02939211033346106,0,True,,,,False,False,0.0,-14.18382468499926,-14.1795407306947,30,120,fixed,sub-058,med1breath,meditation,1,True,tm,tm,meditation,35.0,,m,-13.376600988057325,0.038209092651929955,10,283,0.04391891891891897,Fp1;P10;T8,3,central,clean-average,primary,,,,,
-11.740169454866102,,0.9131341740064398,0.9717652239944675,0.02185023866163069,0,True,,,,False,False,0.0,-13.495994721397983,-13.486410743568799,30,120,fixed,sub-058,med1breath,meditation,1,True,tm,tm,meditation,35.0,,m,-13.376600988057325,0.038209092651929955,10,283,0.04391891891891897,Fp1;P10;T8,3,temporal,clean-average,primary,,,,,
-11.790179554964338,,0.8226892201191379,0.9605274170988595,0.02364955776709073,0,True,,,,False,False,0.0,-13.372092224874338,-13.358738371706895,30,120,fixed,sub-058,think1,thinking,1,True,tm,tm,meditation,35.0,,m,-13.346847527162758,0.029977824150834276,5,209,0.3125,Fp1;P10,2,parieto_occipital,clean-average,primary,0.9965091070752596,-26.04299016320129,0.9557503575491471,0.04125239852040436,-13.213704075120852
-11.846040208638827,,0.9623613595056953,0.9653289076840169,0.024778959579892,0,True,,,,False,False,0.0,-13.696522250221197,-13.683366162581459,30,120,fixed,sub-058,think1,thinking,1,True,tm,tm,meditation,35.0,,m,-13.346847527162758,0.029977824150834276,5,209,0.3125,Fp1;P10,2,frontal,clean-average,primary,,,,,
-11.471827469561653,,1.4233069293097527,0.9711378510344143,0.03031133568021159,0,True,,,,False,False,0.0,-14.20864133509369,-14.210012374098234,30,120,fixed,sub-058,think1,thinking,1,True,tm,tm,meditation,35.0,,m,-13.346847527162758,0.029977824150834276,5,209,0.3125,Fp1;P10,2,central,clean-average,primary,,,,,
-11.509495540421497,,1.0172874521255755,0.9811373437865272,0.019795150281804508,0,True,,,,False,False,0.0,-13.46559253318976,-13.454566042323034,30,120,fixed,sub-058,think1,thinking,1,True,tm,tm,meditation,35.0,,m,-13.346847527162758,0.029977824150834276,5,209,0.3125,Fp1;P10,2,temporal,clean-average,primary,,,,,
-11.687612820544496,,0.9071327200986976,0.9607605385902571,0.024250344763766092,0,True,,,,False,False,0.0,-13.431898157121823,-13.414170078324583,30,120,fixed,sub-058,med2,meditation,2,True,tm,tm,meditation,35.0,,m,-13.446707601331077,0.06037080556100893,7,286,0.04347826086956519,Fp1;P10;PO8;T8,4,parieto_occipital,clean-average,primary,1.0905696799130031,-25.798646103096406,0.9561230152110282,0.05111792065659532,-13.286143411200257
-11.905665323709133,,0.9373061308236407,0.969442614737704,0.022312042128328675,1,True,74.99999999999999,0.0744427268173169,29.999999996222606,False,True,0.046334386405984314,-13.707969775588927,-13.656578987446805,30,120,fixed,sub-058,med2,meditation,2,True,tm,tm,meditation,35.0,,m,-13.446707601331077,0.06037080556100893,7,286,0.04347826086956519,Fp1;P10;PO8;T8,4,frontal,clean-average,primary,,,,,
-11.4553140430494,,1.4216238358317788,0.9830428452072999,0.023229746343063504,0,True,,,,False,False,0.0,-14.188891562665706,-14.181993695037473,30,120,fixed,sub-058,med2,meditation,2,True,tm,tm,meditation,35.0,,m,-13.446707601331077,0.06037080556100893,7,286,0.04347826086956519,Fp1;P10;PO8;T8,4,central,clean-average,primary,,,,,
-11.550554108877321,,1.0435769125836338,0.9821462833165034,0.01873971939105004,0,True,,,,False,False,0.0,-13.557201940974288,-13.547781669417466,30,120,fixed,sub-058,med2,meditation,2,True,tm,tm,meditation,35.0,,m,-13.446707601331077,0.06037080556100893,7,286,0.04347826086956519,Fp1;P10;PO8;T8,4,temporal,clean-average,primary,,,,,
-11.678037957889938,,0.8832953638691416,0.9750464874077167,0.018699782229335826,0,True,,,,False,False,0.0,-13.376487497772093,-13.365396009007796,30,120,fixed,sub-058,think2,thinking,2,True,tm,tm,meditation,35.0,,m,-13.456130890168486,0.02827918939276941,4,291,0.05211726384364823,Fp1;P10,2,parieto_occipital,clean-average,primary,1.04313231638593,-25.856261944234586,0.9637619032061698,0.04532235605355252,-13.22378543883283
-11.891482137275942,,0.9216996571141342,0.9648512966074327,0.023531988413775542,0,True,,,,False,False,0.0,-13.663777591967087,-13.6506625325735,30,120,fixed,sub-058,think2,thinking,2,True,tm,tm,meditation,35.0,,m,-13.456130890168486,0.02827918939276941,4,291,0.05211726384364823,Fp1;P10,2,frontal,clean-average,primary,,,,,
-11.740779411322828,,1.2788401374139438,0.9934376281982006,0.015633581001673672,1,True,,,,False,False,4.3705652971002174e-10,-14.199804480195859,-14.19735790537312,30,120,fixed,sub-058,think2,thinking,2,True,tm,tm,meditation,35.0,,m,-13.456130890168486,0.02827918939276941,4,291,0.05211726384364823,Fp1;P10,2,central,clean-average,primary,,,,,
-11.51618103531943,,1.0086803406505418,0.986471524869373,0.01539035425620804,0,True,,,,False,False,0.0,-13.455727794584313,-13.451616415375218,30,120,fixed,sub-058,think2,thinking,2,True,tm,tm,meditation,35.0,,m,-13.456130890168486,0.02827918939276941,4,291,0.05211726384364823,Fp1;P10,2,temporal,clean-average,primary,,,,,
-11.160886072030374,,1.474616963578995,0.9937624279683404,0.013809488311356852,0,True,,,,False,False,0.0,-13.996361730277133,-13.997911399622199,30,120,fixed,sub-059,med1breath,meditation,1,True,tm,tm,thinking,,32.0,m,-12.151781044689265,0.3368343745355685,11,253,0.14527027027027029,Fp1,1,parieto_occipital,clean-average,primary,1.543406079364326,-24.99707103439946,0.9831306636852315,0.012556468478549196,-13.824883352374554
-11.525774139056528,,1.389109954882957,0.9848790286059771,0.02308518311395236,0,True,,,,False,False,0.0,-14.196832156820799,-14.191911197828604,30,120,fixed,sub-059,med1breath,meditation,1,True,tm,tm,thinking,,32.0,m,-12.151781044689265,0.3368343745355685,11,253,0.14527027027027029,Fp1,1,frontal,clean-average,primary,,,,,
-11.590351050130856,,1.4243784642080388,0.9904396836343997,0.016794409008913526,0,True,,,,False,False,0.0,-14.32922532266762,-14.334759466305448,30,120,fixed,sub-059,med1breath,meditation,1,True,tm,tm,thinking,,32.0,m,-12.151781044689265,0.3368343745355685,11,253,0.14527027027027029,Fp1,1,central,clean-average,primary,,,,,
-11.899948649284202,,1.1221456950111783,0.9803343881385755,0.020543247328582138,0,True,,,,False,False,0.0,-14.05767291382006,-14.051969886239124,30,120,fixed,sub-059,med1breath,meditation,1,True,tm,tm,thinking,,32.0,m,-12.151781044689265,0.3368343745355685,11,253,0.14527027027027029,Fp1,1,temporal,clean-average,primary,,,,,
-11.161615237718763,,1.5130443675628389,0.9942346406899107,0.013592448343699576,0,True,,,,False,False,0.0,-14.070981249390824,-14.07206040596068,30,120,fixed,sub-059,think1,thinking,1,True,tm,tm,thinking,,32.0,m,-12.804209576075444,0.08239685321765267,11,243,0.18181818181818177,Fp1,1,parieto_occipital,clean-average,primary,1.5621261631730552,-25.08477544581892,0.9838854589997122,0.0020323556218142537,-13.901007887766006
-11.441118172791558,,1.3715605522479168,0.9917597190083521,0.016761111725174707,0,True,,,,False,False,0.0,-14.078431221375727,-14.073553011491374,30,120,fixed,sub-059,think1,thinking,1,True,tm,tm,thinking,,32.0,m,-12.804209576075444,0.08239685321765267,11,243,0.18181818181818177,Fp1,1,frontal,clean-average,primary,,,,,
-11.414283044983303,,1.510013814699224,0.9925030955305673,0.017101037409308475,0,True,,,,False,False,0.0,-14.317821740757037,-14.31809405286522,30,120,fixed,sub-059,think1,thinking,1,True,tm,tm,thinking,,32.0,m,-12.804209576075444,0.08239685321765267,11,243,0.18181818181818177,Fp1,1,central,clean-average,primary,,,,,
-11.787138570308757,,1.1834804949982254,0.9806256163962723,0.022037026433995993,0,True,,,,False,False,0.0,-14.06280080562762,-14.049870170515348,30,120,fixed,sub-059,think1,thinking,1,True,tm,tm,thinking,,32.0,m,-12.804209576075444,0.08239685321765267,11,243,0.18181818181818177,Fp1,1,temporal,clean-average,primary,,,,,
-11.120343127420151,,1.5356146190423754,0.9953166734578307,0.013149528421718841,0,True,,,,False,False,0.0,-14.073108476175255,-14.070140699375273,30,120,fixed,sub-059,med2,meditation,2,True,tm,tm,thinking,,32.0,m,-12.458064606789874,0.24157141834406115,9,281,0.05067567567567566,Fp1,1,parieto_occipital,clean-average,primary,1.6168996117907874,-24.865225855418696,0.9880229238019813,0.004251572045395239,-13.906756081604389
-11.344726153001137,,1.3450462267695622,0.9868540999114888,0.023807755019401924,1,True,64.38122347977173,0.1375710704072315,29.999999999004082,False,True,0.06352092538395014,-13.931055979266857,-13.86489924913639,30,120,fixed,sub-059,med2,meditation,2,True,tm,tm,thinking,,32.0,m,-12.458064606789874,0.24157141834406115,9,281,0.05067567567567566,Fp1,1,frontal,clean-average,primary,,,,,
-11.364208870553963,,1.5423485761727704,0.9924946719751214,0.017170904171989416,0,True,,,,False,False,0.0,-14.329922647272742,-14.326765428338849,30,120,fixed,sub-059,med2,meditation,2,True,tm,tm,thinking,,32.0,m,-12.458064606789874,0.24157141834406115,9,281,0.05067567567567566,Fp1,1,central,clean-average,primary,,,,,
-11.823902647299468,,0.9999514819319975,0.9862286049814231,0.01673121577860056,2,True,74.45640123092313,0.1199934945511405,28.871871795971213,True,False,0.07378190978759804,-13.746665070677802,-13.666302752038732,30,120,fixed,sub-059,med2,meditation,2,True,tm,tm,thinking,,32.0,m,-12.458064606789874,0.24157141834406115,9,281,0.05067567567567566,Fp1,1,temporal,clean-average,primary,,,,,
-11.020962084376336,,1.6037097628643013,0.9959577283846239,0.012880218326707086,0,True,,,,False,False,0.0,-14.10466456970368,-14.105654789632315,30,120,fixed,sub-059,think2,thinking,2,True,tm,tm,thinking,,32.0,m,-12.51318209403742,0.13036679977732368,11,250,0.1610738255033557,C2;Fp1,2,parieto_occipital,clean-average,primary,1.650359615522681,-24.765740629281396,0.9898090596432423,0.0008969075358403562,-13.931287202704763
-11.357091380662592,,1.3785173158479551,0.9863161277843513,0.023012316646996437,0,True,,,,False,False,0.0,-14.007781281904288,-13.997622140949446,30,120,fixed,sub-059,think2,thinking,2,True,tm,tm,thinking,,32.0,m,-12.51318209403742,0.13036679977732368,11,250,0.1610738255033557,C2;Fp1,2,frontal,clean-average,primary,,,,,
-11.495193577639666,,1.5165699615292714,0.9939992427481644,0.015055326549817422,0,True,,,,False,False,0.0,-14.411338797824579,-14.40983556152059,30,120,fixed,sub-059,think2,thinking,2,True,tm,tm,thinking,,32.0,m,-12.51318209403742,0.13036679977732368,11,250,0.1610738255033557,C2;Fp1,2,central,clean-average,primary,,,,,
-11.838541735225347,,1.11120074265282,0.975930634900123,0.02382911032382206,0,True,,,,False,False,0.0,-13.975220435550769,-13.963909851197918,30,120,fixed,sub-059,think2,thinking,2,True,tm,tm,thinking,,32.0,m,-12.51318209403742,0.13036679977732368,11,250,0.1610738255033557,C2;Fp1,2,temporal,clean-average,primary,,,,,
-12.515170212970556,,0.5195668890098062,0.9648080016995851,0.015921901847079714,1,True,,,,False,False,7.998432038306129e-32,-13.514222375670963,-13.505592324483054,30,120,fixed,sub-060,med1breath,meditation,1,True,vipassana,vip,meditation,6.5,43.0,f,-12.479762468455293,0.180051633442186,14,286,0.03703703703703709,Fp1;P8;TP8,3,parieto_occipital,clean-average,primary,0.695355285427179,-27.69723818502509,0.8746243137000388,0.04326958362319338,-13.359330189195605
-12.308811110958253,,0.7819278801823456,0.9880814635861186,0.014316207337398766,1,True,,,,False,False,1.9577634765014694e-52,-13.81234560535359,-13.809139060190118,30,120,fixed,sub-060,med1breath,meditation,1,True,vipassana,vip,meditation,6.5,43.0,f,-12.479762468455293,0.180051633442186,14,286,0.03703703703703709,Fp1;P8;TP8,3,frontal,clean-average,primary,,,,,
-12.264304551660762,,0.9584899041470092,0.9882659161354089,0.016161399368761892,1,True,,,,False,False,6.805072002806617e-39,-14.107342343175032,-14.10058852786852,30,120,fixed,sub-060,med1breath,meditation,1,True,vipassana,vip,meditation,6.5,43.0,f,-12.479762468455293,0.180051633442186,14,286,0.03703703703703709,Fp1;P8;TP8,3,central,clean-average,primary,,,,,
-12.586967483206521,,0.22816526796913808,0.8009503900718166,0.019392193586946892,1,False,,,,False,False,8.303519035290653e-136,-13.02569637305574,-13.014722036329152,30,120,fixed,sub-060,med1breath,meditation,1,True,vipassana,vip,meditation,6.5,43.0,f,-12.479762468455293,0.180051633442186,14,286,0.03703703703703709,Fp1;P8;TP8,3,temporal,clean-average,primary,,,,,
-12.120361514133567,,0.6471173104142272,0.9328807087067781,0.02270641882837452,0,True,,,,False,False,0.0,-13.364674733789105,-13.353827400902219,30,120,fixed,sub-060,think1,thinking,1,True,vipassana,vip,meditation,6.5,43.0,f,-12.750474630346522,0.11171336597431103,13,241,0.18855218855218858,Fp1;PO4,2,parieto_occipital,clean-average,primary,0.7965218402344524,-26.926360150342106,0.92935999033825,0.0488871355469859,-13.214882544899602
-11.653581499733448,,0.9656647768436907,0.9726421615095546,0.019221687296898802,1,True,75.90852704665149,0.06149049168531384,29.999999981360656,False,True,0.03883783769247332,-13.510415536228578,-13.467324154906416,30,120,fixed,sub-060,think1,thinking,1,True,vipassana,vip,meditation,6.5,43.0,f,-12.750474630346522,0.11171336597431103,13,241,0.18855218855218858,Fp1;PO4,2,frontal,clean-average,primary,,,,,
-11.985339842596174,,1.0756941164254588,0.9317388827950686,0.032147258531037774,0,True,,,,False,False,0.0,-14.05374442370233,-14.05160998075817,30,120,fixed,sub-060,think1,thinking,1,True,vipassana,vip,meditation,6.5,43.0,f,-12.750474630346522,0.11171336597431103,13,241,0.18855218855218858,Fp1;PO4,2,central,clean-average,primary,,,,,
-11.95562597779445,,0.584643954504042,0.9166543067266711,0.023523400464612598,0,True,,,,False,False,0.0,-13.079811947901478,-13.067577237365718,30,120,fixed,sub-060,think1,thinking,1,True,vipassana,vip,meditation,6.5,43.0,f,-12.750474630346522,0.11171336597431103,13,241,0.18855218855218858,Fp1;PO4,2,temporal,clean-average,primary,,,,,
-12.104013601000155,,0.8040978915736079,0.9518853888844979,0.02052776283138306,0,True,,,,False,False,0.0,-13.650177828536771,-13.644720763670033,30,120,fixed,sub-060,med2,meditation,2,True,vipassana,vip,meditation,6.5,43.0,f,-12.78259139984108,0.08225153062984325,18,269,0.09121621621621623,Fp1,1,parieto_occipital,clean-average,primary,0.8940457705006816,-27.12123786450502,0.9776731891741702,0.019320228478283904,-13.493109906700179
-11.999687650502272,,0.9244994367178034,0.923106114260373,0.029375374412901653,0,True,,,,False,False,0.0,-13.777366677409617,-13.771360820051287,30,120,fixed,sub-060,med2,meditation,2,True,vipassana,vip,meditation,6.5,43.0,f,-12.78259139984108,0.08225153062984325,18,269,0.09121621621621623,Fp1,1,frontal,clean-average,primary,,,,,
-12.067433172447947,,1.0208079863397819,0.9643381066182609,0.022113076396022165,0,True,,,,False,False,0.0,-14.03029964455556,-14.027110075328679,30,120,fixed,sub-060,med2,meditation,2,True,vipassana,vip,meditation,6.5,43.0,f,-12.78259139984108,0.08225153062984325,18,269,0.09121621621621623,Fp1,1,central,clean-average,primary,,,,,
-12.460750295483933,,0.3559958762851684,0.8409502881698213,0.020554920069363537,0,False,,,,False,False,0.0,-13.145279001292996,-13.134641184508864,30,120,fixed,sub-060,med2,meditation,2,True,vipassana,vip,meditation,6.5,43.0,f,-12.78259139984108,0.08225153062984325,18,269,0.09121621621621623,Fp1,1,temporal,clean-average,primary,,,,,
-12.070222675638336,,0.6998014540812708,0.8879248151485689,0.030860172431582084,0,False,,,,False,False,0.0,-13.415839902119423,-13.406983378074715,30,120,fixed,sub-060,think2,thinking,2,True,vipassana,vip,meditation,6.5,43.0,f,-12.821806341221787,0.21970611570563248,11,115,0.619205298013245,Fp1;PO4,2,parieto_occipital,clean-average,primary,0.8283887776184029,-26.88901768174879,0.9174915286095351,0.048293607860767716,-13.26159676950436
-11.898137670694522,,0.6841893644201851,0.945497442340754,0.02540532342344286,2,True,67.94097952019685,0.0660270680889905,2.0000000000000004,False,True,0.0032830461180419013,-13.213735101322362,-13.202732730912562,30,120,fixed,sub-060,think2,thinking,2,True,vipassana,vip,meditation,6.5,43.0,f,-12.821806341221787,0.21970611570563248,11,115,0.619205298013245,Fp1;PO4,2,frontal,clean-average,primary,,,,,
-11.767628373527138,,1.129914738100124,0.9218308032058461,0.039321700771995836,0,True,,,,False,False,0.0,-13.940291386979267,-13.940293016447116,30,120,fixed,sub-060,think2,thinking,2,True,vipassana,vip,meditation,6.5,43.0,f,-12.821806341221787,0.21970611570563248,11,115,0.619205298013245,Fp1;PO4,2,central,clean-average,primary,,,,,
-12.02274554892864,,0.5669699795776003,0.8921124161502582,0.025243742891697327,1,False,77.8194033272989,0.055090678544784666,29.999999996759257,False,True,0.035709588458516815,-13.112947015312912,-13.078721429274578,30,120,fixed,sub-060,think2,thinking,2,True,vipassana,vip,meditation,6.5,43.0,f,-12.821806341221787,0.21970611570563248,11,115,0.619205298013245,Fp1;PO4,2,temporal,clean-average,primary,,,,,
-10.853482403819589,,1.3913181291386927,0.9055444611352914,0.0554906231720123,5,True,98.74651641333898,0.09419906733993422,23.15183046403124,True,False,0.047765755929781585,-13.528786422074802,-13.47536791989659,30,120,fixed,sub-061,med2,meditation,2,True,vipassana,vip,thinking,10.0,29.0,f,-11.819694504897065,0.08571683593256196,12,50,0.8316498316498316,Fp1;P10;PO4;POz,4,parieto_occipital,clean-average,primary,1.7312422640762395,-22.90627720750462,0.9360989075073596,0.0038249572680792744,-13.291440446078953
-10.740490235971652,,1.4412628574392619,0.9076623287568637,0.04813375249409146,4,True,97.96919332363412,0.11730371282637364,4.335539801524798,True,False,0.034613870833412504,-13.511830760554782,-13.482697479518292,30,120,fixed,sub-061,med2,meditation,2,True,vipassana,vip,thinking,10.0,29.0,f,-11.819694504897065,0.08571683593256196,12,50,0.8316498316498316,Fp1;P10;PO4;POz,4,frontal,clean-average,primary,,,,,
-10.885074777467388,,1.5301908300198699,0.8746324303297516,0.06129613549806763,4,False,103.79407390711532,0.16295694197257404,2.000010127790592,False,True,0.035076233447526674,-13.827410962494815,-13.795023640087853,30,120,fixed,sub-061,med2,meditation,2,True,vipassana,vip,thinking,10.0,29.0,f,-11.819694504897065,0.08571683593256196,12,50,0.8316498316498316,Fp1;P10;PO4;POz,4,central,clean-average,primary,,,,,
-12.116838321819454,,0.39731718701958074,0.846246092682923,0.030755984293599048,4,False,98.16591870047944,0.1399356437813104,2.665273338274936,True,False,0.041293145468397206,-12.880821946192526,-12.844783733563723,30,120,fixed,sub-061,med2,meditation,2,True,vipassana,vip,thinking,10.0,29.0,f,-11.819694504897065,0.08571683593256196,12,50,0.8316498316498316,Fp1;P10;PO4;POz,4,temporal,clean-average,primary,,,,,
-11.81826665735175,,1.0343647309509003,0.9832119784048117,0.025876355283327136,1,True,,,,False,False,4.3166624463747216e-07,-13.807200793333646,-13.8133128697293,30,120,fixed,sub-062,med1breath,meditation,1,True,vipassana,vip,meditation,30.0,41.0,m,-12.900088721678076,0.038581686302675555,7,285,0.13109756097560976,Fp1;PO4,2,parieto_occipital,clean-average,primary,1.561592576478439,-24.44775625206115,0.9509790234074524,0.001298572969995072,-13.640621910050099
-11.245715850294276,,1.2648290755397613,0.9891350429196414,0.023109439410320294,1,True,,,,False,False,2.3092258366954673e-08,-13.677799668746584,-13.68078424641113,30,120,fixed,sub-062,med1breath,meditation,1,True,vipassana,vip,meditation,30.0,41.0,m,-12.900088721678076,0.038581686302675555,7,285,0.13109756097560976,Fp1;PO4,2,frontal,clean-average,primary,,,,,
-10.97197474185538,,1.642917838930841,0.9772693189825806,0.044085300083972566,3,True,79.13307713054803,0.11238290300780207,5.60353628639517,True,False,0.03364474334097312,-14.131068700385049,-14.117369372580885,30,120,fixed,sub-062,med1breath,meditation,1,True,vipassana,vip,meditation,30.0,41.0,m,-12.900088721678076,0.038581686302675555,7,285,0.13109756097560976,Fp1;PO4,2,central,clean-average,primary,,,,,
-12.265929845281832,,0.44704850828344855,0.9672340985471629,0.017053561766374653,1,True,,,,False,False,4.0803167429514674e-07,-13.125539625042336,-13.125334639804278,30,120,fixed,sub-062,med1breath,meditation,1,True,vipassana,vip,meditation,30.0,41.0,m,-12.900088721678076,0.038581686302675555,7,285,0.13109756097560976,Fp1;PO4,2,temporal,clean-average,primary,,,,,
-11.271113356820749,,1.32840235015824,0.9922780284751409,0.02336194322126621,1,True,,,,False,False,5.93432664963655e-09,-13.825439409797623,-13.83338859649609,30,120,fixed,sub-062,think1,thinking,1,True,vipassana,vip,meditation,30.0,41.0,m,-12.902704686353095,0.113113993872756,9,272,0.07796610169491525,C1;Fp1;O1;PO4;T7,5,parieto_occipital,clean-average,primary,1.8287752865136224,-23.32528727338174,0.9704854902074906,-0.0019400569975823716,-13.666067114400922
-10.163511973702066,,1.8041449555962803,0.9015813055373884,0.07980517722495786,0,True,,,,False,False,0.0,-13.632622415186484,-13.646377548268486,30,120,fixed,sub-062,think1,thinking,1,True,vipassana,vip,meditation,30.0,41.0,m,-12.902704686353095,0.113113993872756,9,272,0.07796610169491525,C1;Fp1;O1;PO4;T7,5,frontal,clean-average,primary,,,,,
-9.519395026748315,,2.3984330333734465,0.9302136359535258,0.09308092518402834,0,True,,,,False,False,0.0,-14.1312356959073,-14.153638199399044,30,120,fixed,sub-062,think1,thinking,1,True,vipassana,vip,meditation,30.0,41.0,m,-12.902704686353095,0.113113993872756,9,272,0.07796610169491525,C1;Fp1;O1;PO4;T7,5,central,clean-average,primary,,,,,
-11.952508265144543,,0.6317169662250148,0.9856025355328505,0.013705004384985432,1,True,,,,False,False,6.291488605991884e-10,-13.167208844937896,-13.16672024288049,30,120,fixed,sub-062,think1,thinking,1,True,vipassana,vip,meditation,30.0,41.0,m,-12.902704686353095,0.113113993872756,9,272,0.07796610169491525,C1;Fp1;O1;PO4;T7,5,temporal,clean-average,primary,,,,,
-11.245849685937078,,1.4246573328903942,0.9878381048950226,0.027802565373856617,1,True,,,,False,False,5.796246804557964e-08,-13.985260182713898,-13.99540088570076,30,120,fixed,sub-062,med2,meditation,2,True,vipassana,vip,meditation,30.0,41.0,m,-13.248240971617228,0.0738403283784852,7,258,0.12542372881355934,Fp1;PO4,2,parieto_occipital,clean-average,primary,1.972430826778788,-23.027494012598787,0.9658228288830901,0.0037036853581788346,-13.81801133066349
-10.953103396822032,,1.408102846336953,0.9953107405750657,0.018021511428822034,2,True,,,,False,False,4.7730312908957425e-09,-13.660682004493816,-13.657684778985917,30,120,fixed,sub-062,med2,meditation,2,True,vipassana,vip,meditation,30.0,41.0,m,-13.248240971617228,0.0738403283784852,7,258,0.12542372881355934,Fp1;PO4,2,frontal,clean-average,primary,,,,,
-10.546860485959444,,1.9314631306670011,0.9857618238061634,0.040029773538175224,4,True,75.23119093340507,0.10867616925654922,4.442100622545053,True,False,0.018608290032831702,-14.260785408208568,-14.257811502394743,30,120,fixed,sub-062,med2,meditation,2,True,vipassana,vip,meditation,30.0,41.0,m,-13.248240971617228,0.0738403283784852,7,258,0.12542372881355934,Fp1;PO4,2,central,clean-average,primary,,,,,
-11.428097507814098,,0.9897734191175097,0.9902934539188195,0.01641034612155857,3,True,,,,False,False,6.324713243796866e-11,-13.33128898492545,-13.326600328614848,30,120,fixed,sub-062,med2,meditation,2,True,vipassana,vip,meditation,30.0,41.0,m,-13.248240971617228,0.0738403283784852,7,258,0.12542372881355934,Fp1;PO4,2,temporal,clean-average,primary,,,,,
-11.245887103177571,,1.372129542498168,0.9873109229233009,0.025435439544184566,1,True,,,,False,False,3.1433919000956035e-09,-13.884294237917139,-13.885114625687736,30,120,fixed,sub-062,think2,thinking,2,True,vipassana,vip,meditation,30.0,41.0,m,-12.666183241035732,0.13455297611788397,11,257,0.13468013468013473,C1;Fp1;O1;PO4;T7,5,parieto_occipital,clean-average,primary,1.8037309350380926,-23.575945602872718,0.9747083129981002,0.004121662121526716,-13.723603334663403
-10.985941753078663,,1.3172478743809142,0.9905085241618651,0.020634765895075628,2,True,,,,False,False,1.6571118704694948e-11,-13.518819358541176,-13.512884968298975,30,120,fixed,sub-062,think2,thinking,2,True,vipassana,vip,meditation,30.0,41.0,m,-12.666183241035732,0.13455297611788397,11,257,0.13468013468013473,C1;Fp1;O1;PO4;T7,5,frontal,clean-average,primary,,,,,
-10.410700689425477,,1.9495842283392968,0.9819909760467909,0.04265956660545331,2,True,77.59619619443146,0.18252753712423697,6.151453460217424,True,False,0.0278796363889629,-14.159469867925257,-14.149246809901141,30,120,fixed,sub-062,think2,thinking,2,True,vipassana,vip,meditation,30.0,41.0,m,-12.666183241035732,0.13455297611788397,11,257,0.13468013468013473,C1;Fp1;O1;PO4;T7,5,central,clean-average,primary,,,,,
-11.402660523712903,,1.0056891052503942,0.9838857412251263,0.020105049774524868,1,True,,,,False,False,5.191487561446612e-11,-13.336455568888848,-13.33241486457656,30,120,fixed,sub-062,think2,thinking,2,True,vipassana,vip,meditation,30.0,41.0,m,-12.666183241035732,0.13455297611788397,11,257,0.13468013468013473,C1;Fp1;O1;PO4;T7,5,temporal,clean-average,primary,,,,,
-10.430899963912877,,1.510922041419323,0.9934747893552748,0.017190522204739375,1,True,64.14471901027726,0.0900236745470071,29.99999999337625,False,True,0.04116827217072056,-13.336185048627343,-13.293017538137603,30,120,fixed,sub-063,think1,thinking,1,True,vipassana,vip,thinking,36.0,53.0,m,-13.02157431542087,0.3768861835905015,13,286,0.03703703703703709,F2;Fp1,2,parieto_occipital,clean-average,primary,1.602820719861397,-23.192160631653003,0.9803371509376735,0.014464446125719326,-13.14130309293648
-10.522585181261984,,1.6634869244613804,0.9933481651519496,0.017877266196107477,2,True,63.821948101295696,0.0726696634716184,29.993836624307303,False,True,0.03278529205671993,-13.721230523489753,-13.68576532481668,30,120,fixed,sub-063,think1,thinking,1,True,vipassana,vip,thinking,36.0,53.0,m,-13.02157431542087,0.3768861835905015,13,286,0.03703703703703709,F2;Fp1,2,frontal,clean-average,primary,,,,,
-10.780766769070038,,1.7267912322541557,0.9835289765760601,0.024750351126241143,0,True,,,,False,False,0.0,-14.101137161423996,-14.101821434422057,30,120,fixed,sub-063,think1,thinking,1,True,vipassana,vip,thinking,36.0,53.0,m,-13.02157431542087,0.3768861835905015,13,286,0.03703703703703709,F2;Fp1,2,central,clean-average,primary,,,,,
-11.643160317863801,,0.8881851913065455,0.97304412231507,0.018744596608733077,0,True,,,,False,False,0.0,-13.351012290387265,-13.342634056598785,30,120,fixed,sub-063,think1,thinking,1,True,vipassana,vip,thinking,36.0,53.0,m,-13.02157431542087,0.3768861835905015,13,286,0.03703703703703709,F2;Fp1,2,temporal,clean-average,primary,,,,,
-10.658705275740033,,1.3972136357079672,0.9753420885752458,0.028695921633910954,6,True,74.99879961449865,0.12729879473258165,3.130879493420326,True,False,0.06704389034494031,-13.345345502504362,-13.272853915923383,30,120,fixed,sub-063,think2,thinking,2,True,vipassana,vip,thinking,36.0,53.0,m,-13.036115907789467,0.35736905478474235,12,58,0.8060200668896321,F2;Fp1,2,parieto_occipital,clean-average,primary,1.498368706196238,-23.66869196903063,0.9632456652761165,0.11151491181670525,-13.143417700937079
-10.761993228691038,,1.4822383767359686,0.9586374502310784,0.04037740085158681,5,True,83.28143298220257,0.16194757248730873,2.0000000000000036,False,True,0.07584485724845677,-13.612123764795426,-13.53267714925463,30,120,fixed,sub-063,think2,thinking,2,True,vipassana,vip,thinking,36.0,53.0,m,-13.036115907789467,0.35736905478474235,12,58,0.8060200668896321,F2;Fp1,2,frontal,clean-average,primary,,,,,
-10.951407686268919,,1.6040120051968785,0.9840732492800228,0.028071811889349006,4,True,60.017385797581,0.06989930934209276,2.0000000000000004,False,True,0.026604396785030644,-14.035691339993269,-14.003794878381163,30,120,fixed,sub-063,think2,thinking,2,True,vipassana,vip,thinking,36.0,53.0,m,-13.036115907789467,0.35736905478474235,12,58,0.8060200668896321,F2;Fp1,2,central,clean-average,primary,,,,,
-11.627757558887861,,0.8971611680017844,0.934639198269657,0.030598916110966868,5,True,81.30634695643911,0.10657490866477914,2.000000010168498,False,True,0.0391476501517109,-13.352869039512042,-13.310205014415851,30,120,fixed,sub-063,think2,thinking,2,True,vipassana,vip,thinking,36.0,53.0,m,-13.036115907789467,0.35736905478474235,12,58,0.8060200668896321,F2;Fp1,2,temporal,clean-average,primary,,,,,
-10.775020669282688,,1.6313681116442056,0.9731330473116097,0.0321669177633595,0,True,,,,False,False,0.0,-13.911906168673818,-13.91853976781051,30,120,fixed,sub-064,think1,thinking,1,True,vipassana,vip,meditation,5.0,30.0,f,-13.311852933632172,0.02144419648386009,4,178,0.4066666666666666,Fp1;P10;PO4;POz;Pz,5,parieto_occipital,clean-average,primary,1.7566841693195285,-23.83740191372778,0.971018224612917,-0.0035098080899234217,-13.740325614756477
-11.172456814404665,,1.49961519218507,0.9607833703615701,0.03223889269410785,0,True,,,,False,False,0.0,-14.056000459432058,-14.056180016552135,30,120,fixed,sub-064,think1,thinking,1,True,vipassana,vip,meditation,5.0,30.0,f,-13.311852933632172,0.02144419648386009,4,178,0.4066666666666666,Fp1;P10;PO4;POz;Pz,5,frontal,clean-average,primary,,,,,
-10.360968136687358,,2.004938194700131,0.9531755613288888,0.0523993400251409,0,True,,,,False,False,0.0,-14.216175005841809,-14.22779979122629,30,120,fixed,sub-064,think1,thinking,1,True,vipassana,vip,meditation,5.0,30.0,f,-13.311852933632172,0.02144419648386009,4,178,0.4066666666666666,Fp1;P10;PO4;POz;Pz,5,central,clean-average,primary,,,,,
-10.670246999104972,,1.5242281378928917,0.9900167812759622,0.018659370214532924,0,True,,,,False,False,0.0,-13.601117787489576,-13.601863432923116,30,120,fixed,sub-064,think1,thinking,1,True,vipassana,vip,meditation,5.0,30.0,f,-13.311852933632172,0.02144419648386009,4,178,0.4066666666666666,Fp1;P10;PO4;POz;Pz,5,temporal,clean-average,primary,,,,,
-10.567467104232437,,1.6948479955414917,0.9869945431729572,0.023752322986134736,0,True,,,,False,False,0.0,-13.826415261266009,-13.8258398789079,30,120,fixed,sub-064,think2,thinking,2,True,vipassana,vip,meditation,5.0,30.0,f,-12.690944437464092,0.022563657090596045,1,97,0.6881028938906752,Fp1;P10;PO4,3,parieto_occipital,clean-average,primary,1.808126161630815,-23.37151909590285,0.9824461046872239,0.004025543762174781,-13.632756335916262
-11.005304911535248,,1.5155498165037555,0.9738326186894862,0.0269123516318279,2,True,90.67995838709973,0.07849718188982457,4.5388998131867835,True,False,0.03673856542112369,-13.91948854002606,-13.884786301403759,30,120,fixed,sub-064,think2,thinking,2,True,vipassana,vip,meditation,5.0,30.0,f,-12.690944437464092,0.022563657090596045,1,97,0.6881028938906752,Fp1;P10;PO4,3,frontal,clean-average,primary,,,,,
-10.264129806796632,,2.075236638073543,0.9573615217116809,0.048479593029822236,1,True,,,,False,False,3.8994333477150646e-89,-14.254510439661333,-14.265915677461596,30,120,fixed,sub-064,think2,thinking,2,True,vipassana,vip,meditation,5.0,30.0,f,-12.690944437464092,0.022563657090596045,1,97,0.6881028938906752,Fp1;P10;PO4,3,central,clean-average,primary,,,,,
-10.486063787936203,,1.6253101558415721,0.9882230722861557,0.023204624181956162,0,True,,,,False,False,0.0,-13.61130071238119,-13.608352167908404,30,120,fixed,sub-064,think2,thinking,2,True,vipassana,vip,meditation,5.0,30.0,f,-12.690944437464092,0.022563657090596045,1,97,0.6881028938906752,Fp1;P10;PO4,3,temporal,clean-average,primary,,,,,
-12.413897984706876,,0.6104226670586625,0.9642240530502504,0.015918807669693343,0,True,,,,False,False,0.0,-13.587652699616735,-13.583556113145873,30,120,fixed,sub-065,med1breath,meditation,1,True,vipassana,vip,thinking,18.0,62.0,m,-12.205342381843366,0.25963838219384416,17,288,0.03678929765886285,Fp1,1,parieto_occipital,clean-average,primary,0.7296967345901304,-27.694163730544005,0.9017573615696574,0.025885362830277436,-13.427331867981643
-13.045702824325375,,0.44666030858543526,0.8899353666174981,0.021246698950021806,0,False,,,,False,False,0.0,-13.904566152077363,-13.904292168465332,30,120,fixed,sub-065,med1breath,meditation,1,True,vipassana,vip,thinking,18.0,62.0,m,-12.205342381843366,0.25963838219384416,17,288,0.03678929765886285,Fp1,1,frontal,clean-average,primary,,,,,
-12.225205731639148,,0.9976126127131941,0.9805937781860007,0.017947458504411134,0,True,,,,False,False,0.0,-14.143470846969675,-14.147974522875408,30,120,fixed,sub-065,med1breath,meditation,1,True,vipassana,vip,thinking,18.0,62.0,m,-12.205342381843366,0.25963838219384416,17,288,0.03678929765886285,Fp1,1,central,clean-average,primary,,,,,
-13.390048559730928,,0.04574899355453367,0.10081615967040183,0.018027270766757343,0,False,,,,False,False,0.0,-13.478017273517,-13.478001595530882,30,120,fixed,sub-065,med1breath,meditation,1,True,vipassana,vip,thinking,18.0,62.0,m,-12.205342381843366,0.25963838219384416,17,288,0.03678929765886285,Fp1,1,temporal,clean-average,primary,,,,,
-12.092135965328605,,0.8102007774622995,0.9745226971439971,0.01725088358046084,0,True,,,,False,False,0.0,-13.650035161884187,-13.643062046306662,30,120,fixed,sub-065,think1,thinking,1,True,vipassana,vip,thinking,18.0,62.0,m,-12.793923141881052,0.03681728678104934,10,274,0.07118644067796609,Fp1,1,parieto_occipital,clean-average,primary,0.9502895685902804,-26.87371963486988,0.9661436250595583,0.04009423745459456,-13.491549158632628
-12.472872001021507,,0.7535895576799894,0.9528915641195804,0.022097448545646412,0,True,,,,False,False,0.0,-13.921915989993689,-13.919189772293244,30,120,fixed,sub-065,think1,thinking,1,True,vipassana,vip,thinking,18.0,62.0,m,-12.793923141881052,0.03681728678104934,10,274,0.07118644067796609,Fp1,1,frontal,clean-average,primary,,,,,
-11.379359114261657,,1.497424173454156,0.9782595994262483,0.025977630592572326,1,True,107.99999989695355,0.06993101295340409,29.92451284116663,False,True,0.029039276995531136,-14.258689746397087,-14.233512008875573,30,120,fixed,sub-065,think1,thinking,1,True,vipassana,vip,thinking,18.0,62.0,m,-12.793923141881052,0.03681728678104934,10,274,0.07118644067796609,Fp1,1,central,clean-average,primary,,,,,
-12.325491687992812,,0.7302043893149615,0.9554486324397822,0.02029587161504641,0,True,,,,False,False,0.0,-13.729569372290117,-13.730553817686067,30,120,fixed,sub-065,think1,thinking,1,True,vipassana,vip,thinking,18.0,62.0,m,-12.793923141881052,0.03681728678104934,10,274,0.07118644067796609,Fp1,1,temporal,clean-average,primary,,,,,
-12.36051455772112,,0.6520800661303519,0.9728804202066615,0.014997086173327987,0,True,,,,False,False,0.0,-13.614370440575613,-13.60910523783055,30,120,fixed,sub-065,med2,meditation,2,True,vipassana,vip,thinking,18.0,62.0,m,-12.385150913394426,0.16518828084375836,15,339,0.05833333333333335,Fp1,1,parieto_occipital,clean-average,primary,0.7953521146505523,-27.477750515236426,0.9415600470972063,0.029251340018675846,-13.457362135223676
-12.923838844616116,,0.5221824182262268,0.9271516825491999,0.018978636664972154,0,True,,,,False,False,0.0,-13.927920292622309,-13.926594204765598,30,120,fixed,sub-065,med2,meditation,2,True,vipassana,vip,thinking,18.0,62.0,m,-12.385150913394426,0.16518828084375836,15,339,0.05833333333333335,Fp1,1,frontal,clean-average,primary,,,,,
-12.21204319703319,,1.0011862534472167,0.9731180221125266,0.02101965704430182,0,True,,,,False,False,0.0,-14.137179907878288,-14.1417133274375,30,120,fixed,sub-065,med2,meditation,2,True,vipassana,vip,thinking,18.0,62.0,m,-12.385150913394426,0.16518828084375836,15,339,0.05833333333333335,Fp1,1,central,clean-average,primary,,,,,
-13.253018634593465,,0.12931647493390946,0.5290687398668301,0.015965568534540692,0,False,,,,False,False,0.0,-13.501675557673638,-13.499324937958312,30,120,fixed,sub-065,med2,meditation,2,True,vipassana,vip,thinking,18.0,62.0,m,-12.385150913394426,0.16518828084375836,15,339,0.05833333333333335,Fp1,1,temporal,clean-average,primary,,,,,
-11.87581413860199,,0.9499524311491885,0.9815082474434096,0.016851198584148703,0,True,,,,False,False,0.0,-13.702435601356893,-13.69226778428825,30,120,fixed,sub-065,think2,thinking,2,True,vipassana,vip,thinking,18.0,62.0,m,-13.37955573389643,0.014739221508664135,9,289,0.030201342281879207,Fp1,1,parieto_occipital,clean-average,primary,1.0692236467068736,-26.4869579215758,0.9668630417451721,0.04479968399052032,-13.551287972499773
-12.395543482666866,,0.8510248245221296,0.9784951220836563,0.018776893913739226,1,True,,,,False,False,2.6460630866083977e-11,-14.031941431487121,-14.025384853493117,30,120,fixed,sub-065,think2,thinking,2,True,vipassana,vip,thinking,18.0,62.0,m,-13.37955573389643,0.014739221508664135,9,289,0.030201342281879207,Fp1,1,frontal,clean-average,primary,,,,,
-11.421587658377245,,1.494317381459698,0.9757148395401947,0.03205180142521003,0,True,,,,False,False,0.0,-14.29494437776577,-14.30342689856176,30,120,fixed,sub-065,think2,thinking,2,True,vipassana,vip,thinking,18.0,62.0,m,-13.37955573389643,0.014739221508664135,9,289,0.030201342281879207,Fp1,1,central,clean-average,primary,,,,,
-12.018686133131357,,0.9457035140460222,0.9763235680845836,0.019951893059289225,0,True,,,,False,False,0.0,-13.837137541344974,-13.838800351450319,30,120,fixed,sub-065,think2,thinking,2,True,vipassana,vip,thinking,18.0,62.0,m,-13.37955573389643,0.014739221508664135,9,289,0.030201342281879207,Fp1,1,temporal,clean-average,primary,,,,,
-11.564688249485018,,1.4450793801060398,0.9910896599156191,0.016946468731467556,0,True,,,,False,False,0.0,-14.343367396495584,-14.346248603703215,30,120,fixed,sub-066,med1breath,meditation,1,True,vipassana,vip,meditation,5.0,50.0,m,-12.849565886994332,0.13531085600898618,14,275,0.06779661016949157,Fp1,1,parieto_occipital,clean-average,primary,1.5088053427984274,-25.96447473242798,0.9872215550887538,-6.130631544011107e-06,-14.182038833677964
-11.950998477142702,,1.313793373443022,0.9892731661039063,0.01715443822253582,0,True,,,,False,False,0.0,-14.477233575728707,-14.478068342448777,30,120,fixed,sub-066,med1breath,meditation,1,True,vipassana,vip,meditation,5.0,50.0,m,-12.849565886994332,0.13531085600898618,14,275,0.06779661016949157,Fp1,1,frontal,clean-average,primary,,,,,
-11.57783926632343,,1.4868368325794314,0.9902116586936383,0.01939576725859763,0,True,,,,False,False,0.0,-14.436811969534057,-14.441869534996604,30,120,fixed,sub-066,med1breath,meditation,1,True,vipassana,vip,meditation,5.0,50.0,m,-12.849565886994332,0.13531085600898618,14,275,0.06779661016949157,Fp1,1,central,clean-average,primary,,,,,
-11.34879363983354,,1.3947218010326483,0.9927674974496636,0.015140072549349372,0,True,,,,False,False,0.0,-14.030642428047551,-14.031245445257355,30,120,fixed,sub-066,med1breath,meditation,1,True,vipassana,vip,meditation,5.0,50.0,m,-12.849565886994332,0.13531085600898618,14,275,0.06779661016949157,Fp1,1,temporal,clean-average,primary,,,,,
-11.452010222225514,,1.4324384963363093,0.9904224944268281,0.018628927372980646,0,True,,,,False,False,0.0,-14.206382773616287,-14.21078565757055,30,120,fixed,sub-066,think1,thinking,1,True,vipassana,vip,meditation,5.0,50.0,m,-12.062955063490618,0.19426456899137212,11,215,0.27609427609427606,Fp1;P3,2,parieto_occipital,clean-average,primary,1.4720382687620082,-25.7839987583125,0.9874953841297751,0.00648311754676905,-14.032534418708728
-11.521271926514707,,1.3877222319234659,0.9901874821194094,0.01764213542178895,0,True,,,,False,False,0.0,-14.18966155325323,-14.192325451556163,30,120,fixed,sub-066,think1,thinking,1,True,vipassana,vip,meditation,5.0,50.0,m,-12.062955063490618,0.19426456899137212,11,215,0.27609427609427606,Fp1;P3,2,frontal,clean-average,primary,,,,,
-11.43689132669595,,1.515732784570988,0.9908167136095356,0.018573531440812193,0,True,,,,False,False,0.0,-14.351426776380796,-14.354933276152634,30,120,fixed,sub-066,think1,thinking,1,True,vipassana,vip,meditation,5.0,50.0,m,-12.062955063490618,0.19426456899137212,11,215,0.27609427609427606,Fp1;P3,2,central,clean-average,primary,,,,,
-11.72047991243595,,1.1366521987878968,0.9862590503519422,0.016895446079739314,0,True,,,,False,False,0.0,-13.90609809068708,-13.907507478785108,30,120,fixed,sub-066,think1,thinking,1,True,vipassana,vip,meditation,5.0,50.0,m,-12.062955063490618,0.19426456899137212,11,215,0.27609427609427606,Fp1;P3,2,temporal,clean-average,primary,,,,,
-11.43922497310744,,1.4811841695214654,0.9923043780219597,0.01714146561412174,0,True,,,,False,False,0.0,-14.287328420842917,-14.290179184233674,30,120,fixed,sub-066,med2,meditation,2,True,vipassana,vip,meditation,5.0,50.0,m,-12.724068395889054,0.07945994077953888,9,274,0.07118644067796609,Fp1;Oz,2,parieto_occipital,clean-average,primary,1.5609328233999187,-25.602433249646918,0.988575271024755,0.0017772870179956263,-14.124277473779424
-11.801077777134779,,1.3385741519918957,0.9938173001173025,0.013614049225202367,0,True,,,,False,False,0.0,-14.37496273741585,-14.374411856590987,30,120,fixed,sub-066,med2,meditation,2,True,vipassana,vip,meditation,5.0,50.0,m,-12.724068395889054,0.07945994077953888,9,274,0.07118644067796609,Fp1;Oz,2,frontal,clean-average,primary,,,,,
-11.413899400772808,,1.5500335841291188,0.9922004274026376,0.017586856350397907,0,True,,,,False,False,0.0,-14.394390338972741,-14.400785038251971,30,120,fixed,sub-066,med2,meditation,2,True,vipassana,vip,meditation,5.0,50.0,m,-12.724068395889054,0.07945994077953888,9,274,0.07118644067796609,Fp1;Oz,2,central,clean-average,primary,,,,,
-11.655415115393318,,1.1683395288962484,0.9932040399588712,0.012964575891419994,0,True,,,,False,False,0.0,-13.901963457487806,-13.900307158148484,30,120,fixed,sub-066,med2,meditation,2,True,vipassana,vip,meditation,5.0,50.0,m,-12.724068395889054,0.07945994077953888,9,274,0.07118644067796609,Fp1;Oz,2,temporal,clean-average,primary,,,,,
-11.466149561431356,,1.4382973884809789,0.9851592719743466,0.024139640253825558,0,True,,,,False,False,0.0,-14.231787917075586,-14.239120615185803,30,120,fixed,sub-066,think2,thinking,2,True,vipassana,vip,meditation,5.0,50.0,m,-11.82616430093264,0.22522939376944118,11,200,0.32659932659932656,FC6;Fp1;P3;PO8,4,parieto_occipital,clean-average,primary,1.5013601465759454,-25.707444397208086,0.9836668805316927,0.006570955491099389,-14.05793154927941
-11.74047922487755,,1.3103062274406674,0.9863557568276236,0.02037290360586277,0,True,,,,False,False,0.0,-14.260009044838236,-14.264452528275847,30,120,fixed,sub-066,think2,thinking,2,True,vipassana,vip,meditation,5.0,50.0,m,-11.82616430093264,0.22522939376944118,11,200,0.32659932659932656,FC6;Fp1;P3;PO8,4,frontal,clean-average,primary,,,,,
-11.470709214888966,,1.5034409564807225,0.9880086417760915,0.02109101523528983,0,True,,,,False,False,0.0,-14.361609252662703,-14.369864850487323,30,120,fixed,sub-066,think2,thinking,2,True,vipassana,vip,meditation,5.0,50.0,m,-11.82616430093264,0.22522939376944118,11,200,0.32659932659932656,FC6;Fp1;P3;PO8,4,central,clean-average,primary,,,,,
-11.973236788257559,,1.0430867025455326,0.9800679070072906,0.01900400477054467,0,True,,,,False,False,0.0,-13.978942017180415,-13.980035073087494,30,120,fixed,sub-066,think2,thinking,2,True,vipassana,vip,meditation,5.0,50.0,m,-11.82616430093264,0.22522939376944118,11,200,0.32659932659932656,FC6;Fp1;P3;PO8,4,temporal,clean-average,primary,,,,,
-11.809202983404246,,0.9957676756427456,0.9753224621656589,0.021503553569373692,0,True,,,,False,False,0.0,-13.72392055094205,-13.712899393597183,30,120,fixed,sub-067,med1breath,meditation,1,True,vipassana,vip,thinking,25.0,55.0,m,-13.269994787651356,0.08880639077138297,12,295,0.010067114093959773,Fp1,1,parieto_occipital,clean-average,primary,1.1312206940616767,-26.26253951433725,0.98158598682357,0.023730760754763935,-13.571463569017261
-11.704545502705674,,0.9896487579397051,0.9805315766261039,0.019180129937780212,1,True,69.46428572974231,0.08702235209925568,29.999999999999996,False,True,0.047824436954793,-13.607497274358643,-13.558326449761799,30,120,fixed,sub-067,med1breath,meditation,1,True,vipassana,vip,thinking,25.0,55.0,m,-13.269994787651356,0.08880639077138297,12,295,0.010067114093959773,Fp1,1,frontal,clean-average,primary,,,,,
-11.271932381228472,,1.5409077312760509,0.993104663128734,0.017221648944386513,2,True,,,,False,False,4.251330799979912e-06,-14.234875621100828,-14.233942703056048,30,120,fixed,sub-067,med1breath,meditation,1,True,vipassana,vip,thinking,25.0,55.0,m,-13.269994787651356,0.08880639077138297,12,295,0.010067114093959773,Fp1,1,central,clean-average,primary,,,,,
-11.749336846964413,,0.8333960779773121,0.9738966858661874,0.018791381421164096,3,True,68.03922037126578,0.08869054326343928,2.000000000000015,False,True,0.04574656608573362,-13.351837259714069,-13.302628369824685,30,120,fixed,sub-067,med1breath,meditation,1,True,vipassana,vip,thinking,25.0,55.0,m,-13.269994787651356,0.08880639077138297,12,295,0.010067114093959773,Fp1,1,temporal,clean-average,primary,,,,,
-11.76612461788306,,1.0575961926325679,0.9821250029477055,0.019928402130245635,1,True,,,,False,False,1.4697594505245402e-08,-13.799729502765052,-13.786608111005478,30,120,fixed,sub-067,think1,thinking,1,True,vipassana,vip,thinking,25.0,55.0,m,-13.148524332333233,0.08572983040939197,18,285,0.03389830508474578,FC4;Fp1,2,parieto_occipital,clean-average,primary,1.2261975188352432,-26.014256574265325,0.979269408987902,0.02864374309859351,-13.64508563127786
-11.775151585016555,,1.0488683778159031,0.9891301915948743,0.01553349771507106,3,True,65.22108846557971,0.13203156726149068,21.300201991022274,True,False,0.07805116426272551,-13.791974141284701,-13.707585465311828,30,120,fixed,sub-067,think1,thinking,1,True,vipassana,vip,thinking,25.0,55.0,m,-13.148524332333233,0.08572983040939197,18,285,0.03389830508474578,FC4;Fp1,2,frontal,clean-average,primary,,,,,
-11.620852870050587,,1.34486900826725,0.9927603098489348,0.015584289349695267,2,True,,,,False,False,9.146859813677575e-14,-14.206841930706043,-14.20338305225601,30,120,fixed,sub-067,think1,thinking,1,True,vipassana,vip,thinking,25.0,55.0,m,-13.148524332333233,0.08572983040939197,18,285,0.03389830508474578,FC4;Fp1,2,central,clean-average,primary,,,,,
-11.931753330200753,,0.7884447190367389,0.9734094865900178,0.018851314740430447,2,True,72.11724941740698,0.11471537401579823,29.9999997008983,False,True,0.06757349609733283,-13.447818765441566,-13.373476844263571,30,120,fixed,sub-067,think1,thinking,1,True,vipassana,vip,thinking,25.0,55.0,m,-13.148524332333233,0.08572983040939197,18,285,0.03389830508474578,FC4;Fp1,2,temporal,clean-average,primary,,,,,
-11.927562753060338,,0.9587097777900561,0.9841772918694773,0.01653962393699337,0,True,,,,False,False,0.0,-13.771023329866077,-13.763734634568069,30,120,fixed,sub-067,med2,meditation,2,True,vipassana,vip,thinking,25.0,55.0,m,-13.024098500009295,0.12387943860718409,14,291,0.02020202020202022,Fp1,1,parieto_occipital,clean-average,primary,1.0826240352376102,-26.566959304012308,0.9836938627901016,0.01624606310869828,-13.6126726454298
-11.794995802915594,,0.9345997394113956,0.9855435296053366,0.015614356917045113,2,True,78.36909412342246,0.06663769985805601,28.89922178018065,True,False,0.049838920142086386,-13.592096254596932,-13.536115692732421,30,120,fixed,sub-067,med2,meditation,2,True,vipassana,vip,thinking,25.0,55.0,m,-13.024098500009295,0.12387943860718409,14,291,0.02020202020202022,Fp1,1,frontal,clean-average,primary,,,,,
-11.619686056703516,,1.347597719762104,0.992361799576889,0.015592825563768512,1,True,,,,False,False,1.3046029024835019e-05,-14.210922035855868,-14.208561369638346,30,120,fixed,sub-067,med2,meditation,2,True,vipassana,vip,thinking,25.0,55.0,m,-13.024098500009295,0.12387943860718409,14,291,0.02020202020202022,Fp1,1,central,clean-average,primary,,,,,
-11.89663326031929,,0.807454376264866,0.9744973383507098,0.018896426238406778,1,True,65.09593075181029,0.08481816204453096,29.999999999999893,False,True,0.040286562620785435,-13.449251523632247,-13.40571122456901,30,120,fixed,sub-067,med2,meditation,2,True,vipassana,vip,thinking,25.0,55.0,m,-13.024098500009295,0.12387943860718409,14,291,0.02020202020202022,Fp1,1,temporal,clean-average,primary,,,,,
-11.70882573069135,,0.9908474095951406,0.9641515158256965,0.027326499510219485,0,True,,,,False,False,0.0,-13.614082336532215,-13.60106026208832,30,120,fixed,sub-067,think2,thinking,2,True,vipassana,vip,thinking,25.0,55.0,m,-12.66745078015839,0.21290362698886978,15,268,0.10666666666666669,FC4;Fp1,2,parieto_occipital,clean-average,primary,1.1087439299061574,-26.102481535214206,0.9740521772304133,0.029935328421396984,-13.455502724571819
-11.864723101183278,,0.9240734003219035,0.9763171094265571,0.020575770935956757,1,True,68.11126669235695,0.10667406979932714,29.99999999999996,False,True,0.056305296054288995,-13.64158292157128,-13.582826521024005,30,120,fixed,sub-067,think2,thinking,2,True,vipassana,vip,thinking,25.0,55.0,m,-12.66745078015839,0.21290362698886978,15,268,0.10666666666666669,FC4;Fp1,2,frontal,clean-average,primary,,,,,
-11.57755103699335,,1.3175166601370136,0.9932108282164099,0.014960382905419638,1,True,,,,False,False,0.00010742471320432655,-14.110945478683526,-14.101931015130916,30,120,fixed,sub-067,think2,thinking,2,True,vipassana,vip,thinking,25.0,55.0,m,-12.66745078015839,0.21290362698886978,15,268,0.10666666666666669,FC4;Fp1,2,central,clean-average,primary,,,,,
-11.953591356270447,,0.6093844462203386,0.9724019814435381,0.015110568563317136,6,True,75.38245849735604,0.11202798784673185,2.000000148074398,False,True,0.06922132578352998,-13.12534972230622,-13.050239379394458,30,120,fixed,sub-067,think2,thinking,2,True,vipassana,vip,thinking,25.0,55.0,m,-12.66745078015839,0.21290362698886978,15,268,0.10666666666666669,FC4;Fp1,2,temporal,clean-average,primary,,,,,
-12.255193474293483,,0.9192434421639752,0.9536460028147683,0.02149072110599402,0,True,,,,False,False,0.0,-14.022765982026462,-14.026791861870144,30,120,fixed,sub-068,med1breath,meditation,1,True,vipassana,vip,meditation,10.0,39.0,m,-12.965054786258976,0.08031069781322142,7,276,0.06756756756756754,Fp1,1,parieto_occipital,clean-average,primary,1.1412824570688997,-26.860820745633,0.9285695488374108,0.00047451271688233617,-13.863585202280548
-12.194333075844904,,0.8111108112648491,0.9589936461794228,0.021864646246543284,0,True,,,,False,False,0.0,-13.75398213610004,-13.744428790162214,30,120,fixed,sub-068,med1breath,meditation,1,True,vipassana,vip,meditation,10.0,39.0,m,-12.965054786258976,0.08031069781322142,7,276,0.06756756756756754,Fp1,1,frontal,clean-average,primary,,,,,
-12.0006293180234,,1.0915611591711092,0.9201520591941978,0.028534795727483474,0,True,,,,False,False,0.0,-14.09954393297893,-14.102800723980364,30,120,fixed,sub-068,med1breath,meditation,1,True,vipassana,vip,meditation,10.0,39.0,m,-12.965054786258976,0.08031069781322142,7,276,0.06756756756756754,Fp1,1,central,clean-average,primary,,,,,
-12.843400498655098,,0.3015040616919338,0.7936434857649974,0.02004443215233009,0,False,,,,False,False,0.0,-13.423149307264412,-13.414410300778789,30,120,fixed,sub-068,med1breath,meditation,1,True,vipassana,vip,meditation,10.0,39.0,m,-12.965054786258976,0.08031069781322142,7,276,0.06756756756756754,Fp1,1,temporal,clean-average,primary,,,,,
-11.973450685973809,,1.0940009052929698,0.9671685408348017,0.022770499812202874,0,True,,,,False,False,0.0,-14.077056580706866,-14.084017269363436,30,120,fixed,sub-068,think1,thinking,1,True,vipassana,vip,meditation,10.0,39.0,m,-13.200147487418704,0.16629386187770068,7,289,0.023648648648648685,Fp1;P7,2,parieto_occipital,clean-average,primary,1.2886911360213211,-26.32741145759382,0.9472206143661988,-0.0034334534150580152,-13.916631477206682
-12.024015707457348,,0.9607099109316866,0.9647527601376072,0.02488417235423334,0,True,,,,False,False,0.0,-13.871322251708477,-13.860577950509313,30,120,fixed,sub-068,think1,thinking,1,True,vipassana,vip,meditation,10.0,39.0,m,-13.200147487418704,0.16629386187770068,7,289,0.023648648648648685,Fp1;P7,2,frontal,clean-average,primary,,,,,
-11.553627245360108,,1.3551925556892939,0.9490465948595755,0.030358919292184768,0,True,,,,False,False,0.0,-14.159466998191865,-14.164892076151299,30,120,fixed,sub-068,think1,thinking,1,True,vipassana,vip,meditation,10.0,39.0,m,-13.200147487418704,0.16629386187770068,7,289,0.023648648648648685,Fp1;P7,2,central,clean-average,primary,,,,,
-12.944614239876179,,0.29046343100943367,0.8054201742604981,0.015690868791615645,0,False,,,,False,False,0.0,-13.503133508662527,-13.498021206990233,30,120,fixed,sub-068,think1,thinking,1,True,vipassana,vip,meditation,10.0,39.0,m,-13.200147487418704,0.16629386187770068,7,289,0.023648648648648685,Fp1;P7,2,temporal,clean-average,primary,,,,,
-12.032102625785626,,1.01446315319502,0.9616698845270603,0.0227640379359057,0,True,,,,False,False,0.0,-13.982768899209816,-13.979523825400587,30,120,fixed,sub-068,med2,meditation,2,True,vipassana,vip,meditation,10.0,39.0,m,-12.134207889000413,0.7133898472783927,4,253,0.14527027027027029,AF7;Fp1;Fpz,3,parieto_occipital,clean-average,primary,1.2334592419873895,-26.353906485524895,0.9578207189498951,0.004363952366381578,-13.815556235986081
-12.172940800932935,,0.8033250601524897,0.9613540343162703,0.020077523323054243,1,True,65.34595722960837,0.07954625250721215,27.7397227020068,True,False,0.03593255005752133,-13.717618985153464,-13.678398939713402,30,120,fixed,sub-068,med2,meditation,2,True,vipassana,vip,meditation,10.0,39.0,m,-12.134207889000413,0.7133898472783927,4,253,0.14527027027027029,AF7;Fp1;Fpz,3,frontal,clean-average,primary,,,,,
-11.845796063416481,,1.156118891677372,0.9468830618167516,0.025960763708119772,0,True,,,,False,False,0.0,-14.068845883373879,-14.067980888522081,30,120,fixed,sub-068,med2,meditation,2,True,vipassana,vip,meditation,10.0,39.0,m,-12.134207889000413,0.7133898472783927,4,253,0.14527027027027029,AF7;Fp1;Fpz,3,central,clean-average,primary,,,,,
-12.602317804774192,,0.3282947009845052,0.9261505433203153,0.015391974362174887,2,True,60.389915536941984,0.10192182046174914,19.398747587391913,True,False,0.0674421289679573,-13.233581147299203,-13.160947501016912,30,120,fixed,sub-068,med2,meditation,2,True,vipassana,vip,meditation,10.0,39.0,m,-12.134207889000413,0.7133898472783927,4,253,0.14527027027027029,AF7;Fp1;Fpz,3,temporal,clean-average,primary,,,,,
-11.99324821901953,,1.077867611537842,0.9652392094351894,0.02334225860446557,0,True,,,,False,False,0.0,-14.065832117627584,-14.073613295637712,30,120,fixed,sub-068,think2,thinking,2,True,vipassana,vip,meditation,10.0,39.0,m,-13.144970674147173,0.1598579759114641,6,284,0.037288135593220306,Fp1,1,parieto_occipital,clean-average,primary,1.2703747602638893,-26.383004724951178,0.9450457598998675,-0.006147873869576195,-13.906816073010717
-12.072949873348092,,0.9151229678454661,0.9806427339019994,0.01658331497285875,0,True,,,,False,False,0.0,-13.83259930348253,-13.826091505433663,30,120,fixed,sub-068,think2,thinking,2,True,vipassana,vip,meditation,10.0,39.0,m,-13.144970674147173,0.1598579759114641,6,284,0.037288135593220306,Fp1,1,frontal,clean-average,primary,,,,,
-11.622576801339898,,1.3730813135203184,0.9331947837024913,0.03824729727600561,0,True,,,,False,False,0.0,-14.262814054430322,-14.273895321992375,30,120,fixed,sub-068,think2,thinking,2,True,vipassana,vip,meditation,10.0,39.0,m,-13.144970674147173,0.1598579759114641,6,284,0.037288135593220306,Fp1,1,central,clean-average,primary,,,,,
-12.879814453596538,,0.3423988896933329,0.8047137951440467,0.01978701461763013,0,False,,,,False,False,0.0,-13.53819811600865,-13.532195680463566,30,120,fixed,sub-068,think2,thinking,2,True,vipassana,vip,meditation,10.0,39.0,m,-13.144970674147173,0.1598579759114641,6,284,0.037288135593220306,Fp1,1,temporal,clean-average,primary,,,,,
-11.789299032198702,,0.963460911102906,0.9855049220686586,0.015186064831557041,0,True,,,,False,False,0.0,-13.641895352855492,-13.634371434858101,30,120,fixed,sub-069,med1breath,meditation,1,True,vipassana,vip,thinking,44.0,62.0,m,-13.801429146771143,0.027221772102971054,4,262,0.12080536912751683,Fp1;O2;PO4;PO8,4,parieto_occipital,clean-average,primary,1.0969947220673928,-26.219365983957893,0.9716209553853361,0.0558678432053296,-13.48749174056545
-11.894994600630193,,1.0079979735290965,0.9809466367747047,0.018552030912724032,0,True,,,,False,False,0.0,-13.833229266374769,-13.821481788960396,30,120,fixed,sub-069,med1breath,meditation,1,True,vipassana,vip,thinking,44.0,62.0,m,-13.801429146771143,0.027221772102971054,4,262,0.12080536912751683,Fp1;O2;PO4;PO8,4,frontal,clean-average,primary,,,,,
-12.036662450826036,,1.165081289407292,0.9845168342534897,0.019419098456753145,0,True,,,,False,False,0.0,-14.27694566849306,-14.276927712411384,30,120,fixed,sub-069,med1breath,meditation,1,True,vipassana,vip,thinking,44.0,62.0,m,-13.801429146771143,0.027221772102971054,4,262,0.12080536912751683,Fp1;O2;PO4;PO8,4,central,clean-average,primary,,,,,
-11.74713966781043,,1.0385777901913393,0.9874927643695802,0.01564137164056394,0,True,,,,False,False,0.0,-13.744174908837275,-13.739929664926057,30,120,fixed,sub-069,med1breath,meditation,1,True,vipassana,vip,thinking,44.0,62.0,m,-13.801429146771143,0.027221772102971054,4,262,0.12080536912751683,Fp1;O2;PO4;PO8,4,temporal,clean-average,primary,,,,,
-11.912174269289633,,0.9690936202752505,0.9880892018781906,0.013651491203192461,0,True,,,,False,False,0.0,-13.775601476978542,-13.769889529302331,30,120,fixed,sub-069,think1,thinking,1,True,vipassana,vip,thinking,44.0,62.0,m,-13.730028705729302,0.0,3,278,0.060810810810810856,Fp1;O2;PO4;PO8,4,parieto_occipital,clean-average,primary,1.0761902472004248,-26.61880806761164,0.975319111166334,0.0438664621503521,-13.62420239026461
-11.965373103730103,,1.0185711704714402,0.9864037722680177,0.01568469918971323,0,True,,,,False,False,0.0,-13.92393850165824,-13.917148623933869,30,120,fixed,sub-069,think1,thinking,1,True,vipassana,vip,thinking,44.0,62.0,m,-13.730028705729302,0.0,3,278,0.060810810810810856,Fp1;O2;PO4;PO8,4,frontal,clean-average,primary,,,,,
-12.180015415579499,,1.0948816539974493,0.9802808054080603,0.019539190520987827,0,True,,,,False,False,0.0,-14.285314862993873,-14.28666544308919,30,120,fixed,sub-069,think1,thinking,1,True,vipassana,vip,thinking,44.0,62.0,m,-13.730028705729302,0.0,3,278,0.060810810810810856,Fp1;O2;PO4;PO8,4,central,clean-average,primary,,,,,
-12.162375999226388,,0.8358392331934631,0.9805266242987023,0.015669521605711518,0,True,,,,False,False,0.0,-13.76957424695002,-13.764461994201122,30,120,fixed,sub-069,think1,thinking,1,True,vipassana,vip,thinking,44.0,62.0,m,-13.730028705729302,0.0,3,278,0.060810810810810856,Fp1;O2;PO4;PO8,4,temporal,clean-average,primary,,,,,
-11.74566066587385,,0.9900420393598741,0.9879957603776456,0.014332419247421692,0,True,,,,False,False,0.0,-13.649368660953836,-13.645995499465084,30,120,fixed,sub-069,med2,meditation,2,True,vipassana,vip,thinking,44.0,62.0,m,-13.694628809738775,0.022754335188200248,4,269,0.08813559322033904,Fp1;O2;PO4;PO8,4,parieto_occipital,clean-average,primary,1.0960028415166696,-26.248029138508382,0.9718729782022756,0.051444627198083515,-13.49944682598073
-11.951948888637878,,0.9849122150025542,0.9824690259325705,0.01767564567345949,0,True,,,,False,False,0.0,-13.845792971627118,-13.83843646022748,30,120,fixed,sub-069,med2,meditation,2,True,vipassana,vip,thinking,44.0,62.0,m,-13.694628809738775,0.022754335188200248,4,269,0.08813559322033904,Fp1;O2;PO4;PO8,4,frontal,clean-average,primary,,,,,
-12.096208069728979,,1.1330950405528675,0.9870075442597512,0.017230926139060944,0,True,,,,False,False,0.0,-14.274986345932948,-14.27610454040478,30,120,fixed,sub-069,med2,meditation,2,True,vipassana,vip,thinking,44.0,62.0,m,-13.694628809738775,0.022754335188200248,4,269,0.08813559322033904,Fp1;O2;PO4;PO8,4,central,clean-average,primary,,,,,
-11.744647584655961,,1.0136186044015458,0.9890372586868605,0.014310348684986304,0,True,,,,False,False,0.0,-13.693689912604652,-13.693443552859469,30,120,fixed,sub-069,med2,meditation,2,True,vipassana,vip,thinking,44.0,62.0,m,-13.694628809738775,0.022754335188200248,4,269,0.08813559322033904,Fp1;O2;PO4;PO8,4,temporal,clean-average,primary,,,,,
-12.053510570875602,,0.8544521105270131,0.9640430883503428,0.02231684029296786,0,True,,,,False,False,0.0,-13.696498696182845,-13.686543315160938,30,120,fixed,sub-069,think2,thinking,2,True,vipassana,vip,thinking,44.0,62.0,m,-13.43395312338172,0.02247395998490065,5,118,0.6026936026936027,Fp1;O2;PO4;PO8,4,parieto_occipital,clean-average,primary,0.9954926228712914,-26.788494872236328,0.9247713088096221,0.057367517022602725,-13.541219964958358
-11.997685945008204,,0.9353603169084965,0.9805454989300993,0.017652658072632017,1,True,67.49999999999999,0.05583414839040479,29.999999825191185,False,True,0.028897151216661338,-13.796248877477774,-13.763948610211132,30,120,fixed,sub-069,think2,thinking,2,True,vipassana,vip,thinking,44.0,62.0,m,-13.43395312338172,0.02247395998490065,5,118,0.6026936026936027,Fp1;O2;PO4;PO8,4,frontal,clean-average,primary,,,,,
-12.248259490318038,,1.0597792744164196,0.9736013287471666,0.02247693336952297,0,True,,,,False,False,0.0,-14.286062126487963,-14.285442408988406,30,120,fixed,sub-069,think2,thinking,2,True,vipassana,vip,thinking,44.0,62.0,m,-13.43395312338172,0.02247395998490065,5,118,0.6026936026936027,Fp1;O2;PO4;PO8,4,central,clean-average,primary,,,,,
-12.516438536386248,,0.49811906810646045,0.8866668441173073,0.023411551781924396,1,False,60.92191501147765,0.059528111533207806,2.0000000000000893,False,True,0.002613645002589222,-13.474249634053557,-13.46242627339053,30,120,fixed,sub-069,think2,thinking,2,True,vipassana,vip,thinking,44.0,62.0,m,-13.43395312338172,0.02247395998490065,5,118,0.6026936026936027,Fp1;O2;PO4;PO8,4,temporal,clean-average,primary,,,,,
-11.872263732973328,,0.8384183034115062,0.9637293504767317,0.022250539598837778,0,True,,,,False,False,0.0,-13.484421160609296,-13.470121937606603,30,120,fixed,sub-070,med1breath,meditation,1,True,vipassana,vip,meditation,12.0,55.0,f,-13.397677367446404,0.01896782167461608,9,280,0.0572390572390572,F5;Fp1,2,parieto_occipital,clean-average,primary,1.0097935559695128,-26.26314575765614,0.9674838706388149,0.0421504233448302,-13.336202294906988
-11.963218457644782,,0.8208986528555461,0.9482847796039149,0.026632820899903584,0,True,,,,False,False,0.0,-13.541688125055988,-13.524889343585098,30,120,fixed,sub-070,med1breath,meditation,1,True,vipassana,vip,meditation,12.0,55.0,f,-13.397677367446404,0.01896782167461608,9,280,0.0572390572390572,F5;Fp1,2,frontal,clean-average,primary,,,,,
-11.586420075137458,,1.2360312208642046,0.9906085141840755,0.01495907889098574,0,True,,,,False,False,0.0,-13.963129774100397,-13.961071795385493,30,120,fixed,sub-070,med1breath,meditation,1,True,vipassana,vip,meditation,12.0,55.0,f,-13.397677367446404,0.01896782167461608,9,280,0.0572390572390572,F5;Fp1,2,central,clean-average,primary,,,,,
-11.746131679319014,,0.8830802152859156,0.9675094645990862,0.022365586099823403,0,True,,,,False,False,0.0,-13.44416751951799,-13.43197356830058,30,120,fixed,sub-070,med1breath,meditation,1,True,vipassana,vip,meditation,12.0,55.0,f,-13.397677367446404,0.01896782167461608,9,280,0.0572390572390572,F5;Fp1,2,temporal,clean-average,primary,,,,,
-12.085792076604577,,0.7079460624750604,0.9686244092046419,0.01694142390637398,0,True,,,,False,False,0.0,-13.447070209895317,-13.441343505431858,30,120,fixed,sub-070,think1,thinking,1,True,vipassana,vip,meditation,12.0,55.0,f,-13.146130013741725,0.0,9,297,0.05714285714285716,Fp1,1,parieto_occipital,clean-average,primary,0.858563779665217,-26.832304007786252,0.9570076800892442,0.03897604198912849,-13.297643046151265
-12.06814186892237,,0.8428230608080787,0.9794390399602435,0.01479192828947958,0,True,,,,False,False,0.0,-13.688769009498673,-13.687492706887447,30,120,fixed,sub-070,think1,thinking,1,True,vipassana,vip,meditation,12.0,55.0,f,-13.146130013741725,0.0,9,297,0.05714285714285716,Fp1,1,frontal,clean-average,primary,,,,,
-12.058544135601206,,1.0475729858713896,0.9685917346905715,0.022850845448595333,0,True,,,,False,False,0.0,-14.072875840063574,-14.077123170430484,30,120,fixed,sub-070,think1,thinking,1,True,vipassana,vip,meditation,12.0,55.0,f,-13.146130013741725,0.0,9,297,0.05714285714285716,Fp1,1,central,clean-average,primary,,,,,
-12.115196576348625,,0.5792434089902595,0.9372690361476109,0.019974756983819817,0,True,,,,False,False,0.0,-13.2289980766416,-13.218288516788876,30,120,fixed,sub-070,think1,thinking,1,True,vipassana,vip,meditation,12.0,55.0,f,-13.146130013741725,0.0,9,297,0.05714285714285716,Fp1,1,temporal,clean-average,primary,,,,,
-11.791601867398557,,1.094542868898123,0.970983233651921,0.02313802985032995,0,True,,,,False,False,0.0,-13.89624987994798,-13.894149570785512,30,120,fixed,sub-070,med2,meditation,2,True,vipassana,vip,meditation,12.0,55.0,f,-13.725827250813738,0.0016936054416274438,6,284,0.04054054054054057,Fp1,1,parieto_occipital,clean-average,primary,1.2454062240005137,-26.12888846385921,0.9683123182627014,0.023009350415871606,-13.743282615714849
-11.857237381754217,,1.103104380627783,0.9794858649830149,0.020222286413701492,0,True,,,,False,False,0.0,-13.978347946075953,-13.972004602976622,30,120,fixed,sub-070,med2,meditation,2,True,vipassana,vip,meditation,12.0,55.0,f,-13.725827250813738,0.0016936054416274438,6,284,0.04054054054054057,Fp1,1,frontal,clean-average,primary,,,,,
-11.389781455982407,,1.5090420034242849,0.9818718066477718,0.027786506508232875,0,True,,,,False,False,0.0,-14.291451498890646,-14.299638504421106,30,120,fixed,sub-070,med2,meditation,2,True,vipassana,vip,meditation,12.0,55.0,f,-13.725827250813738,0.0016936054416274438,6,284,0.04054054054054057,Fp1,1,central,clean-average,primary,,,,,
-11.623439103540592,,1.097776934940184,0.9861095745168439,0.017454513877177905,0,True,,,,False,False,0.0,-13.734305758466931,-13.731600971918061,30,120,fixed,sub-070,med2,meditation,2,True,vipassana,vip,meditation,12.0,55.0,f,-13.725827250813738,0.0016936054416274438,6,284,0.04054054054054057,Fp1,1,temporal,clean-average,primary,,,,,
-12.112704040113687,,0.692299355246585,0.9667692803862041,0.017267473623334438,1,True,,,,False,False,3.1130705119661783e-19,-13.443895812963833,-13.436867772630404,30,120,fixed,sub-070,think2,thinking,2,True,vipassana,vip,meditation,12.0,55.0,f,-13.10127525200418,0.012730432206997655,9,277,0.0735785953177257,Fp1,1,parieto_occipital,clean-average,primary,0.8573238333306804,-26.826530488329496,0.9602995051649122,0.04222968952809868,-13.2927553770689
-12.216363350394738,,0.6068336627325148,0.9259557828769923,0.02383334671139722,0,True,,,,False,False,0.0,-13.38321692781908,-13.368838300415794,30,120,fixed,sub-070,think2,thinking,2,True,vipassana,vip,meditation,12.0,55.0,f,-13.10127525200418,0.012730432206997655,9,277,0.0735785953177257,Fp1,1,frontal,clean-average,primary,,,,,
-12.179051935339146,,0.9330773052897277,0.9764695437236729,0.018349239687166338,0,True,,,,False,False,0.0,-13.973224965866452,-13.973955545842948,30,120,fixed,sub-070,think2,thinking,2,True,vipassana,vip,meditation,12.0,55.0,f,-13.10127525200418,0.012730432206997655,9,277,0.0735785953177257,Fp1,1,central,clean-average,primary,,,,,
-12.312220401670324,,0.5217350930775377,0.9343925240146991,0.017823841572442045,0,True,,,,False,False,0.0,-13.315441707957174,-13.30854554235025,30,120,fixed,sub-070,think2,thinking,2,True,vipassana,vip,meditation,12.0,55.0,f,-13.10127525200418,0.012730432206997655,9,277,0.0735785953177257,Fp1,1,temporal,clean-average,primary,,,,,
-11.209145149251288,,1.3707804059948911,0.9771151576341459,0.025838801465051364,0,True,,,,False,False,0.0,-13.844958089153028,-13.851173500022304,30,120,fixed,sub-071,med1breath,meditation,1,True,vipassana,vip,thinking,10.0,35.0,m,-13.847676544809266,0.0,10,293,0.006779661016949157,Fp1,1,parieto_occipital,clean-average,primary,1.4808366479722197,-24.955872045683048,0.9485140532649963,0.02239880721604528,-13.69007120796684
-10.62466804236798,,1.8212638819042337,0.9772301474154151,0.03123695821795928,1,True,,,,False,False,0.024793811745249073,-14.126695709166084,-14.107670209650923,30,120,fixed,sub-071,med1breath,meditation,1,True,vipassana,vip,thinking,10.0,35.0,m,-13.847676544809266,0.0,10,293,0.006779661016949157,Fp1,1,frontal,clean-average,primary,,,,,
-10.863923747555507,,1.7806549424497735,0.9634447561635197,0.04511225791733283,0,True,,,,False,False,0.0,-14.287866282977618,-14.303123690476358,30,120,fixed,sub-071,med1breath,meditation,1,True,vipassana,vip,thinking,10.0,35.0,m,-13.847676544809266,0.0,10,293,0.006779661016949157,Fp1,1,central,clean-average,primary,,,,,
-11.621558433449959,,1.1339605837775124,0.9812729819351457,0.02143926141312175,0,True,,,,False,False,0.0,-13.802001024391423,-13.792240336013576,30,120,fixed,sub-071,med1breath,meditation,1,True,vipassana,vip,thinking,10.0,35.0,m,-13.847676544809266,0.0,10,293,0.006779661016949157,Fp1,1,temporal,clean-average,primary,,,,,
-10.740963618697993,,1.6898075521966118,0.9939859030246827,0.015762169014264308,0,True,,,,False,False,0.0,-13.99021973043155,-13.986007044501697,30,120,fixed,sub-071,think1,thinking,1,True,vipassana,vip,thinking,10.0,35.0,m,-13.494008951376822,0.020697730291430738,7,293,0.013468013468013518,Fp1,1,parieto_occipital,clean-average,primary,1.7834638212593017,-23.949897129321666,0.9634291281576131,0.036045828755713154,-13.832273438067178
-10.35691469816813,,1.9397916941351205,0.9912671267279245,0.02354225748352555,0,True,,,,False,False,0.0,-14.086854246293182,-14.07864203701611,30,120,fixed,sub-071,think1,thinking,1,True,vipassana,vip,thinking,10.0,35.0,m,-13.494008951376822,0.020697730291430738,7,293,0.013468013468013518,Fp1,1,frontal,clean-average,primary,,,,,
-10.135207923495377,,2.1840767537961625,0.9920241022963592,0.02412421653574076,0,True,,,,False,False,0.0,-14.334872395075198,-14.337474783800578,30,120,fixed,sub-071,think1,thinking,1,True,vipassana,vip,thinking,10.0,35.0,m,-13.494008951376822,0.020697730291430738,7,293,0.013468013468013518,Fp1,1,central,clean-average,primary,,,,,
-10.92808301073123,,1.4447996462448003,0.9941699548409798,0.014582165786893326,6,True,73.34287220562493,0.09740904914512072,2.000000005573678,False,True,0.061963281819661827,-13.706224269887578,-13.638917235475251,30,120,fixed,sub-071,think1,thinking,1,True,vipassana,vip,thinking,10.0,35.0,m,-13.494008951376822,0.020697730291430738,7,293,0.013468013468013518,Fp1,1,temporal,clean-average,primary,,,,,
-11.091558115267825,,1.4806200827389417,0.9911450769408602,0.01653454964004595,0,True,,,,False,False,0.0,-13.938576905508855,-13.933787520167561,30,120,fixed,sub-071,med2,meditation,2,True,vipassana,vip,thinking,10.0,35.0,m,-13.787184459877922,0.0007308720115726253,5,303,0.013029315960912058,Fp1,1,parieto_occipital,clean-average,primary,1.5886709249587208,-24.68999077237706,0.9686197961015364,0.03355158713209124,-13.777307097998884
-10.68488700583363,,1.7364326496675808,0.9893268972235878,0.021243818838450515,0,True,,,,False,False,0.0,-14.023796452777333,-14.017548794446846,30,120,fixed,sub-071,med2,meditation,2,True,vipassana,vip,thinking,10.0,35.0,m,-13.787184459877922,0.0007308720115726253,5,303,0.013029315960912058,Fp1,1,frontal,clean-average,primary,,,,,
-10.494317471648142,,2.044594144082469,0.9909295417395759,0.02317050372040716,0,True,,,,False,False,0.0,-14.42577700977052,-14.430276691276953,30,120,fixed,sub-071,med2,meditation,2,True,vipassana,vip,thinking,10.0,35.0,m,-13.787184459877922,0.0007308720115726253,5,303,0.013029315960912058,Fp1,1,central,clean-average,primary,,,,,
-11.433909838804672,,1.2107993496884852,0.9841297098510118,0.020366068313962746,0,True,,,,False,False,0.0,-13.762102290036292,-13.750393546999447,30,120,fixed,sub-071,med2,meditation,2,True,vipassana,vip,thinking,10.0,35.0,m,-13.787184459877922,0.0007308720115726253,5,303,0.013029315960912058,Fp1,1,temporal,clean-average,primary,,,,,
-10.553027312785783,,1.8208346547238872,0.9951505241187228,0.015091951533305606,0,True,,,,False,False,0.0,-14.054229637646431,-14.05213203731118,30,120,fixed,sub-071,think2,thinking,2,True,vipassana,vip,thinking,10.0,35.0,m,-14.017315876598332,0.0,3,303,0.006557377049180357,Fp1,1,parieto_occipital,clean-average,primary,1.8917690662442106,-23.61090058860892,0.9792581389984495,0.023439092463130737,-13.89358478791282
-10.203650115521544,,2.044280258912764,0.9920511827481747,0.023592346826794473,0,True,,,,False,False,0.0,-14.134506097750998,-14.128986690404764,30,120,fixed,sub-071,think2,thinking,2,True,vipassana,vip,thinking,10.0,35.0,m,-14.017315876598332,0.0,3,303,0.006557377049180357,Fp1,1,frontal,clean-average,primary,,,,,
-10.07241235050616,,2.2490001846064835,0.989000519676962,0.029842425097766672,0,True,,,,False,False,0.0,-14.396915212162368,-14.405976367444797,30,120,fixed,sub-071,think2,thinking,2,True,vipassana,vip,thinking,10.0,35.0,m,-14.017315876598332,0.0,3,303,0.006557377049180357,Fp1,1,central,clean-average,primary,,,,,
-10.933372533215877,,1.6229521139639345,0.9921355936779347,0.019074608381919652,0,True,,,,False,False,0.0,-14.054075283356411,-14.049108058851788,30,120,fixed,sub-071,think2,thinking,2,True,vipassana,vip,thinking,10.0,35.0,m,-14.017315876598332,0.0,3,303,0.006557377049180357,Fp1,1,temporal,clean-average,primary,,,,,
-11.317352221334378,,1.3063162318638881,0.9700375556217997,0.024096919244562507,0,True,,,,False,False,0.0,-13.82920985549095,-13.828675485415411,30,120,fixed,sub-072,med1breath,meditation,1,True,vipassana,vip,meditation,10.0,40.0,m,-13.453767306654496,0.053933712842432646,8,287,0.03691275167785235,Fp1;PO3;PO4,3,parieto_occipital,clean-average,primary,1.402361978518518,-25.273623235840137,0.9831575995594741,0.021157485551649008,-13.67164804831956
-11.077197845149852,,1.584182400334459,0.9926060573270491,0.020850033869692,1,True,,,,False,False,7.128729305463651e-33,-14.123352029806123,-14.134723110161874,30,120,fixed,sub-072,med1breath,meditation,1,True,vipassana,vip,meditation,10.0,40.0,m,-13.453767306654496,0.053933712842432646,8,287,0.03691275167785235,Fp1;PO3;PO4,3,frontal,clean-average,primary,,,,,
-9.995437693454999,,2.2791370881031385,0.9373780431478367,0.07217967312360211,0,True,,,,False,False,0.0,-14.377889472281058,-14.395039525322614,30,120,fixed,sub-072,med1breath,meditation,1,True,vipassana,vip,meditation,10.0,40.0,m,-13.453767306654496,0.053933712842432646,8,287,0.03691275167785235,Fp1;PO3;PO4,3,central,clean-average,primary,,,,,
-11.561561276075592,,1.2752092265785997,0.9931712848354017,0.015911888504273698,1,True,,,,False,False,6.840797858520239e-35,-14.013604627292336,-14.020404043670776,30,120,fixed,sub-072,med1breath,meditation,1,True,vipassana,vip,meditation,10.0,40.0,m,-13.453767306654496,0.053933712842432646,8,287,0.03691275167785235,Fp1;PO3;PO4,3,temporal,clean-average,primary,,,,,
-11.630506040096748,,1.1399643084639384,0.993681960021545,0.013451377235783322,1,True,,,,False,False,6.359888288624146e-44,-13.822492927372538,-13.817867638493835,30,120,fixed,sub-072,think1,thinking,1,True,vipassana,vip,meditation,10.0,40.0,m,-12.743671232468026,0.23818879828522466,9,275,0.07094594594594594,Fp1;PO4,2,parieto_occipital,clean-average,primary,1.2892255377433974,-25.750246667348456,0.9814714397453915,0.020645303220557083,-13.660634316981039
-11.736180884301204,,1.183453779865479,0.9888444793676952,0.019472049112610607,1,True,,,,False,False,4.480399082954749e-39,-14.011791750274345,-14.012523817798703,30,120,fixed,sub-072,think1,thinking,1,True,vipassana,vip,meditation,10.0,40.0,m,-12.743671232468026,0.23818879828522466,9,275,0.07094594594594594,Fp1;PO4,2,frontal,clean-average,primary,,,,,
-11.423717941240499,,1.4897509842748027,0.9920164545773291,0.022867722287285466,1,True,,,,False,False,2.877104547507306e-31,-14.288294137697678,-14.296879152294839,30,120,fixed,sub-072,think1,thinking,1,True,vipassana,vip,meditation,10.0,40.0,m,-12.743671232468026,0.23818879828522466,9,275,0.07094594594594594,Fp1;PO4,2,central,clean-average,primary,,,,,
-12.569442420661622,,0.5840572664361422,0.9655048029292651,0.0177082217813492,1,True,,,,False,False,1.2710731489412104e-21,-13.692500274263415,-13.68645983728658,30,120,fixed,sub-072,think1,thinking,1,True,vipassana,vip,meditation,10.0,40.0,m,-12.743671232468026,0.23818879828522466,9,275,0.07094594594594594,Fp1;PO4,2,temporal,clean-average,primary,,,,,
-11.465911226443165,,1.2352574251123702,0.9948146728360641,0.013490635920526744,1,True,,,,False,False,6.620201012178899e-37,-13.84113302782119,-13.840500500552118,30,120,fixed,sub-072,med2,meditation,2,True,vipassana,vip,meditation,10.0,40.0,m,-13.354019358512346,0.09971545770349877,5,281,0.06020066889632103,Fp1;PO3;PO4,3,parieto_occipital,clean-average,primary,1.4144165845957786,-25.2429385719375,0.9765210376690598,0.025868051116090373,-13.683608932220762
-11.416469119322752,,1.3781298582139558,0.9923126014598624,0.01819277246993827,2,True,,,,False,False,0.017832139437012152,-14.066413995437964,-14.047587295699342,30,120,fixed,sub-072,med2,meditation,2,True,vipassana,vip,meditation,10.0,40.0,m,-13.354019358512346,0.09971545770349877,5,281,0.06020066889632103,Fp1;PO3;PO4,3,frontal,clean-average,primary,,,,,
-10.920236128898031,,1.786457606343533,0.9922345210206731,0.026088641627785607,1,True,,,,False,False,2.8326005246650327e-33,-14.355336349759895,-14.368053363335845,30,120,fixed,sub-072,med2,meditation,2,True,vipassana,vip,meditation,10.0,40.0,m,-13.354019358512346,0.09971545770349877,5,281,0.06020066889632103,Fp1;PO3;PO4,3,central,clean-average,primary,,,,,
-12.610641241134601,,0.6292702473712308,0.9760219740499579,0.019346619581487128,1,True,,,,False,False,1.9798392459232733e-23,-13.820637133592987,-13.82612194829474,30,120,fixed,sub-072,med2,meditation,2,True,vipassana,vip,meditation,10.0,40.0,m,-13.354019358512346,0.09971545770349877,5,281,0.06020066889632103,Fp1;PO3;PO4,3,temporal,clean-average,primary,,,,,
-11.653426393142926,,1.1555523666741223,0.9951211920172927,0.01168485097535994,1,True,,,,False,False,1.3468655084410607e-39,-13.87538686725921,-13.876734828179963,30,120,fixed,sub-072,think2,thinking,2,True,vipassana,vip,meditation,10.0,40.0,m,-12.487443564624142,0.29615282080380245,6,265,0.11073825503355705,Fp1;PO4,2,parieto_occipital,clean-average,primary,1.329134222249716,-25.67430257228325,0.9760082982402883,0.010369158643432186,-13.708342460679598
-11.472284627475043,,1.2771055401707538,0.9891924401259069,0.02158441364450687,1,True,,,,False,False,2.981422827612683e-33,-13.927974316122969,-13.934279090660898,30,120,fixed,sub-072,think2,thinking,2,True,vipassana,vip,meditation,10.0,40.0,m,-12.487443564624142,0.29615282080380245,6,265,0.11073825503355705,Fp1;PO4,2,frontal,clean-average,primary,,,,,
-11.364672382258856,,1.5350945743630755,0.9917942729878998,0.024056359657321905,1,True,,,,False,False,4.438433322763192e-30,-14.31643776012947,-14.324891213044662,30,120,fixed,sub-072,think2,thinking,2,True,vipassana,vip,meditation,10.0,40.0,m,-12.487443564624142,0.29615282080380245,6,265,0.11073825503355705,Fp1;PO4,2,central,clean-average,primary,,,,,
-12.651655909065596,,0.5220275634426661,0.9714326997613772,0.016245092392570788,1,True,,,,False,False,3.5842024880136005e-20,-13.655439593665976,-13.657868778102722,30,120,fixed,sub-072,think2,thinking,2,True,vipassana,vip,meditation,10.0,40.0,m,-12.487443564624142,0.29615282080380245,6,265,0.11073825503355705,Fp1;PO4,2,temporal,clean-average,primary,,,,,
-11.92522147657425,,1.0833279853379307,0.9662214163560423,0.02757163502464998,1,True,,,,False,False,7.279038075145185e-05,-14.008304886158705,-14.01198532124393,30,120,fixed,sub-073,med1breath,meditation,1,True,vipassana,vip,thinking,6.0,37.0,m,-12.514147394533277,0.14909009322047806,5,215,0.27118644067796616,Fp1,1,parieto_occipital,clean-average,primary,1.5767821008147105,-24.858952427039224,0.8742445667645817,0.0041882780597855725,-13.83884240735357
-10.871436116796657,,1.6840691777540733,0.9945537196822799,0.015809912381743025,5,True,88.12387168543262,0.0807250023898245,12.257037706601965,True,False,0.041280117788067394,-14.109658162429259,-14.06836701214591,30,120,fixed,sub-073,med1breath,meditation,1,True,vipassana,vip,thinking,6.0,37.0,m,-12.514147394533277,0.14909009322047806,5,215,0.27118644067796616,Fp1,1,frontal,clean-average,primary,,,,,
-11.503867201153023,,1.5065921783668828,0.9863815948077607,0.029371015752822964,1,True,,,,False,False,0.0010706258419183592,-14.400826583944912,-14.411616500154077,30,120,fixed,sub-073,med1breath,meditation,1,True,vipassana,vip,thinking,6.0,37.0,m,-12.514147394533277,0.14909009322047806,5,215,0.27118644067796616,Fp1,1,central,clean-average,primary,,,,,
-11.27403848781445,,1.4660597142684249,0.9820588617867697,0.026274553715502375,1,True,,,,False,False,0.00014543346787500912,-14.093059790305812,-14.094299303151045,30,120,fixed,sub-073,med1breath,meditation,1,True,vipassana,vip,thinking,6.0,37.0,m,-12.514147394533277,0.14909009322047806,5,215,0.27118644067796616,Fp1,1,temporal,clean-average,primary,,,,,
-12.407496008306328,,0.8262935144609955,0.9697061738338258,0.022905149154673874,1,True,,,,False,False,1.1845041603625537e-06,-13.99633921619596,-13.999657097387441,30,120,fixed,sub-073,think1,thinking,1,True,vipassana,vip,thinking,6.0,37.0,m,-13.181130291245546,0.04557110019075494,8,265,0.10169491525423724,Fp1,1,parieto_occipital,clean-average,primary,1.4600620405403557,-25.37290515799653,0.8412085299993984,0.003840448017699203,-13.836323492797215
-11.753677447702788,,1.115926436189232,0.9861528515679205,0.017848397132289872,2,True,104.27416054090571,0.07845071074065402,27.9481432674894,True,False,0.03646621826133912,-13.899442974859708,-13.866075425575774,30,120,fixed,sub-073,think1,thinking,1,True,vipassana,vip,thinking,6.0,37.0,m,-13.181130291245546,0.04557110019075494,8,265,0.10169491525423724,Fp1,1,frontal,clean-average,primary,,,,,
-11.884880844059564,,1.2035420405232065,0.9826560203687964,0.02568977336785802,1,True,,,,False,False,0.00022467265414355197,-14.19911853687543,-14.207597270067362,30,120,fixed,sub-073,think1,thinking,1,True,vipassana,vip,thinking,6.0,37.0,m,-13.181130291245546,0.04557110019075494,8,265,0.10169491525423724,Fp1,1,central,clean-average,primary,,,,,
-12.20289656427996,,0.7654455531760334,0.9185019792468451,0.029301842096363093,0,True,,,,False,False,0.0,-13.674737921967958,-13.676421998341386,30,120,fixed,sub-073,think1,thinking,1,True,vipassana,vip,thinking,6.0,37.0,m,-13.181130291245546,0.04557110019075494,8,265,0.10169491525423724,Fp1,1,temporal,clean-average,primary,,,,,
-12.04559778739557,,1.0529366998874745,0.9728572582363351,0.023367763341147756,4,True,103.94577843108974,0.07946938652365887,29.99998302758924,False,True,0.03533259293600883,-14.070243140016101,-14.03548660472019,30,120,fixed,sub-073,med2,meditation,2,True,vipassana,vip,thinking,6.0,37.0,m,-13.067631127225953,0.027133425616179707,6,142,0.5186440677966102,Fp1,1,parieto_occipital,clean-average,primary,1.4731680410027193,-25.358716583061703,0.8683798535072633,0.0016862702877773561,-13.854672461210063
-11.5094023585776,,1.3195661297528056,0.9893762597777336,0.019279412613327405,3,True,107.06054712470855,0.04877527748193344,29.9999989465328,False,True,0.02119419587533644,-14.046737634634548,-14.026291624159107,30,120,fixed,sub-073,med2,meditation,2,True,vipassana,vip,thinking,6.0,37.0,m,-13.067631127225953,0.027133425616179707,6,142,0.5186440677966102,Fp1,1,frontal,clean-average,primary,,,,,
-11.398651423475906,,1.5947520919298126,0.9897467781251155,0.023170434473903254,3,True,108.03370549418108,0.07076985638745015,24.999227673937696,True,False,0.025555272336990332,-14.465129600039239,-14.441742825283244,30,120,fixed,sub-073,med2,meditation,2,True,vipassana,vip,thinking,6.0,37.0,m,-13.067631127225953,0.027133425616179707,6,142,0.5186440677966102,Fp1,1,central,clean-average,primary,,,,,
-12.242780360608863,,0.925312116646447,0.9757148151351758,0.022607313547183674,2,True,,,,False,False,6.920386668141603e-07,-14.022022053762782,-14.02504701404461,30,120,fixed,sub-073,med2,meditation,2,True,vipassana,vip,thinking,6.0,37.0,m,-13.067631127225953,0.027133425616179707,6,142,0.5186440677966102,Fp1,1,temporal,clean-average,primary,,,,,
-12.069343863247816,,1.0057384756806558,0.985871854485539,0.016787800805958306,1,True,,,,False,False,4.285871343937205e-06,-14.003233840637819,-14.006139281719737,30,120,fixed,sub-073,think2,thinking,2,True,vipassana,vip,thinking,6.0,37.0,m,-12.429443152083762,0.1668167238265862,11,257,0.12881355932203387,Fp1;PO3,2,parieto_occipital,clean-average,primary,1.5989039568636663,-24.761406093023293,0.8764193943786491,-0.005609726424988328,-13.83862072694273
-11.712030032278424,,1.1791204144831482,0.9882953308137297,0.0193997654801282,2,True,,,,False,False,2.090172934530853e-07,-13.97930846185394,-13.979944440406053,30,120,fixed,sub-073,think2,thinking,2,True,vipassana,vip,thinking,6.0,37.0,m,-12.429443152083762,0.1668167238265862,11,257,0.12881355932203387,Fp1;PO3,2,frontal,clean-average,primary,,,,,
-11.493217885886988,,1.44324504281636,0.9852098138359512,0.024005191154484698,2,True,107.25417961341346,0.09194030837570644,29.999999977848585,False,True,0.0399038323975973,-14.26836986695388,-14.230043925862669,30,120,fixed,sub-073,think2,thinking,2,True,vipassana,vip,thinking,6.0,37.0,m,-12.429443152083762,0.1668167238265862,11,257,0.12881355932203387,Fp1;PO3,2,central,clean-average,primary,,,,,
-11.76269075932791,,1.128911377635497,0.9448532136780746,0.0337230163690596,0,True,,,,False,False,0.0,-13.933424455374793,-13.93604544157049,30,120,fixed,sub-073,think2,thinking,2,True,vipassana,vip,thinking,6.0,37.0,m,-12.429443152083762,0.1668167238265862,11,257,0.12881355932203387,Fp1;PO3,2,temporal,clean-average,primary,,,,,
-11.106309066534509,,1.4362744553492381,0.9743618581123804,0.029139058694961126,0,True,,,,False,False,0.0,-13.868057613642023,-13.869942436185141,30,120,fixed,sub-074,med1breath,meditation,1,True,vipassana,vip,meditation,5.0,26.0,m,-12.554495668130983,0.029538853320826064,1,231,0.2169491525423729,FCz;Fp1;P1;P3;POz,5,parieto_occipital,clean-average,primary,1.578014770394112,-24.566206188555938,0.967402192370375,0.013123686697221661,-13.707115565107049
-10.705632504693405,,1.6357897232062426,0.9802105018850606,0.030535773825090578,0,True,,,,False,False,0.0,-13.851020125153282,-13.8608014614966,30,120,fixed,sub-074,med1breath,meditation,1,True,vipassana,vip,meditation,5.0,26.0,m,-12.554495668130983,0.029538853320826064,1,231,0.2169491525423729,FCz;Fp1;P1;P3;POz,5,frontal,clean-average,primary,,,,,
-10.199210228686182,,2.089838213390819,0.9859528582261936,0.034032298877956516,0,True,,,,False,False,0.0,-14.217667584121404,-14.234402455306238,30,120,fixed,sub-074,med1breath,meditation,1,True,vipassana,vip,meditation,5.0,26.0,m,-12.554495668130983,0.029538853320826064,1,231,0.2169491525423729,FCz;Fp1;P1;P3;POz,5,central,clean-average,primary,,,,,
-11.21157030512256,,1.4008400538999306,0.9815481722270313,0.021863856428528054,1,True,,,,False,False,0.013289242025982242,-13.905183610838169,-13.89258786264373,30,120,fixed,sub-074,med1breath,meditation,1,True,vipassana,vip,meditation,5.0,26.0,m,-12.554495668130983,0.029538853320826064,1,231,0.2169491525423729,FCz;Fp1;P1;P3;POz,5,temporal,clean-average,primary,,,,,
-11.30817263665002,,1.3940576356719954,0.988656020085736,0.021839588047784728,1,True,,,,False,False,1.385415740332625e-06,-13.988744330703518,-13.996715264403868,30,120,fixed,sub-074,think1,thinking,1,True,vipassana,vip,meditation,5.0,26.0,m,-12.527247355195989,0.035447132026370176,7,248,0.15932203389830513,Fp1;P3;PO3;POz,4,parieto_occipital,clean-average,primary,1.737266885304594,-24.1098835697002,0.9579081636477159,-0.004077401454497033,-13.822929055724897
-11.038982278991865,,1.4773799558298402,0.9913254555171754,0.02025762813285041,1,True,,,,False,False,0.00035310571231881834,-13.879770772683145,-13.887468502439747,30,120,fixed,sub-074,think1,thinking,1,True,vipassana,vip,meditation,5.0,26.0,m,-12.527247355195989,0.035447132026370176,7,248,0.15932203389830513,Fp1;P3;PO3;POz,4,frontal,clean-average,primary,,,,,
-10.753007496062779,,1.828890022734695,0.991546158752745,0.024620639228083385,1,True,,,,False,False,0.0003228465485736082,-14.269699131352505,-14.283051283639578,30,120,fixed,sub-074,think1,thinking,1,True,vipassana,vip,meditation,5.0,26.0,m,-12.527247355195989,0.035447132026370176,7,248,0.15932203389830513,Fp1;P3;PO3;POz,4,central,clean-average,primary,,,,,
-11.319613143256385,,1.431469923377557,0.9707276130093108,0.0325357013226669,0,True,,,,False,False,0.0,-14.07212326859646,-14.081114116324368,30,120,fixed,sub-074,think1,thinking,1,True,vipassana,vip,meditation,5.0,26.0,m,-12.527247355195989,0.035447132026370176,7,248,0.15932203389830513,Fp1;P3;PO3;POz,4,temporal,clean-average,primary,,,,,
-10.911297678205989,,1.6124420871259277,0.9772205153263688,0.03312710739254712,0,True,,,,False,False,0.0,-14.011791163159204,-14.020528974850283,30,120,fixed,sub-074,med2,meditation,2,True,vipassana,vip,meditation,5.0,26.0,m,-13.064872237472278,0.0035819364709686052,3,269,0.08813559322033904,FCz;Fp1;P3;POz,4,parieto_occipital,clean-average,primary,1.7185853834280291,-24.26599122871456,0.9678742607295611,7.794900477472515e-05,-13.85242878740694
-10.941520212202876,,1.5188509932626224,0.9942699881929401,0.01647550585101027,1,True,,,,False,False,7.279133746537322e-05,-13.862051527296062,-13.867935673503268,30,120,fixed,sub-074,med2,meditation,2,True,vipassana,vip,meditation,5.0,26.0,m,-13.064872237472278,0.0035819364709686052,3,269,0.08813559322033904,FCz;Fp1;P3;POz,4,frontal,clean-average,primary,,,,,
-10.472884461161117,,1.9773060631582602,0.9918039753743869,0.025633134679970988,1,True,,,,False,False,6.527529730125784e-07,-14.274958728217811,-14.288185206770127,30,120,fixed,sub-074,med2,meditation,2,True,vipassana,vip,meditation,5.0,26.0,m,-13.064872237472278,0.0035819364709686052,3,269,0.08813559322033904,FCz;Fp1;P3;POz,4,central,clean-average,primary,,,,,
-11.56513625907639,,1.203781848073444,0.9696566156255871,0.02952347763252059,0,True,,,,False,False,0.0,-13.879835067211113,-13.887596017280043,30,120,fixed,sub-074,med2,meditation,2,True,vipassana,vip,meditation,5.0,26.0,m,-13.064872237472278,0.0035819364709686052,3,269,0.08813559322033904,FCz;Fp1;P3;POz,4,temporal,clean-average,primary,,,,,
-10.887719226654125,,1.6592876740697766,0.9743779099266828,0.03548524153217749,0,True,,,,False,False,0.0,-14.078290016260867,-14.089218024688174,30,120,fixed,sub-074,think2,thinking,2,True,vipassana,vip,meditation,5.0,26.0,m,-13.996690219134386,0.0,1,274,0.07118644067796609,Fp1;POz,2,parieto_occipital,clean-average,primary,1.7548220980893117,-24.25379353930462,0.9724465709926153,-0.0033969760208074286,-13.917811462913507
-10.868758149321504,,1.6192995911531627,0.9933106049264135,0.018447635894888258,1,True,,,,False,False,6.65982493932405e-05,-13.982437625095251,-13.989690642340816,30,120,fixed,sub-074,think2,thinking,2,True,vipassana,vip,meditation,5.0,26.0,m,-13.996690219134386,0.0,1,274,0.07118644067796609,Fp1;POz,2,frontal,clean-average,primary,,,,,
-10.1141560602616,,2.178184421220025,0.9822620324652722,0.0418643194441277,0,True,,,,False,False,0.0,-14.302490426463152,-14.32355132355344,30,120,fixed,sub-074,think2,thinking,2,True,vipassana,vip,meditation,5.0,26.0,m,-13.996690219134386,0.0,1,274,0.07118644067796609,Fp1;POz,2,central,clean-average,primary,,,,,
-11.440071691933447,,1.352324674446979,0.9750486570564305,0.027178487585626517,0,True,,,,False,False,0.0,-14.040396922923826,-14.04842377179065,30,120,fixed,sub-074,think2,thinking,2,True,vipassana,vip,meditation,5.0,26.0,m,-13.996690219134386,0.0,1,274,0.07118644067796609,Fp1;POz,2,temporal,clean-average,primary,,,,,
-11.758314778884364,,1.1970240642856202,0.9423867405093329,0.03708967576260425,0,True,,,,False,False,0.0,-14.060019343830971,-14.07092781667589,30,120,fixed,sub-075,med1breath,meditation,1,True,vipassana,vip,thinking,9.0,42.0,m,-13.869014714625647,0.0,2,289,0.02033898305084747,Fp1;PO3;PO4;POz,4,parieto_occipital,clean-average,primary,1.3583233076569983,-25.96482898058203,0.9211673229121725,0.005805577207127451,-13.897740674029212
-10.920559717766123,,1.674908491118003,0.9872306168626347,0.02375748594707781,0,True,,,,False,False,0.0,-14.141167084732365,-14.14505368312965,30,120,fixed,sub-075,med1breath,meditation,1,True,vipassana,vip,thinking,9.0,42.0,m,-13.869014714625647,0.0,2,289,0.02033898305084747,Fp1;PO3;PO4;POz,4,frontal,clean-average,primary,,,,,
-10.980965010626644,,1.7716635197230903,0.9686704349937845,0.040813392017563926,1,True,,,,False,False,2.3466895153038726e-07,-14.387618337458179,-14.404061063247111,30,120,fixed,sub-075,med1breath,meditation,1,True,vipassana,vip,thinking,9.0,42.0,m,-13.869014714625647,0.0,2,289,0.02033898305084747,Fp1;PO3;PO4;POz,4,central,clean-average,primary,,,,,
-11.780236469677059,,1.0558650660651834,0.9790050249661435,0.02030970037523057,0,True,,,,False,False,0.0,-13.81051264794276,-13.802676903263535,30,120,fixed,sub-075,med1breath,meditation,1,True,vipassana,vip,thinking,9.0,42.0,m,-13.869014714625647,0.0,2,289,0.02033898305084747,Fp1;PO3;PO4;POz,4,temporal,clean-average,primary,,,,,
-11.284035267772738,,1.462807993621109,0.952813943253903,0.04417943358857347,0,True,,,,False,False,0.0,-14.096803980628552,-14.113330806978817,30,120,fixed,sub-075,think1,thinking,1,True,vipassana,vip,thinking,9.0,42.0,m,-13.892222615325709,0.0024471415004823083,5,277,0.06734006734006737,Fp1;PO3;PO4;POz,4,parieto_occipital,clean-average,primary,1.580892018081188,-25.047497370585308,0.9514279215967809,-0.008229118160597059,-13.930523226025413
-10.683348013795495,,1.7773005621598963,0.9916872260657132,0.021172747499385025,0,True,,,,False,False,0.0,-14.100840559901489,-14.107149596970912,30,120,fixed,sub-075,think1,thinking,1,True,vipassana,vip,thinking,9.0,42.0,m,-13.892222615325709,0.0024471415004823083,5,277,0.06734006734006737,Fp1;PO3;PO4;POz,4,frontal,clean-average,primary,,,,,
-11.37519954778254,,1.6045804489916424,0.9771340704533019,0.033439202957642605,1,True,,,,False,False,0.0005767651565591469,-14.46057623690723,-14.47561284018864,30,120,fixed,sub-075,think1,thinking,1,True,vipassana,vip,thinking,9.0,42.0,m,-13.892222615325709,0.0024471415004823083,5,277,0.06734006734006737,Fp1;PO3;PO4;POz,4,central,clean-average,primary,,,,,
-10.93787230785513,,1.626268998837219,0.978128293873386,0.03282212222954087,0,True,,,,False,False,0.0,-14.064952949035641,-14.077842518114627,30,120,fixed,sub-075,think1,thinking,1,True,vipassana,vip,thinking,9.0,42.0,m,-13.892222615325709,0.0024471415004823083,5,277,0.06734006734006737,Fp1;PO3;PO4;POz,4,temporal,clean-average,primary,,,,,
-12.034616316657258,,0.9974323675375155,0.9212375959833258,0.03778689827060298,0,True,,,,False,False,0.0,-13.952534846521337,-13.962562966807289,30,120,fixed,sub-075,med2,meditation,2,True,vipassana,vip,thinking,9.0,42.0,m,-12.68172329645396,0.014569587130391137,3,283,0.04067796610169494,Fp1;PO3;PO4;POz,4,parieto_occipital,clean-average,primary,1.1568137439896424,-26.618469008086823,0.9166776119158326,-0.0002496223270062794,-13.793522325819366
-11.109720326479248,,1.5427139446100326,0.9779655229056269,0.028938121130977122,0,True,,,,False,False,0.0,-14.076136653986287,-14.08576141581616,30,120,fixed,sub-075,med2,meditation,2,True,vipassana,vip,thinking,9.0,42.0,m,-12.68172329645396,0.014569587130391137,3,283,0.04067796610169494,Fp1;PO3;PO4;POz,4,frontal,clean-average,primary,,,,,
-11.550349874781746,,1.4625996969978146,0.9439419587320176,0.044158390658165195,1,True,,,,False,False,1.071073514770732e-07,-14.362718063284705,-14.379577980900248,30,120,fixed,sub-075,med2,meditation,2,True,vipassana,vip,thinking,9.0,42.0,m,-12.68172329645396,0.014569587130391137,3,283,0.04067796610169494,Fp1;PO3;PO4;POz,4,central,clean-average,primary,,,,,
-12.060135994955752,,0.8575115095035404,0.9639936982161899,0.020896612805760207,0,True,,,,False,False,0.0,-13.709006903074446,-13.70469539984112,30,120,fixed,sub-075,med2,meditation,2,True,vipassana,vip,thinking,9.0,42.0,m,-12.68172329645396,0.014569587130391137,3,283,0.04067796610169494,Fp1;PO3;PO4;POz,4,temporal,clean-average,primary,,,,,
-11.310504745693548,,1.47243347466099,0.9506938595610875,0.04489008243278005,0,True,,,,False,False,0.0,-14.141781869792137,-14.159805428623654,30,120,fixed,sub-075,think2,thinking,2,True,vipassana,vip,thinking,9.0,42.0,m,-14.045761425085784,0.0032526883587168376,4,289,0.023648648648648685,Fp1;PO3;PO4;POz,4,parieto_occipital,clean-average,primary,1.5850011424459567,-25.13859602746279,0.9510154995753857,-0.009967032998137905,-13.97865274821628
-10.633725216969967,,1.838071887032355,0.9831390000477676,0.03186126715700595,0,True,,,,False,False,0.0,-14.168072252513701,-14.181881040804397,30,120,fixed,sub-075,think2,thinking,2,True,vipassana,vip,thinking,9.0,42.0,m,-14.045761425085784,0.0032526883587168376,4,289,0.023648648648648685,Fp1;PO3;PO4;POz,4,frontal,clean-average,primary,,,,,
-11.186253007990114,,1.674365862639407,0.988690309952978,0.028384966232824167,2,True,,,,False,False,2.2206533635722786e-05,-14.40581697868429,-14.422143690488541,30,120,fixed,sub-075,think2,thinking,2,True,vipassana,vip,thinking,9.0,42.0,m,-14.045761425085784,0.0032526883587168376,4,289,0.023648648648648685,Fp1;PO3;PO4;POz,4,central,clean-average,primary,,,,,
-11.033524662252763,,1.5713149964082733,0.9838272048975595,0.027111570811057036,0,True,,,,False,False,0.0,-14.054936685711475,-14.065336378832859,30,120,fixed,sub-075,think2,thinking,2,True,vipassana,vip,thinking,9.0,42.0,m,-14.045761425085784,0.0032526883587168376,4,289,0.023648648648648685,Fp1;PO3;PO4;POz,4,temporal,clean-average,primary,,,,,
-11.349543768727933,,1.3459398797103654,0.9634702181947707,0.03413767879201115,0,True,,,,False,False,0.0,-13.937591960659551,-13.943967668291466,30,120,fixed,sub-076,med1breath,meditation,1,True,vipassana,vip,meditation,12.0,74.0,m,-13.445738362684542,0.0,6,281,0.0474576271186441,C5;F4;FT8;Fp1;O2;PO3,6,parieto_occipital,clean-average,primary,1.504539118928755,-25.07182766491136,0.969881292094745,0.011736312410924769,-13.786282207235708
-11.627625231706139,,1.305531200861272,0.993523931632042,0.014535825729377437,2,True,109.63014954677932,0.08501060125470872,29.999999983909102,False,True,0.03266354774065796,-14.137973364511607,-14.105430671223976,30,120,fixed,sub-076,med1breath,meditation,1,True,vipassana,vip,meditation,12.0,74.0,m,-13.445738362684542,0.0,6,281,0.0474576271186441,C5;F4;FT8;Fp1;O2;PO3,6,frontal,clean-average,primary,,,,,
-10.212789341692062,,2.1903178393464726,0.9639989695094683,0.05047077516113463,1,True,,,,False,False,0.03386121969066132,-14.424454520300227,-14.398289147302986,30,120,fixed,sub-076,med1breath,meditation,1,True,vipassana,vip,meditation,12.0,74.0,m,-13.445738362684542,0.0,6,281,0.0474576271186441,C5;F4;FT8;Fp1;O2;PO3,6,central,clean-average,primary,,,,,
-11.59008249647796,,1.0105753673150937,0.9819537133569981,0.017624151694852423,0,True,,,,False,False,0.0,-13.53327311859793,-13.52744574513158,30,120,fixed,sub-076,med1breath,meditation,1,True,vipassana,vip,meditation,12.0,74.0,m,-13.445738362684542,0.0,6,281,0.0474576271186441,C5;F4;FT8;Fp1;O2;PO3,6,temporal,clean-average,primary,,,,,
-11.36110146109884,,1.2630773904266397,0.9669713364915774,0.02778930496665875,0,True,,,,False,False,0.0,-13.789817041817654,-13.793674596290689,30,120,fixed,sub-076,think1,thinking,1,True,vipassana,vip,meditation,12.0,74.0,m,-12.82925294528433,0.05854404711196648,12,279,0.05423728813559325,Fp1,1,parieto_occipital,clean-average,primary,1.3914135113472668,-25.21954112284742,0.9711165073578268,0.00802588823542226,-13.632584313943255
-11.731019711900817,,1.1111950986026768,0.9019283363639837,0.04143038026618288,0,True,,,,False,False,0.0,-13.867687559532158,-13.869907729471448,30,120,fixed,sub-076,think1,thinking,1,True,vipassana,vip,meditation,12.0,74.0,m,-12.82925294528433,0.05854404711196648,12,279,0.05423728813559325,Fp1,1,frontal,clean-average,primary,,,,,
-11.167986292778606,,1.5802196259194357,0.9252761011696033,0.054883328610577514,0,True,,,,False,False,0.0,-14.206520633997261,-14.221084967223447,30,120,fixed,sub-076,think1,thinking,1,True,vipassana,vip,meditation,12.0,74.0,m,-12.82925294528433,0.05854404711196648,12,279,0.05423728813559325,Fp1,1,central,clean-average,primary,,,,,
-11.58921231187906,,0.7712323388986234,0.9811090804912792,0.013360612155590033,4,True,75.41453223270587,0.10608324179416861,2.0000000012971983,False,True,0.05596657611238181,-13.072180823574612,-13.012539913477092,30,120,fixed,sub-076,think1,thinking,1,True,vipassana,vip,meditation,12.0,74.0,m,-12.82925294528433,0.05854404711196648,12,279,0.05423728813559325,Fp1,1,temporal,clean-average,primary,,,,,
-11.3411703343439,,1.2265949684405886,0.9720861813006458,0.026475743137664216,0,True,,,,False,False,0.0,-13.699735481390595,-13.703813211120096,30,120,fixed,sub-076,med2,meditation,2,True,vipassana,vip,meditation,12.0,74.0,m,-13.311616760157023,0.021468139582099033,8,286,0.03050847457627115,F4;FT8;Fp1,3,parieto_occipital,clean-average,primary,1.3688330427839441,-25.122589409954877,0.9721677280918364,0.01148093368463512,-13.546194414263097
-11.438660195477356,,1.348391687082481,0.9329367206502606,0.04519104726167005,0,True,,,,False,False,0.0,-14.031422859230505,-14.037456022914673,30,120,fixed,sub-076,med2,meditation,2,True,vipassana,vip,meditation,12.0,74.0,m,-13.311616760157023,0.021468139582099033,8,286,0.03050847457627115,F4;FT8;Fp1,3,frontal,clean-average,primary,,,,,
-11.506357047585658,,1.442976768497037,0.9828359273279496,0.030260198075518004,1,True,,,,False,False,1.9320618075350615e-06,-14.280993175844015,-14.294940422746409,30,120,fixed,sub-076,med2,meditation,2,True,vipassana,vip,meditation,12.0,74.0,m,-13.311616760157023,0.021468139582099033,8,286,0.03050847457627115,F4;FT8;Fp1,3,central,clean-average,primary,,,,,
-11.532376346769736,,0.9228871338136682,0.9661479770205493,0.02269745197892577,0,True,,,,False,False,0.0,-13.306955147820938,-13.292833809670324,30,120,fixed,sub-076,med2,meditation,2,True,vipassana,vip,meditation,12.0,74.0,m,-13.311616760157023,0.021468139582099033,8,286,0.03050847457627115,F4;FT8;Fp1,3,temporal,clean-average,primary,,,,,
-11.447698884200284,,1.2688836497954181,0.9513238047061461,0.03580005388084828,0,True,,,,False,False,0.0,-13.88757906393855,-13.893327906078632,30,120,fixed,sub-076,think2,thinking,2,True,vipassana,vip,meditation,12.0,74.0,m,-12.574683284681278,0.19898892931521783,17,289,0.026936026936026924,Fp1,1,parieto_occipital,clean-average,primary,1.4365063887673686,-25.251478688683484,0.9590561604471819,0.004896562392069591,-13.7361564637262
-12.128785820869933,,0.9018067782935693,0.9774709730361176,0.0220184444127568,1,True,,,,False,False,2.3592290883997365e-14,-13.86283013980087,-13.864400890005045,30,120,fixed,sub-076,think2,thinking,2,True,vipassana,vip,meditation,12.0,74.0,m,-12.574683284681278,0.19898892931521783,17,289,0.026936026936026924,Fp1,1,frontal,clean-average,primary,,,,,
-10.960390140732779,,1.7299988259660175,0.9300945207935517,0.05990120823651436,0,True,,,,False,False,0.0,-14.28692827299219,-14.303319820362702,30,120,fixed,sub-076,think2,thinking,2,True,vipassana,vip,meditation,12.0,74.0,m,-12.574683284681278,0.19898892931521783,17,289,0.026936026936026924,Fp1,1,central,clean-average,primary,,,,,
-11.707407812104691,,0.7012568755570738,0.9330088752143452,0.025427575478999587,0,True,,,,False,False,0.0,-13.055823604090621,-13.037965711620274,30,120,fixed,sub-076,think2,thinking,2,True,vipassana,vip,meditation,12.0,74.0,m,-12.574683284681278,0.19898892931521783,17,289,0.026936026936026924,Fp1,1,temporal,clean-average,primary,,,,,
-10.363643875576681,,1.8767870794674182,0.9396362463180276,0.06535766831051325,0,True,,,,False,False,0.0,-13.97243464021433,-13.994513673007928,30,120,fixed,sub-077,med1breath,meditation,1,True,vipassana,vip,thinking,9.0,72.0,f,-12.183911330724891,0.1487787763508457,6,199,0.32996632996633,Fp1;O2;P2;PO4,4,parieto_occipital,clean-average,primary,1.9991834468903,-22.906704365598678,0.9593622063854452,0.011940177950543583,-13.811151650576944
-11.196062383661397,,1.3928529074030953,0.977273274656439,0.03371099051653293,1,True,,,,False,False,1.8458858311605802e-06,-13.874317559076063,-13.887945464171446,30,120,fixed,sub-077,med1breath,meditation,1,True,vipassana,vip,thinking,9.0,72.0,f,-12.183911330724891,0.1487787763508457,6,199,0.32996632996633,Fp1;O2;P2;PO4,4,frontal,clean-average,primary,,,,,
-10.645059112142956,,1.9237772159444069,0.97821954464843,0.04553284546789747,1,True,,,,False,False,0.00011489923850550897,-14.344205129330266,-14.36934637495829,30,120,fixed,sub-077,med1breath,meditation,1,True,vipassana,vip,thinking,9.0,72.0,f,-12.183911330724891,0.1487787763508457,6,199,0.32996632996633,Fp1;O2;P2;PO4,4,central,clean-average,primary,,,,,
-11.464921563045221,,1.0945377541507177,0.9414877149833927,0.03527812718478735,0,True,,,,False,False,0.0,-13.569559740673359,-13.57706856543113,30,120,fixed,sub-077,med1breath,meditation,1,True,vipassana,vip,thinking,9.0,72.0,f,-12.183911330724891,0.1487787763508457,6,199,0.32996632996633,Fp1;O2;P2;PO4,4,temporal,clean-average,primary,,,,,
-11.45781752231079,,1.2768948839665248,0.9806510946989736,0.0251307346489583,1,True,,,,False,False,1.6575402257185629e-07,-13.913102149472168,-13.91909777256559,30,120,fixed,sub-077,think1,thinking,1,True,vipassana,vip,thinking,9.0,72.0,f,-12.287652882352788,0.1143088901137046,16,272,0.07796610169491525,Fp1;O2;P2;PO4,4,parieto_occipital,clean-average,primary,1.7006334581810036,-24.09835380800404,0.9555124815259889,0.006636359883177082,-13.74898854543929
-11.580798358720939,,1.188022760554533,0.9645704243368389,0.027466518198075784,1,True,,,,False,False,1.1240681429058705e-05,-13.865194715331171,-13.866727506109571,30,120,fixed,sub-077,think1,thinking,1,True,vipassana,vip,thinking,9.0,72.0,f,-12.287652882352788,0.1143088901137046,16,272,0.07796610169491525,Fp1;O2;P2;PO4,4,frontal,clean-average,primary,,,,,
-10.70596898799129,,1.9037462865237453,0.9932001963424654,0.019473614161840767,3,True,,,,False,False,0.03358167854947381,-14.366598418032812,-14.334872997938536,30,120,fixed,sub-077,think1,thinking,1,True,vipassana,vip,thinking,9.0,72.0,f,-12.287652882352788,0.1143088901137046,16,272,0.07796610169491525,Fp1;O2;P2;PO4,4,central,clean-average,primary,,,,,
-11.553705617823018,,0.9114772381472791,0.9741656755016138,0.020322818349739293,0,True,,,,False,False,0.0,-13.306344835766037,-13.29850338608448,30,120,fixed,sub-077,think1,thinking,1,True,vipassana,vip,thinking,9.0,72.0,f,-12.287652882352788,0.1143088901137046,16,272,0.07796610169491525,Fp1;O2;P2;PO4,4,temporal,clean-average,primary,,,,,
-11.07354885229227,,1.5300191677201314,0.9794163728534517,0.03323491134356186,2,True,,,,False,False,6.849258332155561e-09,-14.015554955485312,-14.030946604328172,30,120,fixed,sub-077,med2,meditation,2,True,vipassana,vip,thinking,9.0,72.0,f,-12.10252396837648,0.11946122186422503,5,253,0.14237288135593218,Fp1;O2;P2;PO4,4,parieto_occipital,clean-average,primary,1.956064703676542,-23.192188605129946,0.9611109216370481,-0.005389703027258922,-13.850910683367724
-11.322729239338253,,1.3191156036179574,0.9898061043290716,0.01683038746365604,3,True,,,,False,False,0.02980451176905147,-13.859198218641318,-13.831983891482734,30,120,fixed,sub-077,med2,meditation,2,True,vipassana,vip,thinking,9.0,72.0,f,-12.10252396837648,0.11946122186422503,5,253,0.14237288135593218,Fp1;O2;P2;PO4,4,frontal,clean-average,primary,,,,,
-10.649777011150324,,1.9411984741696338,0.9829987628656124,0.04030535398438732,2,True,,,,False,False,1.9670875821629139e-07,-14.382421594306772,-14.405422291258702,30,120,fixed,sub-077,med2,meditation,2,True,vipassana,vip,thinking,9.0,72.0,f,-12.10252396837648,0.11946122186422503,5,253,0.14237288135593218,Fp1;O2;P2;PO4,4,central,clean-average,primary,,,,,
-11.764432290712051,,1.0198168656883073,0.9830579764166206,0.020407781037418467,2,True,,,,False,False,1.3220576661151666e-09,-13.725392980809112,-13.732873908070417,30,120,fixed,sub-077,med2,meditation,2,True,vipassana,vip,thinking,9.0,72.0,f,-12.10252396837648,0.11946122186422503,5,253,0.14237288135593218,Fp1;O2;P2;PO4,4,temporal,clean-average,primary,,,,,
-10.681136916761197,,1.708451606874891,0.939738644995474,0.058094411972573645,0,True,,,,False,False,0.0,-13.966242855613912,-13.984123573882428,30,120,fixed,sub-077,think2,thinking,2,True,vipassana,vip,thinking,9.0,72.0,f,-12.045995696507156,0.22898536350782317,13,259,0.12203389830508471,Fp1;O2;P2;PO4,4,parieto_occipital,clean-average,primary,1.8396781509571547,-23.61779544823643,0.9555520882370392,0.010812119830239861,-13.810323769703599
-11.266992413514211,,1.4043960288949862,0.9836825890280636,0.027678200015836447,2,True,,,,False,False,1.8654417106128035e-10,-13.96744334607723,-13.97641304526745,30,120,fixed,sub-077,think2,thinking,2,True,vipassana,vip,thinking,9.0,72.0,f,-12.045995696507156,0.22898536350782317,13,259,0.12203389830508471,Fp1;O2;P2;PO4,4,frontal,clean-average,primary,,,,,
-10.850234658010832,,1.8274182135440211,0.9822972220060388,0.03981938310036189,1,True,,,,False,False,0.00015145877046823493,-14.364096216584498,-14.385273614703818,30,120,fixed,sub-077,think2,thinking,2,True,vipassana,vip,thinking,9.0,72.0,f,-12.045995696507156,0.22898536350782317,13,259,0.12203389830508471,Fp1;O2;P2;PO4,4,central,clean-average,primary,,,,,
-11.558423107240037,,0.970076099568537,0.971249872283682,0.02130626818455152,0,True,,,,False,False,0.0,-13.423739480854504,-13.421634614174918,30,120,fixed,sub-077,think2,thinking,2,True,vipassana,vip,thinking,9.0,72.0,f,-12.045995696507156,0.22898536350782317,13,259,0.12203389830508471,Fp1;O2;P2;PO4,4,temporal,clean-average,primary,,,,,
-12.077254867916231,,0.7276692572119632,0.9687674717762024,0.017502430547035652,0,True,,,,False,False,0.0,-13.476457858956893,-13.477283237196682,30,120,fixed,sub-078,med1breath,meditation,1,True,vipassana,vip,meditation,25.0,71.0,m,-12.648868029827604,0.27067404376160475,12,290,0.016949152542372836,Fp1,1,parieto_occipital,clean-average,primary,0.7969732954615846,-27.145258832533337,0.9322606288618941,0.0026277036547099454,-13.320389411953592
-11.934756904035131,,0.9711266441248518,0.9747095348820309,0.021180108791273074,0,True,,,,False,False,0.0,-13.802093323255272,-13.80321157795145,30,120,fixed,sub-078,med1breath,meditation,1,True,vipassana,vip,meditation,25.0,71.0,m,-12.648868029827604,0.27067404376160475,12,290,0.016949152542372836,Fp1,1,frontal,clean-average,primary,,,,,
-11.956665514076864,,1.1593166219523219,0.9663885246806971,0.029019837006404984,0,True,,,,False,False,0.0,-14.185864107973668,-14.195216586733592,30,120,fixed,sub-078,med1breath,meditation,1,True,vipassana,vip,meditation,25.0,71.0,m,-12.648868029827604,0.27067404376160475,12,290,0.016949152542372836,Fp1,1,central,clean-average,primary,,,,,
-12.612564599601988,,0.3489748067674908,0.8588865724695038,0.018602120987052485,0,False,,,,False,False,0.0,-13.283592801752178,-13.276620389535301,30,120,fixed,sub-078,med1breath,meditation,1,True,vipassana,vip,meditation,25.0,71.0,m,-12.648868029827604,0.27067404376160475,12,290,0.016949152542372836,Fp1,1,temporal,clean-average,primary,,,,,
-12.319176284646584,,0.7048243518867534,0.9474572906825015,0.02043897959722833,0,True,,,,False,False,0.0,-13.674451818886956,-13.676473679921063,30,120,fixed,sub-078,think1,thinking,1,True,vipassana,vip,meditation,25.0,71.0,m,-12.389264141875865,0.34195425258797174,17,291,0.02020202020202022,Fp1,1,parieto_occipital,clean-average,primary,0.8178835394896009,-27.502212162756802,0.9537869471743848,0.009146870747061681,-13.516983447472203
-12.371921364625786,,0.9078100550772674,0.9075861269071297,0.037038329030994674,0,True,,,,False,False,0.0,-14.117509118638727,-14.126968024166741,30,120,fixed,sub-078,think1,thinking,1,True,vipassana,vip,meditation,25.0,71.0,m,-12.389264141875865,0.34195425258797174,17,291,0.02020202020202022,Fp1,1,frontal,clean-average,primary,,,,,
-12.189176195718295,,1.0587934380227588,0.9599471575499868,0.02367173655711711,1,True,,,,False,False,0.019270014912112773,-14.225083210743016,-14.207393435479407,30,120,fixed,sub-078,think1,thinking,1,True,vipassana,vip,meditation,25.0,71.0,m,-12.389264141875865,0.34195425258797174,17,291,0.02020202020202022,Fp1,1,central,clean-average,primary,,,,,
-13.061714158213633,,0.14614249271793348,0.4932103069496315,0.020014122648033636,0,False,,,,False,False,0.0,-13.34272508577781,-13.337482794277816,30,120,fixed,sub-078,think1,thinking,1,True,vipassana,vip,meditation,25.0,71.0,m,-12.389264141875865,0.34195425258797174,17,291,0.02020202020202022,Fp1,1,temporal,clean-average,primary,,,,,
-11.942352180823073,,0.8138190305658894,0.9759888487289252,0.017221547803141644,0,True,,,,False,False,0.0,-13.507208756043081,-13.507246100424167,30,120,fixed,sub-078,med2,meditation,2,True,vipassana,vip,meditation,25.0,71.0,m,-12.857886737598621,0.30183975223348025,13,291,0.013559322033898313,Fp1,1,parieto_occipital,clean-average,primary,0.9001685702200556,-26.767641594962754,0.9727785381298817,0.007881078134131582,-13.352955304020966
-12.022668543406146,,0.8826590226111242,0.9626174655225731,0.0233587910819084,0,True,,,,False,False,0.0,-13.719894490862597,-13.720604049025535,30,120,fixed,sub-078,med2,meditation,2,True,vipassana,vip,meditation,25.0,71.0,m,-12.857886737598621,0.30183975223348025,13,291,0.013559322033898313,Fp1,1,frontal,clean-average,primary,,,,,
-11.96428871907209,,1.1655373059879643,0.9575350325196591,0.03394870187669248,0,True,,,,False,False,0.0,-14.205448790828134,-14.216897259847496,30,120,fixed,sub-078,med2,meditation,2,True,vipassana,vip,meditation,25.0,71.0,m,-12.857886737598621,0.30183975223348025,13,291,0.013559322033898313,Fp1,1,central,clean-average,primary,,,,,
-12.19232763448034,,0.5740564336234117,0.9095902390987711,0.02385025719623673,0,True,,,,False,False,0.0,-13.29615532953719,-13.284445142334334,30,120,fixed,sub-078,med2,meditation,2,True,vipassana,vip,meditation,25.0,71.0,m,-12.857886737598621,0.30183975223348025,13,291,0.013559322033898313,Fp1,1,temporal,clean-average,primary,,,,,
-11.817654955965669,,0.9417012967369252,0.9789944138294054,0.01824916485106159,0,True,,,,False,False,0.0,-13.628410677747324,-13.631769209481288,30,120,fixed,sub-078,think2,thinking,2,True,vipassana,vip,meditation,25.0,71.0,m,-12.624243258559352,0.18642022452462603,11,265,0.11371237458193983,Fp1,1,parieto_occipital,clean-average,primary,1.0107786076665835,-26.533035695120496,0.9769934809374499,0.002052178779120021,-13.467589964054488
-11.952523018414414,,1.085087268003555,0.9478180203435641,0.032653313572510424,0,True,,,,False,False,0.0,-14.03898927472962,-14.052503160164193,30,120,fixed,sub-078,think2,thinking,2,True,vipassana,vip,meditation,25.0,71.0,m,-12.624243258559352,0.18642022452462603,11,265,0.11371237458193983,Fp1,1,frontal,clean-average,primary,,,,,
-11.481455303690648,,1.4862691280016578,0.9833484649236067,0.02271501686898469,1,True,,,,False,False,0.021818170365322513,-14.339336392908551,-14.324233180487258,30,120,fixed,sub-078,think2,thinking,2,True,vipassana,vip,meditation,25.0,71.0,m,-12.624243258559352,0.18642022452462603,11,265,0.11371237458193983,Fp1,1,central,clean-average,primary,,,,,
-12.210873471748556,,0.624609855813931,0.9610182120868572,0.016760048779538423,0,True,,,,False,False,0.0,-13.411908103659288,-13.413475696730705,30,120,fixed,sub-078,think2,thinking,2,True,vipassana,vip,meditation,25.0,71.0,m,-12.624243258559352,0.18642022452462603,11,265,0.11371237458193983,Fp1,1,temporal,clean-average,primary,,,,,
-11.716903257624537,,0.9086552888673566,0.9861270840141516,0.01482500534479956,1,True,72.32194810129607,0.07306124685148063,29.99999999780761,False,True,0.04315675275812827,-13.464116274262633,-13.41774948761185,30,120,fixed,sub-079,med1breath,meditation,1,True,isha,sny,meditation,7.0,28.0,m,-12.219219222313782,0.32700988221037164,8,203,0.31879194630872487,Fp1;PO3;PO4;POz,4,parieto_occipital,clean-average,primary,0.9944041943710614,-26.201931200139036,0.8951134237007456,0.04228305602475236,-13.27797196614132
-11.44470568480699,,1.0603429773269644,0.9732785683880387,0.023376448990013416,0,True,,,,False,False,0.0,-13.483592240340935,-13.470119603490922,30,120,fixed,sub-079,med1breath,meditation,1,True,isha,sny,meditation,7.0,28.0,m,-12.219219222313782,0.32700988221037164,8,203,0.31879194630872487,Fp1;PO3;PO4;POz,4,frontal,clean-average,primary,,,,,
-11.691348660006495,,1.1398412511160936,0.9870976956849851,0.017782467972094693,0,True,,,,False,False,0.0,-13.88309892575751,-13.880824931766607,30,120,fixed,sub-079,med1breath,meditation,1,True,isha,sny,meditation,7.0,28.0,m,-12.219219222313782,0.32700988221037164,8,203,0.31879194630872487,Fp1;PO3;PO4;POz,4,central,clean-average,primary,,,,,
-12.486372053338263,,0.27227211215249725,0.7934831614136945,0.017912874381404716,0,False,,,,False,False,0.0,-13.009912040667643,-12.999201510701068,30,120,fixed,sub-079,med1breath,meditation,1,True,isha,sny,meditation,7.0,28.0,m,-12.219219222313782,0.32700988221037164,8,203,0.31879194630872487,Fp1;PO3;PO4;POz,4,temporal,clean-average,primary,,,,,
-11.157708860286165,,1.1883712088245353,0.976553326643993,0.024380227467244234,0,True,,,,False,False,0.0,-13.442775232644316,-13.43409747653315,30,120,fixed,sub-079,think1,thinking,1,True,isha,sny,meditation,7.0,28.0,m,-12.089266361429473,0.1739813991197633,6,123,0.5886287625418061,Fp1;P10;P9;PO3;PO4;POz,6,parieto_occipital,clean-average,primary,1.203843966457739,-25.20956360179799,0.9785436004640605,0.02357141578394526,-13.25503027211513
-11.506313186138403,,1.1137786852861236,0.9789279066840402,0.02121838394334578,0,True,,,,False,False,0.0,-13.647948898193402,-13.647442080508771,30,120,fixed,sub-079,think1,thinking,1,True,isha,sny,meditation,7.0,28.0,m,-12.089266361429473,0.1739813991197633,6,123,0.5886287625418061,Fp1;P10;P9;PO3;PO4;POz,6,frontal,clean-average,primary,,,,,
-11.237252091545425,,1.4284121580207556,0.9887100700226463,0.021066125858757643,0,True,,,,False,False,0.0,-13.983882575289078,-13.98869869422215,30,120,fixed,sub-079,think1,thinking,1,True,isha,sny,meditation,7.0,28.0,m,-12.089266361429473,0.1739813991197633,6,123,0.5886287625418061,Fp1;P10;P9;PO3;PO4;POz,6,central,clean-average,primary,,,,,
-12.123918326156074,,0.5884925629013372,0.9296739957019572,0.020525016943534962,0,True,,,,False,False,0.0,-13.255504614920886,-13.249416292985986,30,120,fixed,sub-079,think1,thinking,1,True,isha,sny,meditation,7.0,28.0,m,-12.089266361429473,0.1739813991197633,6,123,0.5886287625418061,Fp1;P10;P9;PO3;PO4;POz,6,temporal,clean-average,primary,,,,,
-11.597543114721356,,1.077236051690446,0.9751147490022066,0.023611533459319,0,True,,,,False,False,0.0,-13.668912614866457,-13.656425117636985,30,120,fixed,sub-079,think2,thinking,2,True,isha,sny,meditation,7.0,28.0,m,-12.339544911555942,0.2350791954300352,4,154,0.49006622516556286,Fp1;P10;PO3;PO4;POz,5,parieto_occipital,clean-average,primary,1.1407874269951768,-26.023112531680034,0.9821804810137978,0.033897784725029884,-13.486698754564092
-11.801140975571261,,1.037889463165234,0.9772712575923246,0.020741220416469565,0,True,,,,False,False,0.0,-13.796852663041058,-13.789960225631201,30,120,fixed,sub-079,think2,thinking,2,True,isha,sny,meditation,7.0,28.0,m,-12.339544911555942,0.2350791954300352,4,154,0.49006622516556286,Fp1;P10;PO3;PO4;POz,5,frontal,clean-average,primary,,,,,
-11.186865360431915,,1.5316965733780283,0.98563012658763,0.024930281467828712,0,True,,,,False,False,0.0,-14.13209687268334,-14.14170571923883,30,120,fixed,sub-079,think2,thinking,2,True,isha,sny,meditation,7.0,28.0,m,-12.339544911555942,0.2350791954300352,4,154,0.49006622516556286,Fp1;P10;PO3;PO4;POz,5,central,clean-average,primary,,,,,
-12.231299531747299,,0.6051628366560667,0.9232975666256324,0.020043883877518393,1,True,91.50000000000001,0.04740395512487794,29.999999984053996,False,True,0.03096088424610669,-13.39494035169906,-13.3569058644136,30,120,fixed,sub-079,think2,thinking,2,True,isha,sny,meditation,7.0,28.0,m,-12.339544911555942,0.2350791954300352,4,154,0.49006622516556286,Fp1;P10;PO3;PO4;POz,5,temporal,clean-average,primary,,,,,
-12.134310421999608,,0.587382353883769,0.856665683324215,0.030976836666186405,0,False,,,,False,False,0.0,-13.263761939008344,-13.267053214526614,30,120,fixed,sub-080,med1breath,meditation,1,True,isha,sny,thinking,25.0,36.0,m,-11.96449407797009,0.29213978510314076,11,235,0.2033898305084746,Fp1,1,parieto_occipital,clean-average,primary,0.692252526356479,-27.115950056429988,0.7645601277570441,0.015860748132766184,-13.108013529212707
-12.119425150330484,,0.6757681921021315,0.9358395363997207,0.029799133337674984,1,True,,,,False,False,6.689053922749662e-05,-13.418829881625891,-13.42252418301782,30,120,fixed,sub-080,med1breath,meditation,1,True,isha,sny,thinking,25.0,36.0,m,-11.96449407797009,0.29213978510314076,11,235,0.2033898305084746,Fp1,1,frontal,clean-average,primary,,,,,
-11.830689653294773,,0.9287440352766747,0.9078194526348918,0.04112592010696166,2,True,94.82194796428428,0.08938105489497161,29.983401154229142,False,True,0.05594454408012177,-13.61653043080581,-13.572733082968842,30,120,fixed,sub-080,med1breath,meditation,1,True,isha,sny,thinking,25.0,36.0,m,-11.96449407797009,0.29213978510314076,11,235,0.2033898305084746,Fp1,1,central,clean-average,primary,,,,,
-13.13069368931852,,-0.2507361338126888,0.6888693402274305,0.022515999671368643,0,False,,,,False,False,0.0,-12.6485642810529,-12.641895087043645,30,120,fixed,sub-080,med1breath,meditation,1,True,isha,sny,thinking,25.0,36.0,m,-11.96449407797009,0.29213978510314076,11,235,0.2033898305084746,Fp1,1,temporal,clean-average,primary,,,,,
-12.094146589732961,,0.6989190970813882,0.9007033810788566,0.03196110314202701,0,True,,,,False,False,0.0,-13.438067171012724,-13.441530110643079,30,120,fixed,sub-080,think1,thinking,1,True,isha,sny,thinking,25.0,36.0,m,-12.137609573006946,0.31322825703285984,8,212,0.28135593220338984,Fp1,1,parieto_occipital,clean-average,primary,0.8516987641711766,-26.816776310589518,0.8568328860453297,0.02881182938782846,-13.285000488768913
-11.865931028519315,,0.8625006489934739,0.9124848912524604,0.03729914879891658,0,True,,,,False,False,0.0,-13.52439533202725,-13.53349964417798,30,120,fixed,sub-080,think1,thinking,1,True,isha,sny,thinking,25.0,36.0,m,-12.137609573006946,0.31322825703285984,8,212,0.28135593220338984,Fp1,1,frontal,clean-average,primary,,,,,
-12.049510523749671,,0.686020772081063,0.8820778953718487,0.034341059102796785,0,False,,,,False,False,0.0,-13.368629487067697,-13.371321188667258,30,120,fixed,sub-080,think1,thinking,1,True,isha,sny,thinking,25.0,36.0,m,-12.137609573006946,0.31322825703285984,8,212,0.28135593220338984,Fp1,1,central,clean-average,primary,,,,,
-12.984523123688785,,-0.12129186007847144,0.4030860894439502,0.01996883619253715,0,False,,,,False,False,0.0,-12.751296377157091,-12.744846317455824,30,120,fixed,sub-080,think1,thinking,1,True,isha,sny,thinking,25.0,36.0,m,-12.137609573006946,0.31322825703285984,8,212,0.28135593220338984,Fp1,1,temporal,clean-average,primary,,,,,
-10.398834586371898,,1.8114103562156123,0.9716556025109202,0.042767375849012156,0,True,,,,False,False,0.0,-13.881915344970746,-13.889735741605838,30,120,fixed,sub-080,med2,meditation,2,True,isha,sny,thinking,25.0,36.0,m,-12.515063206559502,0.19836353375085913,5,304,0.03797468354430378,Fp1;P1;PO3;POz,4,parieto_occipital,clean-average,primary,1.8808076921878691,-23.265835650328818,0.9886512013205386,0.016020599280643442,-13.729226133469883
-10.175290730021441,,2.001663166853203,0.9439386835920147,0.07026712326982795,0,True,,,,False,False,0.0,-14.024200193158327,-14.043323891424576,30,120,fixed,sub-080,med2,meditation,2,True,isha,sny,thinking,25.0,36.0,m,-12.515063206559502,0.19836353375085913,5,304,0.03797468354430378,Fp1;P1;PO3;POz,4,frontal,clean-average,primary,,,,,
-9.474757634550164,,2.46969420172617,0.9406040760442338,0.09040410030606075,0,True,,,,False,False,0.0,-14.2236232486494,-14.252192470616148,30,120,fixed,sub-080,med2,meditation,2,True,isha,sny,thinking,25.0,36.0,m,-12.515063206559502,0.19836353375085913,5,304,0.03797468354430378,Fp1;P1;PO3;POz,4,central,clean-average,primary,,,,,
-11.489059829738636,,1.1934134041476945,0.985391970986161,0.023042596204694073,1,True,,,,False,False,1.1132659953821124e-06,-13.783821616198253,-13.785597248701128,30,120,fixed,sub-080,med2,meditation,2,True,isha,sny,thinking,25.0,36.0,m,-12.515063206559502,0.19836353375085913,5,304,0.03797468354430378,Fp1;P1;PO3;POz,4,temporal,clean-average,primary,,,,,
-11.032783647198274,,1.431166727288797,0.9178070706512935,0.0523932931940331,2,True,103.90406929810264,0.0676357344162426,28.490996730509522,True,False,0.03209494748876383,-13.784710770205814,-13.759605758211725,30,120,fixed,sub-080,think2,thinking,2,True,isha,sny,thinking,25.0,36.0,m,-12.161183023395218,0.4658936835626203,17,282,0.07843137254901966,Fp1,1,parieto_occipital,clean-average,primary,1.3088819639572953,-25.46739410086638,0.9253238676529897,0.0037238758557081772,-13.593357514988728
-11.003287882914215,,1.5933464706998932,0.894621540265398,0.08033230072304323,0,False,,,,False,False,0.0,-14.067063252660192,-14.090904934108034,30,120,fixed,sub-080,think2,thinking,2,True,isha,sny,thinking,25.0,36.0,m,-12.161183023395218,0.4658936835626203,17,282,0.07843137254901966,Fp1,1,frontal,clean-average,primary,,,,,
-10.654133257825153,,1.7322801828562722,0.9123255587337413,0.07740953699273387,0,True,,,,False,False,0.0,-13.985058110222647,-14.010395285349171,30,120,fixed,sub-080,think2,thinking,2,True,isha,sny,thinking,25.0,36.0,m,-12.161183023395218,0.4658936835626203,17,282,0.07843137254901966,Fp1,1,central,clean-average,primary,,,,,
-12.191810434346987,,0.685115738744194,0.7727212051844067,0.04317876619548026,1,False,105.68178167082462,0.06200896435155023,29.999983975599566,False,True,0.02855959482877657,-13.509189149139482,-13.487185696408647,30,120,fixed,sub-080,think2,thinking,2,True,isha,sny,thinking,25.0,36.0,m,-12.161183023395218,0.4658936835626203,17,282,0.07843137254901966,Fp1,1,temporal,clean-average,primary,,,,,
-9.57554480814226,,2.16778710459196,0.8180274242930134,0.12385215713364371,0,False,,,,False,False,0.0,-13.743886634627998,-13.758008871985934,30,120,fixed,sub-081,med1breath,meditation,1,True,isha,sny,meditation,6.0,38.0,f,-12.596304474169825,0.05883897170725261,4,256,0.1322033898305085,Fp1,1,parieto_occipital,clean-average,primary,2.01955436672488,-22.290011312596977,0.9428898159869249,0.017072062898125136,-13.587413802596688
-9.005769981326688,,2.420012768683586,0.8303038313412711,0.13265579212547152,0,False,,,,False,False,0.0,-13.659105367889982,-13.672549417410622,30,120,fixed,sub-081,med1breath,meditation,1,True,isha,sny,meditation,6.0,38.0,f,-12.596304474169825,0.05883897170725261,4,256,0.1322033898305085,Fp1,1,frontal,clean-average,primary,,,,,
-8.199132826374445,,3.0888687360794638,0.8584049020285507,0.15856328010261955,0,False,,,,False,False,0.0,-14.138581733442143,-14.168171045307357,30,120,fixed,sub-081,med1breath,meditation,1,True,isha,sny,meditation,6.0,38.0,f,-12.596304474169825,0.05883897170725261,4,256,0.1322033898305085,Fp1,1,central,clean-average,primary,,,,,
-10.426900670154753,,1.3056240070232108,0.9187657853375487,0.04102759190958375,0,True,,,,False,False,0.0,-12.937427255819237,-12.931216575463978,30,120,fixed,sub-081,med1breath,meditation,1,True,isha,sny,meditation,6.0,38.0,f,-12.596304474169825,0.05883897170725261,4,256,0.1322033898305085,Fp1,1,temporal,clean-average,primary,,,,,
-9.739530088013609,,2.0611428944510943,0.8203640296914889,0.11480146287831043,0,False,,,,False,False,0.0,-13.702810485385266,-13.717326125349302,30,120,fixed,sub-081,think1,thinking,1,True,isha,sny,meditation,6.0,38.0,f,-12.195191533272515,0.05664976334662619,9,224,0.2679738562091504,Fp1,1,parieto_occipital,clean-average,primary,1.9561651969873943,-22.46430674015595,0.9413800452036195,-0.0034568831609416237,-13.541750142669677
-9.873317914462868,,1.8462091864110728,0.7614924571260572,0.12306080339989596,0,False,,,,False,False,0.0,-13.423311802634846,-13.436913469043155,30,120,fixed,sub-081,think1,thinking,1,True,isha,sny,meditation,6.0,38.0,f,-12.195191533272515,0.05664976334662619,9,224,0.2679738562091504,Fp1,1,frontal,clean-average,primary,,,,,
-8.088757614945724,,3.135306011302479,0.9006829309027723,0.11248609691745362,2,True,106.9237682282387,0.1303191036733029,23.70528027242002,True,False,0.04545016831287414,-14.117498702140384,-14.077159128074937,30,120,fixed,sub-081,think1,thinking,1,True,isha,sny,meditation,6.0,38.0,f,-12.195191533272515,0.05664976334662619,9,224,0.2679738562091504,Fp1,1,central,clean-average,primary,,,,,
-10.459642635349079,,1.197067277263831,0.9221564069732451,0.03795726485919693,1,True,74.85526187474845,0.061042784035141295,25.404070421835133,True,False,0.033876782335319586,-12.761430292617874,-12.729109812049654,30,120,fixed,sub-081,think1,thinking,1,True,isha,sny,meditation,6.0,38.0,f,-12.195191533272515,0.05664976334662619,9,224,0.2679738562091504,Fp1,1,temporal,clean-average,primary,,,,,
-10.465500934533372,,1.8001689167149815,0.9752634693393184,0.0451737516565669,1,True,,,,False,False,7.296714990318239e-18,-13.926966026925367,-13.942719710445813,30,120,fixed,sub-081,med2,meditation,2,True,isha,sny,meditation,6.0,38.0,f,-12.408024505381663,0.086133828545505,5,190,0.36454849498327757,Fp1,1,parieto_occipital,clean-average,primary,2.3366221771890534,-21.266937799001816,0.9480703642309743,0.006521780784307713,-13.758301179757465
-8.68776023087011,,2.7008168704465496,0.8403463461816993,0.1467951967344751,0,False,,,,False,False,0.0,-13.881041389759433,-13.903601624568887,30,120,fixed,sub-081,med2,meditation,2,True,isha,sny,meditation,6.0,38.0,f,-12.408024505381663,0.086133828545505,5,190,0.36454849498327757,Fp1,1,frontal,clean-average,primary,,,,,
-8.674283249581094,,2.9377678925602533,0.988626724677521,0.03186652311570053,4,True,102.85573555179997,0.15525348324011468,16.901497989644138,True,False,0.054993332453589755,-14.323187035901363,-14.264773486979797,30,120,fixed,sub-081,med2,meditation,2,True,isha,sny,meditation,6.0,38.0,f,-12.408024505381663,0.086133828545505,5,190,0.36454849498327757,Fp1,1,central,clean-average,primary,,,,,
-10.015399015527137,,1.710962336478803,0.9192833231114711,0.056686722920380746,0,True,,,,False,False,0.0,-13.30533272515163,-13.308018306334764,30,120,fixed,sub-081,med2,meditation,2,True,isha,sny,meditation,6.0,38.0,f,-12.408024505381663,0.086133828545505,5,190,0.36454849498327757,Fp1,1,temporal,clean-average,primary,,,,,
-9.383558744263262,,2.294901725287212,0.8281213260291462,0.10984199845240145,2,False,105.0738500365965,0.10096091849624145,25.96430402935716,True,False,0.04271157703499413,-13.796323645819198,-13.756961040302587,30,120,fixed,sub-081,think2,thinking,2,True,isha,sny,meditation,6.0,38.0,f,-12.3577886678641,0.11837486871449576,14,270,0.08783783783783783,Fp1,1,parieto_occipital,clean-average,primary,1.9459007423675008,-22.59720901852943,0.9278637658711885,-0.004959625585525216,-13.583235474786152
-9.751689423956435,,1.9094818997600078,0.8139639369786681,0.10605230411074838,0,False,,,,False,False,0.0,-13.423347610697645,-13.42858230953722,30,120,fixed,sub-081,think2,thinking,2,True,isha,sny,meditation,6.0,38.0,f,-12.3577886678641,0.11837486871449576,14,270,0.08783783783783783,Fp1,1,frontal,clean-average,primary,,,,,
-8.768525099032162,,2.7312942621156346,0.8616499526387191,0.14097451997916033,0,False,,,,False,False,0.0,-14.020409884720138,-14.049038391969546,30,120,fixed,sub-081,think2,thinking,2,True,isha,sny,meditation,6.0,38.0,f,-12.3577886678641,0.11837486871449576,14,270,0.08783783783783783,Fp1,1,central,clean-average,primary,,,,,
-10.600577630362885,,1.2019952874888848,0.8961157856167042,0.0448156032584599,0,False,,,,False,False,0.0,-12.911841140264498,-12.911912489053734,30,120,fixed,sub-081,think2,thinking,2,True,isha,sny,meditation,6.0,38.0,f,-12.3577886678641,0.11837486871449576,14,270,0.08783783783783783,Fp1,1,temporal,clean-average,primary,,,,,
-11.128522925632145,,1.2996282229618579,0.9947517197954807,0.011658579892322708,1,True,79.72280400109477,0.13511685928830452,16.317781787428384,True,False,0.054341773569915694,-13.627520483638627,-13.571607903821526,30,120,fixed,sub-082,med1breath,meditation,1,True,isha,sny,thinking,7.0,35.0,m,-13.281568205026481,0.30199845616133447,14,363,0.02941176470588236,Fp1,1,parieto_occipital,clean-average,primary,1.2646020832579525,-25.361054805850795,0.9660703835859422,0.06389674403602158,-13.434313712376794
-10.639225212512205,,1.518900218508615,0.9844542420376189,0.026572881526524924,0,True,,,,False,False,0.0,-13.559851180651044,-13.544059285478774,30,120,fixed,sub-082,med1breath,meditation,1,True,isha,sny,thinking,7.0,35.0,m,-13.281568205026481,0.30199845616133447,14,363,0.02941176470588236,Fp1,1,frontal,clean-average,primary,,,,,
-10.802115574908349,,1.7672627674666894,0.9596483190996855,0.041118382765270266,1,True,80.04589059109891,0.11972735192939687,13.703656363317634,True,False,0.040657748864642525,-14.200306890106223,-14.161391387467322,30,120,fixed,sub-082,med1breath,meditation,1,True,isha,sny,thinking,7.0,35.0,m,-13.281568205026481,0.30199845616133447,14,363,0.02941176470588236,Fp1,1,central,clean-average,primary,,,,,
-11.239931885135347,,1.3805051249402007,0.9824497302825504,0.02202000554436604,1,True,79.49999999999999,0.06931149287446914,17.749865428151015,True,False,0.03012738195524119,-13.894444056453622,-13.865746672643262,30,120,fixed,sub-082,med1breath,meditation,1,True,isha,sny,thinking,7.0,35.0,m,-13.281568205026481,0.30199845616133447,14,363,0.02941176470588236,Fp1,1,temporal,clean-average,primary,,,,,
-11.127210852355429,,1.3605975479219445,0.9944281189509259,0.014001381870304572,2,True,81.71404948375643,0.10232907087201504,19.142309521945542,True,False,0.04802825806304901,-13.743443625400044,-13.693097598459689,30,120,fixed,sub-082,think1,thinking,1,True,isha,sny,thinking,7.0,35.0,m,-13.473971288388862,0.1277933177895504,6,298,0.04487179487179482,Fp1,1,parieto_occipital,clean-average,primary,1.4648061871788758,-24.750159347956604,0.9765075206525212,0.0692198183032318,-13.557801774791631
-10.05611976309747,,1.8275753664902437,0.9914213769557946,0.02433279836951711,0,True,,,,False,False,0.0,-13.570283504112158,-13.557561782853876,30,120,fixed,sub-082,think1,thinking,1,True,isha,sny,thinking,7.0,35.0,m,-13.473971288388862,0.1277933177895504,6,298,0.04487179487179482,Fp1,1,frontal,clean-average,primary,,,,,
-10.027862855321555,,2.2281353219631947,0.9596618677089833,0.05312699216010886,3,True,81.42011698421327,0.11474067535505661,11.459769706299403,True,False,0.05387902469369658,-14.312245596567564,-14.261650568816282,30,120,fixed,sub-082,think1,thinking,1,True,isha,sny,thinking,7.0,35.0,m,-13.473971288388862,0.1277933177895504,6,298,0.04487179487179482,Fp1,1,central,clean-average,primary,,,,,
-10.740226129682556,,1.514127323936754,0.9910951048201434,0.01837400457250593,2,True,79.64267903606851,0.09085076009301396,26.463571932308785,True,False,0.05572197804445382,-13.651674510209059,-13.589723710204494,30,120,fixed,sub-082,think1,thinking,1,True,isha,sny,thinking,7.0,35.0,m,-13.473971288388862,0.1277933177895504,6,298,0.04487179487179482,Fp1,1,temporal,clean-average,primary,,,,,
-10.600810071284105,,1.6364165718890502,0.9951346459399354,0.01472134888425571,3,True,81.10865344657753,0.11073251379248106,20.704121848193413,True,False,0.05878427623788646,-13.747403031317177,-13.68347806956851,30,120,fixed,sub-082,med2,meditation,2,True,isha,sny,thinking,7.0,35.0,m,-13.796297822409384,0.048534336173936876,12,260,0.1216216216216216,Fp1,1,parieto_occipital,clean-average,primary,1.5825694723040624,-24.207044964889366,0.981831939192072,0.08748242481206765,-13.548726617869526
-10.043808542315427,,1.9723693175423282,0.9881614541776507,0.030417893780117247,0,True,,,,False,False,0.0,-13.836390159843011,-13.827279661241915,30,120,fixed,sub-082,med2,meditation,2,True,isha,sny,thinking,7.0,35.0,m,-13.796297822409384,0.048534336173936876,12,260,0.1216216216216216,Fp1,1,frontal,clean-average,primary,,,,,
-10.114040346976797,,2.175636334822648,0.9689120754131764,0.0473923179897713,1,True,88.27974093080316,0.08018083708623891,24.150195748108633,True,False,0.045975591141349054,-14.297475110682704,-14.259172801826104,30,120,fixed,sub-082,med2,meditation,2,True,isha,sny,thinking,7.0,35.0,m,-13.796297822409384,0.048534336173936876,12,260,0.1216216216216216,Fp1,1,central,clean-average,primary,,,,,
-10.737721995799468,,1.665244590615675,0.9873261936526844,0.024185186607470457,1,True,85.77680557330115,0.06923079015597722,25.78063145091862,True,False,0.0420635271266458,-13.939747076439936,-13.894704538887886,30,120,fixed,sub-082,med2,meditation,2,True,isha,sny,thinking,7.0,35.0,m,-13.796297822409384,0.048534336173936876,12,260,0.1216216216216216,Fp1,1,temporal,clean-average,primary,,,,,
-11.038896693127906,,1.3325034652500312,0.9864796815986783,0.019088887888211135,1,True,81.90672060800664,0.08605600059546958,21.074109017341932,True,False,0.044051685404912715,-13.601108598703556,-13.55462230294344,30,120,fixed,sub-082,think2,thinking,2,True,isha,sny,thinking,7.0,35.0,m,-13.618504397022226,0.11646406568652212,9,279,0.06688963210702337,Fp1,1,parieto_occipital,clean-average,primary,1.3672370735758732,-24.872030171473423,0.9720714487117166,0.08505889945198473,-13.421066181698842
-10.114062966173801,,1.8483642407288239,0.9903839160017063,0.023154432326283576,0,True,,,,False,False,0.0,-13.6682007128603,-13.660855704244785,30,120,fixed,sub-082,think2,thinking,2,True,isha,sny,thinking,7.0,35.0,m,-13.618504397022226,0.11646406568652212,9,279,0.06688963210702337,Fp1,1,frontal,clean-average,primary,,,,,
-10.196437319808968,,2.120867212849412,0.9496706635107416,0.060922023208929185,1,True,87.99827779534098,0.07121960893026369,26.14330969223412,True,False,0.043451356544156924,-14.274558964234227,-14.240839226234948,30,120,fixed,sub-082,think2,thinking,2,True,isha,sny,thinking,7.0,35.0,m,-13.618504397022226,0.11646406568652212,9,279,0.06688963210702337,Fp1,1,central,clean-average,primary,,,,,
-10.736659267471882,,1.5788281411676113,0.992332928627325,0.01806386550859849,1,True,83.56212771530481,0.07144097818961725,21.229157001590995,True,False,0.036948325390433225,-13.7725179842809,-13.732751187564201,30,120,fixed,sub-082,think2,thinking,2,True,isha,sny,thinking,7.0,35.0,m,-13.618504397022226,0.11646406568652212,9,279,0.06688963210702337,Fp1,1,temporal,clean-average,primary,,,,,
-12.116382315459882,,0.8066061641648936,0.9499468326564352,0.021263284496556498,0,True,,,,False,False,0.0,-13.667369589287501,-13.667024620032565,30,120,fixed,sub-083,med1breath,meditation,1,True,isha,sny,meditation,6.0,37.0,m,-12.508265478991717,0.291438072923903,7,282,0.04406779661016946,FC6;Fp1,2,parieto_occipital,clean-average,primary,0.8280148467548931,-27.435940404901533,0.8919790897213705,0.0216767995420478,-13.506488063587629
-12.444034686599162,,0.7020332937548799,0.9892340519468509,0.011592007321732616,1,True,,,,False,False,4.7174458139273377e-60,-13.793943418755235,-13.795473937468447,30,120,fixed,sub-083,med1breath,meditation,1,True,isha,sny,meditation,6.0,37.0,m,-12.508265478991717,0.291438072923903,7,282,0.04406779661016946,FC6;Fp1,2,frontal,clean-average,primary,,,,,
-12.325020352645437,,0.8728433090155593,0.9879648981399085,0.01663057995810167,1,True,,,,False,False,1.2225230777149376e-47,-14.003372099101929,-14.009209165764812,30,120,fixed,sub-083,med1breath,meditation,1,True,isha,sny,meditation,6.0,37.0,m,-12.508265478991717,0.291438072923903,7,282,0.04406779661016946,FC6;Fp1,2,central,clean-average,primary,,,,,
-12.965892402671777,,0.08119179256998615,0.17645831360039682,0.019813060279425372,0,False,,,,False,False,0.0,-13.122012505157821,-13.124161616300052,30,120,fixed,sub-083,med1breath,meditation,1,True,isha,sny,meditation,6.0,37.0,m,-12.508265478991717,0.291438072923903,7,282,0.04406779661016946,FC6;Fp1,2,temporal,clean-average,primary,,,,,
-12.791917255177953,,0.4660679663258419,0.9636369012700281,0.016618584779353008,1,True,,,,False,False,9.292955164790976e-34,-13.688098708562341,-13.684963399289183,30,120,fixed,sub-083,think1,thinking,1,True,isha,sny,meditation,6.0,37.0,m,-12.655608325573269,0.33990085048444985,9,259,0.12203389830508471,Fp1,1,parieto_occipital,clean-average,primary,0.6408704504688341,-28.324823281951048,0.8802632695131181,0.025335265394757032,-13.532672577296513
-12.777707072946848,,0.41199821507431666,0.9699302134065053,0.014036201244739465,2,True,,,,False,False,2.4384017788770883e-64,-13.56992019604087,-13.566665589839253,30,120,fixed,sub-083,think1,thinking,1,True,isha,sny,meditation,6.0,37.0,m,-12.655608325573269,0.33990085048444985,9,259,0.12203389830508471,Fp1,1,frontal,clean-average,primary,,,,,
-12.687493360496399,,0.7378982359527995,0.9851516463803405,0.018209440174594405,1,True,,,,False,False,2.4582234737618162e-37,-14.106365201784088,-14.112058975602288,30,120,fixed,sub-083,think1,thinking,1,True,isha,sny,meditation,6.0,37.0,m,-12.655608325573269,0.33990085048444985,9,259,0.12203389830508471,Fp1,1,central,clean-average,primary,,,,,
-13.498390043630787,,-0.024012920389724607,0.8019422546098403,0.014001453932380609,1,False,,,,False,False,2.1587051658280308e-30,-13.452216662386597,-13.45213493778123,30,120,fixed,sub-083,think1,thinking,1,True,isha,sny,meditation,6.0,37.0,m,-12.655608325573269,0.33990085048444985,9,259,0.12203389830508471,Fp1,1,temporal,clean-average,primary,,,,,
-11.775147514910113,,1.0475137985094103,0.9707435623793653,0.020879705066692275,0,True,,,,False,False,0.0,-13.789365410615147,-13.788742468707333,30,120,fixed,sub-083,med2,meditation,2,True,isha,sny,meditation,6.0,37.0,m,-12.758971853843244,0.2274771973112989,8,278,0.07023411371237454,Fp1,1,parieto_occipital,clean-average,primary,1.0593083781083403,-26.67848905193079,0.9685230146549028,0.024113332565590083,-13.62396530221538
-12.036295612497035,,0.8898298035841417,0.9884057062468764,0.015117917271523089,1,True,,,,False,False,1.2076744309588959e-27,-13.747309937140107,-13.751507051995905,30,120,fixed,sub-083,med2,meditation,2,True,isha,sny,meditation,6.0,37.0,m,-12.758971853843244,0.2274771973112989,8,278,0.07023411371237454,Fp1,1,frontal,clean-average,primary,,,,,
-11.223585039145764,,1.5620718774864888,0.9411444371719543,0.050328472229148984,0,True,,,,False,False,0.0,-14.2272238785463,-14.240118050023884,30,120,fixed,sub-083,med2,meditation,2,True,isha,sny,meditation,6.0,37.0,m,-12.758971853843244,0.2274771973112989,8,278,0.07023411371237454,Fp1,1,central,clean-average,primary,,,,,
-12.494303642242429,,0.5696806751881911,0.7931621458913961,0.02818858018922763,1,False,,,,False,False,0.021113390347180645,-13.589717385177552,-13.570584546794011,30,120,fixed,sub-083,med2,meditation,2,True,isha,sny,meditation,6.0,37.0,m,-12.758971853843244,0.2274771973112989,8,278,0.07023411371237454,Fp1,1,temporal,clean-average,primary,,,,,
-12.793958061363899,,0.5948085078130125,0.9840350550939738,0.014558577939170246,1,True,,,,False,False,2.1332926195180545e-33,-13.937689000908,-13.942182237453816,30,120,fixed,sub-083,think2,thinking,2,True,isha,sny,meditation,6.0,37.0,m,-12.77227624264095,0.2517403819664198,8,274,0.09570957095709576,Fp1,1,parieto_occipital,clean-average,primary,0.8153002220227525,-28.101297480188755,0.9102293376775943,0.01039040577414786,-13.776708315861542
-12.57227449983092,,0.6868009688656154,0.985796206861963,0.01485449068117552,1,True,,,,False,False,9.547976052723508e-49,-13.892893668996212,-13.896256250972778,30,120,fixed,sub-083,think2,thinking,2,True,isha,sny,meditation,6.0,37.0,m,-12.77227624264095,0.2517403819664198,8,274,0.09570957095709576,Fp1,1,frontal,clean-average,primary,,,,,
-12.095132071172428,,1.1417118844020535,0.9924013295982584,0.01712102334820756,2,True,,,,False,False,0.02102297250199358,-14.290479294831053,-14.271110759409083,30,120,fixed,sub-083,think2,thinking,2,True,isha,sny,meditation,6.0,37.0,m,-12.77227624264095,0.2517403819664198,8,274,0.09570957095709576,Fp1,1,central,clean-average,primary,,,,,
-13.498862889514658,,-0.07810170886749188,0.8100617014391304,0.01667089185802418,1,False,,,,False,False,2.27010769544014e-28,-13.348684572140796,-13.351820804033911,30,120,fixed,sub-083,think2,thinking,2,True,isha,sny,meditation,6.0,37.0,m,-12.77227624264095,0.2517403819664198,8,274,0.09570957095709576,Fp1,1,temporal,clean-average,primary,,,,,
-11.339180212862974,,1.102109477407665,0.9809081151749629,0.02068313809688634,0,True,,,,False,False,0.0,-13.45837772184042,-13.446994949307822,30,120,fixed,sub-084,med1breath,meditation,1,True,isha,sny,thinking,5.0,58.0,m,-13.507561625105408,0.10533925178862535,4,291,0.013559322033898313,Fp1,1,parieto_occipital,clean-average,primary,1.2447042681798604,-25.147948224376204,0.9590690139117447,0.058940396722641814,-13.306729027385188
-11.558871593666003,,1.1600711171538387,0.9741488998544551,0.025072051265990363,0,True,,,,False,False,0.0,-13.78952097297421,-13.78046359907304,30,120,fixed,sub-084,med1breath,meditation,1,True,isha,sny,thinking,5.0,58.0,m,-13.507561625105408,0.10533925178862535,4,291,0.013559322033898313,Fp1,1,frontal,clean-average,primary,,,,,
-10.975615975797986,,1.7067570943717494,0.9671086507347312,0.04009065228529961,0,True,,,,False,False,0.0,-14.257463611597146,-14.259733984129626,30,120,fixed,sub-084,med1breath,meditation,1,True,isha,sny,thinking,5.0,58.0,m,-13.507561625105408,0.10533925178862535,4,291,0.013559322033898313,Fp1,1,central,clean-average,primary,,,,,
-11.724057814833529,,1.0007578436492652,0.9801927109914915,0.02039366471897279,1,True,83.72406281602309,0.07070767971968195,2.0000000000000018,False,True,0.0035988755905963636,-13.64837075544958,-13.637960306288175,30,120,fixed,sub-084,med1breath,meditation,1,True,isha,sny,thinking,5.0,58.0,m,-13.507561625105408,0.10533925178862535,4,291,0.013559322033898313,Fp1,1,temporal,clean-average,primary,,,,,
-11.61339650981391,,1.051189620911051,0.9794718304506246,0.019819439492681994,0,True,,,,False,False,0.0,-13.634682481637231,-13.628483807912156,30,120,fixed,sub-084,think1,thinking,1,True,isha,sny,thinking,5.0,58.0,m,-13.269454090963514,0.06961448475454546,7,289,0.026936026936026924,Fp1,1,parieto_occipital,clean-average,primary,1.1808470929066388,-25.80748018908134,0.9668304309064923,0.02112343470941841,-13.474226697849774
-11.522105917478562,,1.0929643899668586,0.9882420889370785,0.01588188976979046,0,True,,,,False,False,0.0,-13.62371874279144,-13.615476334578235,30,120,fixed,sub-084,think1,thinking,1,True,isha,sny,thinking,5.0,58.0,m,-13.269454090963514,0.06961448475454546,7,289,0.026936026936026924,Fp1,1,frontal,clean-average,primary,,,,,
-10.80990024798324,,1.8151672842888316,0.9732296466133736,0.03469670744538215,1,True,108.82194810128993,0.07549573049441882,29.999999860219525,False,True,0.03020875008024025,-14.300205037204618,-14.27498615504018,30,120,fixed,sub-084,think1,thinking,1,True,isha,sny,thinking,5.0,58.0,m,-13.269454090963514,0.06961448475454546,7,289,0.026936026936026924,Fp1,1,central,clean-average,primary,,,,,
-12.175082726257653,,0.6313230687971345,0.9189874407103396,0.025774204239544938,0,True,,,,False,False,0.0,-13.389025898130042,-13.372848581880529,30,120,fixed,sub-084,think1,thinking,1,True,isha,sny,thinking,5.0,58.0,m,-13.269454090963514,0.06961448475454546,7,289,0.026936026936026924,Fp1,1,temporal,clean-average,primary,,,,,
-11.298123225018355,,1.0274306951431356,0.9748140278605986,0.02221321232992936,0,True,,,,False,False,0.0,-13.273724210608025,-13.260848363703484,30,120,fixed,sub-084,med2,meditation,2,True,isha,sny,thinking,5.0,58.0,m,-13.343225167728145,0.14485041962893352,4,271,0.08135593220338988,Fp1,1,parieto_occipital,clean-average,primary,1.1705970291628844,-25.05645410514407,0.9483415026112857,0.06903370167172874,-13.121414020623192
-11.612540856276881,,1.0234322589365743,0.9715743014442065,0.021824811413532343,1,True,85.39265952767015,0.06751375077557142,29.999999885232945,False,True,0.04562304461270816,-13.58045342594921,-13.53250325903824,30,120,fixed,sub-084,med2,meditation,2,True,isha,sny,thinking,5.0,58.0,m,-13.343225167728145,0.14485041962893352,4,271,0.08135593220338988,Fp1,1,frontal,clean-average,primary,,,,,
-11.28315478890147,,1.4739215681795435,0.9623413076630963,0.03650322578136899,0,True,,,,False,False,0.0,-14.117293302129081,-14.117652843749642,30,120,fixed,sub-084,med2,meditation,2,True,isha,sny,thinking,5.0,58.0,m,-13.343225167728145,0.14485041962893352,4,271,0.08135593220338988,Fp1,1,central,clean-average,primary,,,,,
-11.730877999958153,,0.8700200417726518,0.9671450614572135,0.021474930403119017,0,True,,,,False,False,0.0,-13.403801010857064,-13.392430600630647,30,120,fixed,sub-084,med2,meditation,2,True,isha,sny,thinking,5.0,58.0,m,-13.343225167728145,0.14485041962893352,4,271,0.08135593220338988,Fp1,1,temporal,clean-average,primary,,,,,
-11.173652297797085,,1.1791564117009257,0.9850187314847015,0.01953266386436006,0,True,,,,False,False,0.0,-13.440999944828583,-13.428959220758198,30,120,fixed,sub-084,think2,thinking,2,True,isha,sny,thinking,5.0,58.0,m,-13.237702638250076,0.08025094652488418,6,288,0.030303030303030276,Fp1,1,parieto_occipital,clean-average,primary,1.2835239743312004,-24.920905744525335,0.9786952616936639,0.02914835922725224,-13.28327605910196
-11.676040809291397,,0.9629399054074268,0.981261393473561,0.01810183040240047,0,True,,,,False,False,0.0,-13.527635311168243,-13.517942398484122,30,120,fixed,sub-084,think2,thinking,2,True,isha,sny,thinking,5.0,58.0,m,-13.237702638250076,0.08025094652488418,6,288,0.030303030303030276,Fp1,1,frontal,clean-average,primary,,,,,
-11.319410302388025,,1.5156403306507324,0.9932638537818449,0.01700808346447451,1,True,,,,False,False,3.2905328892553394e-09,-14.233767976523788,-14.237705434238888,30,120,fixed,sub-084,think2,thinking,2,True,isha,sny,thinking,5.0,58.0,m,-13.237702638250076,0.08025094652488418,6,288,0.030303030303030276,Fp1,1,central,clean-average,primary,,,,,
-11.975911512184389,,0.7663096813382533,0.9594499049262308,0.020341625722024106,0,True,,,,False,False,0.0,-13.449414463649012,-13.439003832258965,30,120,fixed,sub-084,think2,thinking,2,True,isha,sny,thinking,5.0,58.0,m,-13.237702638250076,0.08025094652488418,6,288,0.030303030303030276,Fp1,1,temporal,clean-average,primary,,,,,
-12.546457707376852,,0.5708819086427643,0.8291071358602896,0.03131275439487686,0,False,,,,False,False,0.0,-13.6441812489271,-13.64681825743898,30,120,fixed,sub-085,med1breath,meditation,1,True,isha,sny,meditation,15.0,35.0,m,-12.238010819332532,0.26426718918076497,18,244,0.17845117845117842,Fp1,1,parieto_occipital,clean-average,primary,0.746150288745108,-27.739481946496113,0.8653560799074025,0.02034982081918124,-13.484070367424804
-12.540995498437404,,0.6433030321319003,0.8748841651770808,0.030025751702738503,0,False,,,,False,False,0.0,-13.777974411292979,-13.782772186935215,30,120,fixed,sub-085,med1breath,meditation,1,True,isha,sny,meditation,15.0,35.0,m,-12.238010819332532,0.26426718918076497,18,244,0.17845117845117842,Fp1,1,frontal,clean-average,primary,,,,,
-12.95865755587873,,0.5519620876541509,0.9644131633056389,0.02021655642793419,1,True,,,,False,False,9.983718535031186e-09,-14.020001011483544,-14.025214628809021,30,120,fixed,sub-085,med1breath,meditation,1,True,isha,sny,meditation,15.0,35.0,m,-12.238010819332532,0.26426718918076497,18,244,0.17845117845117842,Fp1,1,central,clean-average,primary,,,,,
-13.260419729058192,,-0.013564988915072379,0.0038802555296012058,0.028025244014421774,0,False,,,,False,False,0.0,-13.23433621257692,-13.237550269515596,30,120,fixed,sub-085,med1breath,meditation,1,True,isha,sny,meditation,15.0,35.0,m,-12.238010819332532,0.26426718918076497,18,244,0.17845117845117842,Fp1,1,temporal,clean-average,primary,,,,,
-11.894855841382665,,1.0355776558316525,0.8807870301967612,0.04843965784658488,0,False,,,,False,False,0.0,-13.886122256905352,-13.897579610467437,30,120,fixed,sub-085,think1,thinking,1,True,isha,sny,meditation,15.0,35.0,m,-12.611043106032023,0.1420421681420403,7,257,0.12881355932203387,Fp1,1,parieto_occipital,clean-average,primary,1.1860095675875344,-26.327258263799358,0.9211334152100823,-0.0009827601181739854,-13.723596018821183
-12.078629099276332,,1.0680775816564287,0.9450553487417578,0.03199065416509886,0,True,,,,False,False,0.0,-14.132388182961003,-14.138123542801369,30,120,fixed,sub-085,think1,thinking,1,True,isha,sny,meditation,15.0,35.0,m,-12.611043106032023,0.1420421681420403,7,257,0.12881355932203387,Fp1,1,frontal,clean-average,primary,,,,,
-11.399300807917216,,1.5295389723337989,0.9675759271297487,0.029367264808567783,1,True,,,,False,False,0.02366900024302602,-14.340383564666558,-14.319865872746915,30,120,fixed,sub-085,think1,thinking,1,True,isha,sny,meditation,15.0,35.0,m,-12.611043106032023,0.1420421681420403,7,257,0.12881355932203387,Fp1,1,central,clean-average,primary,,,,,
-12.700749625135638,,0.5846795742991954,0.8926131275032773,0.024506395405755915,0,False,,,,False,False,0.0,-13.825004086969406,-13.825869885726656,30,120,fixed,sub-085,think1,thinking,1,True,isha,sny,meditation,15.0,35.0,m,-12.611043106032023,0.1420421681420403,7,257,0.12881355932203387,Fp1,1,temporal,clean-average,primary,,,,,
-12.008208551474501,,0.8352778941078176,0.9696299296768833,0.018074474977357653,0,True,,,,False,False,0.0,-13.614327425128334,-13.609822088573907,30,120,fixed,sub-085,med2,meditation,2,True,isha,sny,meditation,15.0,35.0,m,-12.217104150651018,0.26724055964340365,11,252,0.14864864864864868,Fp1,1,parieto_occipital,clean-average,primary,0.9674997445978322,-26.687860738616376,0.921931781680678,0.03603015077486757,-13.446796460138692
-12.055094397077859,,0.8915807488169594,0.9468879033908555,0.0244323307319986,0,True,,,,False,False,0.0,-13.769475536771342,-13.764486705778648,30,120,fixed,sub-085,med2,meditation,2,True,isha,sny,meditation,15.0,35.0,m,-12.217104150651018,0.26724055964340365,11,252,0.14864864864864868,Fp1,1,frontal,clean-average,primary,,,,,
-12.345149068673415,,0.8940878404159465,0.9184194000638491,0.03200055220278791,0,True,,,,False,False,0.0,-14.06435098378011,-14.07028376012807,30,120,fixed,sub-085,med2,meditation,2,True,isha,sny,meditation,15.0,35.0,m,-12.217104150651018,0.26724055964340365,11,252,0.14864864864864868,Fp1,1,central,clean-average,primary,,,,,
-13.078587838317423,,0.1110743184354964,0.8152752614323818,0.014935081219182066,1,False,,,,False,False,2.3250682598035e-15,-13.292167726491094,-13.288768676906571,30,120,fixed,sub-085,med2,meditation,2,True,isha,sny,meditation,15.0,35.0,m,-12.217104150651018,0.26724055964340365,11,252,0.14864864864864868,Fp1,1,temporal,clean-average,primary,,,,,
-11.802737436930324,,1.1434299947018811,0.9045006133209317,0.046963495901994674,0,True,,,,False,False,0.0,-14.001388338800762,-14.010006373735166,30,120,fixed,sub-085,think2,thinking,2,True,isha,sny,meditation,15.0,35.0,m,-12.816407990724871,0.058883947619588484,8,253,0.15100671140939592,Fp1,1,parieto_occipital,clean-average,primary,1.2711877851714708,-26.20892111746029,0.9390084890216693,0.004290750192283961,-13.836009535945452
-11.95587009244596,,1.1778688144181222,0.9470264215738268,0.03508377698052382,0,True,,,,False,False,0.0,-14.220741875681512,-14.22856829096132,30,120,fixed,sub-085,think2,thinking,2,True,isha,sny,meditation,15.0,35.0,m,-12.816407990724871,0.058883947619588484,8,253,0.15100671140939592,Fp1,1,frontal,clean-average,primary,,,,,
-11.653840011238236,,1.4237077318462712,0.9622507934124603,0.03573055522633516,0,True,,,,False,False,0.0,-14.391424562218853,-14.402863373155741,30,120,fixed,sub-085,think2,thinking,2,True,isha,sny,meditation,15.0,35.0,m,-12.816407990724871,0.058883947619588484,8,253,0.15100671140939592,Fp1,1,central,clean-average,primary,,,,,
-12.411383110175704,,0.7640244952551127,0.9393995039622473,0.023961134457318352,0,True,,,,False,False,0.0,-13.880491978516812,-13.876029444524498,30,120,fixed,sub-085,think2,thinking,2,True,isha,sny,meditation,15.0,35.0,m,-12.816407990724871,0.058883947619588484,8,253,0.15100671140939592,Fp1,1,temporal,clean-average,primary,,,,,
-11.356543317868175,,1.3309001705333212,0.9838282035205803,0.0209363765316074,0,True,,,,False,False,0.0,-13.915672319032371,-13.90858258298439,30,120,fixed,sub-086,med1breath,meditation,1,True,isha,sny,thinking,5.0,23.0,m,-14.170908401701377,0.02032237631030609,3,294,0.003389830508474523,Fp1,1,parieto_occipital,clean-average,primary,1.4586546965152318,-25.228451213107288,0.9755778390521155,0.030629271019794402,-13.759045791404793
-11.06288421701845,,1.5853000451609451,0.9882358318801651,0.022048321997852716,0,True,,,,False,False,0.0,-14.111187471418486,-14.103841881104689,30,120,fixed,sub-086,med1breath,meditation,1,True,isha,sny,thinking,5.0,23.0,m,-14.170908401701377,0.02032237631030609,3,294,0.003389830508474523,Fp1,1,frontal,clean-average,primary,,,,,
-10.936177316126276,,1.8482824929405264,0.9768450179928175,0.033848923332196384,0,True,,,,False,False,0.0,-14.490157873610727,-14.496771200306332,30,120,fixed,sub-086,med1breath,meditation,1,True,isha,sny,thinking,5.0,23.0,m,-14.170908401701377,0.02032237631030609,3,294,0.003389830508474523,Fp1,1,central,clean-average,primary,,,,,
-11.518404678545318,,1.3994568858310366,0.9782271380609876,0.024880757192087145,0,True,,,,False,False,0.0,-14.209358351632607,-14.210631396815014,30,120,fixed,sub-086,med1breath,meditation,1,True,isha,sny,thinking,5.0,23.0,m,-14.170908401701377,0.02032237631030609,3,294,0.003389830508474523,Fp1,1,temporal,clean-average,primary,,,,,
-10.89824221856296,,1.6629168760502842,0.9958095920224918,0.013207555444909107,0,True,,,,False,False,0.0,-14.0957914399447,-14.094946005166673,30,120,fixed,sub-086,think1,thinking,1,True,isha,sny,thinking,5.0,23.0,m,-13.585353650408214,0.033249133455338975,3,297,0.02941176470588236,Fp1,1,parieto_occipital,clean-average,primary,1.7413884454685344,-24.35974816928564,0.988714326174837,0.016567929617840888,-13.927671130148088
-10.837592234348207,,1.6876587770219367,0.9958995968816029,0.01374299288792761,0,True,,,,False,False,0.0,-14.082716561453404,-14.076975949887775,30,120,fixed,sub-086,think1,thinking,1,True,isha,sny,thinking,5.0,23.0,m,-13.585353650408214,0.033249133455338975,3,297,0.02941176470588236,Fp1,1,frontal,clean-average,primary,,,,,
-10.925085640215867,,1.883537100797385,0.9745136756856969,0.039647303484656296,0,True,,,,False,False,0.0,-14.546855721955168,-14.559749092002734,30,120,fixed,sub-086,think1,thinking,1,True,isha,sny,thinking,5.0,23.0,m,-13.585353650408214,0.033249133455338975,3,297,0.02941176470588236,Fp1,1,central,clean-average,primary,,,,,
-11.216998842604193,,1.590702405606378,0.9922769626457165,0.016502824494353082,0,True,,,,False,False,0.0,-14.275690056669983,-14.275672670611081,30,120,fixed,sub-086,think1,thinking,1,True,isha,sny,thinking,5.0,23.0,m,-13.585353650408214,0.033249133455338975,3,297,0.02941176470588236,Fp1,1,temporal,clean-average,primary,,,,,
-11.316221751476625,,1.3449498941061016,0.9881379861610816,0.018904215628205618,0,True,,,,False,False,0.0,-13.90236634392971,-13.901558841161783,30,120,fixed,sub-086,med2,meditation,2,True,isha,sny,thinking,5.0,23.0,m,-13.904649482551505,0.03703591834376463,3,290,0.016949152542372836,Fp1,1,parieto_occipital,clean-average,primary,1.4520628302842518,-25.216014059575222,0.9802360937552491,0.027381578568756774,-13.740028424844942
-11.255981719287709,,1.4603999573487902,0.9868684525178365,0.021378273839293426,0,True,,,,False,False,0.0,-14.064120125831456,-14.06369764193943,30,120,fixed,sub-086,med2,meditation,2,True,isha,sny,thinking,5.0,23.0,m,-13.904649482551505,0.03703591834376463,3,290,0.016949152542372836,Fp1,1,frontal,clean-average,primary,,,,,
-11.082264940272145,,1.75653568683481,0.9799329735134311,0.03158559963210762,0,True,,,,False,False,0.0,-14.459829627154337,-14.466984064323682,30,120,fixed,sub-086,med2,meditation,2,True,isha,sny,thinking,5.0,23.0,m,-13.904649482551505,0.03703591834376463,3,290,0.016949152542372836,Fp1,1,central,clean-average,primary,,,,,
-11.567123854481022,,1.3135631632201488,0.9865112161062087,0.01947899630433254,0,True,,,,False,False,0.0,-14.092916292023952,-14.090231829929648,30,120,fixed,sub-086,med2,meditation,2,True,isha,sny,thinking,5.0,23.0,m,-13.904649482551505,0.03703591834376463,3,290,0.016949152542372836,Fp1,1,temporal,clean-average,primary,,,,,
-11.041696771676882,,1.5726621395281266,0.9954153348315586,0.013759857749419263,0,True,,,,False,False,0.0,-14.065699156984712,-14.061780569333507,30,120,fixed,sub-086,think2,thinking,2,True,isha,sny,thinking,5.0,23.0,m,-12.155180720873629,0.24676385268144063,11,258,0.12542372881355934,Fp1,1,parieto_occipital,clean-average,primary,1.6091352896269928,-24.842207708337078,0.9889505717742135,0.02259956364226563,-13.8815025353379
-10.981730345546238,,1.6780599718702327,0.9895289133089888,0.02175770337699163,0,True,,,,False,False,0.0,-14.208397555292734,-14.205761797208647,30,120,fixed,sub-086,think2,thinking,2,True,isha,sny,thinking,5.0,23.0,m,-12.155180720873629,0.24676385268144063,11,258,0.12542372881355934,Fp1,1,frontal,clean-average,primary,,,,,
-11.120167429493126,,1.7616909037084703,0.9747708794570362,0.036852559448156796,0,True,,,,False,False,0.0,-14.507644854611264,-14.517382081057432,30,120,fixed,sub-086,think2,thinking,2,True,isha,sny,thinking,5.0,23.0,m,-12.155180720873629,0.24676385268144063,11,258,0.12542372881355934,Fp1,1,central,clean-average,primary,,,,,
-11.374239548380306,,1.4864611620821555,0.989507932814529,0.01843602287460071,0,True,,,,False,False,0.0,-14.232489891427683,-14.23504392794952,30,120,fixed,sub-086,think2,thinking,2,True,isha,sny,thinking,5.0,23.0,m,-12.155180720873629,0.24676385268144063,11,258,0.12542372881355934,Fp1,1,temporal,clean-average,primary,,,,,
-12.81329047714475,,0.25143043647432295,0.813796587245059,0.016092145835896715,0,False,,,,False,False,0.0,-13.296754929252355,-13.287960361062655,30,120,fixed,sub-087,med1breath,meditation,1,True,isha,sny,thinking,4.0,33.0,m,-11.769740120126151,0.8281588431357416,21,266,0.09830508474576272,Fp1,1,parieto_occipital,clean-average,primary,0.33750804154269004,-28.793417407490153,0.7413311572008074,0.025963797213384304,-13.143464495844576
-13.065564772551943,,0.1555477443711335,0.616530652276475,0.017143547608248006,0,False,,,,False,False,0.0,-13.364660642023752,-13.356437808058173,30,120,fixed,sub-087,med1breath,meditation,1,True,isha,sny,thinking,4.0,33.0,m,-11.769740120126151,0.8281588431357416,21,266,0.09830508474576272,Fp1,1,frontal,clean-average,primary,,,,,
-13.330141629991216,,0.08984044323410481,0.29546952871034265,0.018268358754126923,0,False,,,,False,False,0.0,-13.50289183984783,-13.497474291014367,30,120,fixed,sub-087,med1breath,meditation,1,True,isha,sny,thinking,4.0,33.0,m,-11.769740120126151,0.8281588431357416,21,266,0.09830508474576272,Fp1,1,central,clean-average,primary,,,,,
-12.877957835971877,,-0.08712136458634145,0.21919854834100672,0.0235969260085945,0,False,,,,False,False,0.0,-12.710436022037054,-12.700062584304876,30,120,fixed,sub-087,med1breath,meditation,1,True,isha,sny,thinking,4.0,33.0,m,-11.769740120126151,0.8281588431357416,21,266,0.09830508474576272,Fp1,1,temporal,clean-average,primary,,,,,
-11.910807525284472,,1.1599569657462436,0.9798467223562658,0.021031407220852054,0,True,,,,False,False,0.0,-14.141237407906022,-14.146989081008071,30,120,fixed,sub-087,think1,thinking,1,True,isha,sny,thinking,4.0,33.0,m,-12.603058418402687,0.5300685034206207,15,285,0.03389830508474578,Fp1,1,parieto_occipital,clean-average,primary,1.254189193728736,-26.64064758690633,0.9820766686574457,0.007080732114813698,-13.98370331386316
-11.923032060567808,,1.1394996823099757,0.9801058031781108,0.02058446212939124,0,True,,,,False,False,0.0,-14.114125538787356,-14.117516342268816,30,120,fixed,sub-087,think1,thinking,1,True,isha,sny,thinking,4.0,33.0,m,-12.603058418402687,0.5300685034206207,15,285,0.03389830508474578,Fp1,1,frontal,clean-average,primary,,,,,
-11.967543966430759,,1.2066873190352616,0.9821468121512696,0.01963432944479326,0,True,,,,False,False,0.0,-14.287829576013898,-14.29366868923253,30,120,fixed,sub-087,think1,thinking,1,True,isha,sny,thinking,4.0,33.0,m,-12.603058418402687,0.5300685034206207,15,285,0.03389830508474578,Fp1,1,central,clean-average,primary,,,,,
-12.190464165396701,,0.9304132762765582,0.9663454486852786,0.02192269915098085,0,True,,,,False,False,0.0,-13.979514652506788,-13.980245304794554,30,120,fixed,sub-087,think1,thinking,1,True,isha,sny,thinking,4.0,33.0,m,-12.603058418402687,0.5300685034206207,15,285,0.03389830508474578,Fp1,1,temporal,clean-average,primary,,,,,
-12.518168673764894,,0.5873317744119185,0.9669120105447747,0.0146639479286921,0,True,,,,False,False,0.0,-13.647522933747036,-13.64069985221639,30,120,fixed,sub-087,med2,meditation,2,True,isha,sny,thinking,4.0,33.0,m,-12.169499217871147,0.6954303152256607,15,284,0.037288135593220306,Fp1,1,parieto_occipital,clean-average,primary,0.7102428255957627,-27.949258234989315,0.9566646362296403,0.02855121449032952,-13.497281138297316
-12.32016473544423,,0.7669110052494248,0.969796196607229,0.017769868195918095,0,True,,,,False,False,0.0,-13.79482394602899,-13.788488009227825,30,120,fixed,sub-087,med2,meditation,2,True,isha,sny,thinking,4.0,33.0,m,-12.169499217871147,0.6954303152256607,15,284,0.037288135593220306,Fp1,1,frontal,clean-average,primary,,,,,
-12.56078535889982,,0.7853771485844424,0.9800971657056134,0.014372600599473621,0,True,,,,False,False,0.0,-14.070952298760295,-14.067932778664888,30,120,fixed,sub-087,med2,meditation,2,True,isha,sny,thinking,4.0,33.0,m,-12.169499217871147,0.6954303152256607,15,284,0.037288135593220306,Fp1,1,central,clean-average,primary,,,,,
-12.722878466380637,,0.21114682605160837,0.7511377933650085,0.02158571886389238,2,False,68.49999999999987,0.06155732726866603,29.99999999994277,False,True,0.03288385392736285,-13.128883347900723,-13.086802727404736,30,120,fixed,sub-087,med2,meditation,2,True,isha,sny,thinking,4.0,33.0,m,-12.169499217871147,0.6954303152256607,15,284,0.037288135593220306,Fp1,1,temporal,clean-average,primary,,,,,
-11.904922461695602,,1.130855995653741,0.9924566979498328,0.013102986060128632,0,True,,,,False,False,0.0,-14.079395377615514,-14.077482134377346,30,120,fixed,sub-087,think2,thinking,2,True,isha,sny,thinking,4.0,33.0,m,-12.457480010386604,0.5514860302391262,12,289,0.02033898305084747,Fp1,1,parieto_occipital,clean-average,primary,1.2560156857835443,-26.514129640746138,0.9892542093997623,0.018445715930213914,-13.927028717659098
-11.758462897456326,,1.1882569781936712,0.9894775113694881,0.016439226296395756,0,True,,,,False,False,0.0,-14.043309620792906,-14.035810127695381,30,120,fixed,sub-087,think2,thinking,2,True,isha,sny,thinking,4.0,33.0,m,-12.457480010386604,0.5514860302391262,12,289,0.02033898305084747,Fp1,1,frontal,clean-average,primary,,,,,
-11.896188815897313,,1.2860349177008985,0.9891267473206722,0.01684056503780189,0,True,,,,False,False,0.0,-14.369048409174958,-14.373505957642251,30,120,fixed,sub-087,think2,thinking,2,True,isha,sny,thinking,4.0,33.0,m,-12.457480010386604,0.5514860302391262,12,289,0.02033898305084747,Fp1,1,central,clean-average,primary,,,,,
-12.315047358301626,,0.7954292546717988,0.9601582697502267,0.022248046832805828,0,True,,,,False,False,0.0,-13.844543047816272,-13.833162884717426,30,120,fixed,sub-087,think2,thinking,2,True,isha,sny,thinking,4.0,33.0,m,-12.457480010386604,0.5514860302391262,12,289,0.02033898305084747,Fp1,1,temporal,clean-average,primary,,,,,
-11.436872823503126,,1.0810143229692528,0.986434881978337,0.01767141840894142,2,True,66.75527426494344,0.10013024975535956,2.0000000000000666,False,True,0.03930679306266174,-13.51550739417563,-13.475595212070825,30,120,fixed,sub-088,med1breath,meditation,1,True,isha,sny,meditation,2.5,25.0,m,-12.819332583582076,0.0483127803681056,8,192,0.3491525423728814,Fp1;P2;PO3,3,parieto_occipital,clean-average,primary,1.1329602363585796,-25.67876777254355,0.964798234644056,0.03224575536683387,-13.32007440790867
-11.598473316536511,,1.0459543600559855,0.9798105556842489,0.02072695411120005,3,True,62.23052076744171,0.11234439554396936,2.000000000000705,False,True,0.039793043816380096,-13.60969263709666,-13.568374504935534,30,120,fixed,sub-088,med1breath,meditation,1,True,isha,sny,meditation,2.5,25.0,m,-12.819332583582076,0.0483127803681056,8,192,0.3491525423728814,Fp1;P2;PO3,3,frontal,clean-average,primary,,,,,
-11.5554368858772,,1.3221994035955493,0.992240882711653,0.015551240746222016,3,True,63.178057100486974,0.06469400853285734,19.55692752454579,True,False,0.03801323417858785,-14.097835567596098,-14.0580133588673,30,120,fixed,sub-088,med1breath,meditation,1,True,isha,sny,meditation,2.5,25.0,m,-12.819332583582076,0.0483127803681056,8,192,0.3491525423728814,Fp1;P2;PO3,3,central,clean-average,primary,,,,,
-12.29688958078889,,0.517302707745052,0.9211556162652181,0.019096053863235946,0,True,,,,False,False,0.0,-13.291588049600891,-13.289131619927822,30,120,fixed,sub-088,med1breath,meditation,1,True,isha,sny,meditation,2.5,25.0,m,-12.819332583582076,0.0483127803681056,8,192,0.3491525423728814,Fp1;P2;PO3,3,temporal,clean-average,primary,,,,,
-10.587500146496646,,1.8215236982002072,0.9857499276429004,0.025141427517241143,0,True,,,,False,False,0.0,-14.090027402544736,-14.101436921947638,30,120,fixed,sub-088,think1,thinking,1,True,isha,sny,meditation,2.5,25.0,m,-13.425018335460445,0.05194263097418628,3,333,0.029154518950437303,Fp1;P2;PO3,3,parieto_occipital,clean-average,primary,1.8069173574864525,-24.03723492987573,0.9856488034098797,-0.012275711087148552,-13.92237588089023
-11.095942013480236,,1.6340749706881972,0.9743633039254322,0.028170634588689507,0,True,,,,False,False,0.0,-14.238032412258196,-14.247386828901307,30,120,fixed,sub-088,think1,thinking,1,True,isha,sny,meditation,2.5,25.0,m,-13.425018335460445,0.05194263097418628,3,333,0.029154518950437303,Fp1;P2;PO3,3,frontal,clean-average,primary,,,,,
-10.913977022970311,,1.8537019885776884,0.98144305326738,0.028381269874893335,0,True,,,,False,False,0.0,-14.478378488621887,-14.487737873248602,30,120,fixed,sub-088,think1,thinking,1,True,isha,sny,meditation,2.5,25.0,m,-13.425018335460445,0.05194263097418628,3,333,0.029154518950437303,Fp1;P2;PO3,3,central,clean-average,primary,,,,,
-11.482248193104297,,1.39655080970954,0.9735555434218428,0.025134436303313544,0,True,,,,False,False,0.0,-14.167613901108425,-14.17409120297869,30,120,fixed,sub-088,think1,thinking,1,True,isha,sny,meditation,2.5,25.0,m,-13.425018335460445,0.05194263097418628,3,333,0.029154518950437303,Fp1;P2;PO3,3,temporal,clean-average,primary,,,,,
-10.864069981475485,,1.5740585697734284,0.9908687499555032,0.020708753154482812,0,True,,,,False,False,0.0,-13.890757500663357,-13.886158077169405,30,120,fixed,sub-088,med2,meditation,2,True,isha,sny,meditation,2.5,25.0,m,-13.112434070695512,0.040301229033532726,6,191,0.35906040268456374,Fp1;PO3,2,parieto_occipital,clean-average,primary,1.588471142354703,-24.54751719198138,0.9931245505519912,0.004908316214725572,-13.711996092957172
-11.274325134501773,,1.4200483887271849,0.9916368485617097,0.01686692855488259,6,True,63.33241745086579,0.08963400798393018,2.0000000000000004,False,True,0.04051135438372219,-14.004873296646773,-13.963208265820475,30,120,fixed,sub-088,med2,meditation,2,True,isha,sny,meditation,2.5,25.0,m,-13.112434070695512,0.040301229033532726,6,191,0.35906040268456374,Fp1;PO3,2,frontal,clean-average,primary,,,,,
-11.382453178838713,,1.5719690998083191,0.9954041018645876,0.014861197455873753,3,True,62.655746348387304,0.07656246916924303,18.372949223100793,True,False,0.022176611043875492,-14.40512294875946,-14.383909341567277,30,120,fixed,sub-088,med2,meditation,2,True,isha,sny,meditation,2.5,25.0,m,-13.112434070695512,0.040301229033532726,6,191,0.35906040268456374,Fp1;PO3,2,central,clean-average,primary,,,,,
-11.901016593704167,,1.0848825039735075,0.9853743885482927,0.01673212605527165,0,True,,,,False,False,0.0,-13.987089118333634,-13.98680223256505,30,120,fixed,sub-088,med2,meditation,2,True,isha,sny,meditation,2.5,25.0,m,-13.112434070695512,0.040301229033532726,6,191,0.35906040268456374,Fp1;PO3,2,temporal,clean-average,primary,,,,,
-11.44636062983353,,1.2637164821365279,0.9660043554956951,0.02482946837260053,1,True,,,,False,False,0.024990151119743724,-13.876305091700145,-13.853709362909598,30,120,fixed,sub-088,think2,thinking,2,True,isha,sny,meditation,2.5,25.0,m,-12.886798696855735,0.17432733274883327,9,249,0.1559322033898305,Fp1;P2;PO3,3,parieto_occipital,clean-average,primary,1.158839654545411,-26.35249056543027,0.9587632725364177,-0.008525925144766777,-13.681025798221974
-12.244746116302853,,0.8409070773272596,0.9000254488408271,0.028135552752569227,1,True,,,,False,False,0.016643439454132995,-13.861689097090105,-13.844281193259112,30,120,fixed,sub-088,think2,thinking,2,True,isha,sny,meditation,2.5,25.0,m,-12.886798696855735,0.17432733274883327,9,249,0.1559322033898305,Fp1;P2;PO3,3,frontal,clean-average,primary,,,,,
-11.7783134953286,,1.258601608768933,0.9719288770566655,0.023276259608555432,0,True,,,,False,False,0.0,-14.198422793700537,-14.199899249736907,30,120,fixed,sub-088,think2,thinking,2,True,isha,sny,meditation,2.5,25.0,m,-12.886798696855735,0.17432733274883327,9,249,0.1559322033898305,Fp1;P2;PO3,3,central,clean-average,primary,,,,,
-12.8147413990885,,0.3866158106432921,0.8313585548797207,0.02101288628760437,0,False,,,,False,False,0.0,-13.558147820720697,-13.559912710691389,30,120,fixed,sub-088,think2,thinking,2,True,isha,sny,meditation,2.5,25.0,m,-12.886798696855735,0.17432733274883327,9,249,0.1559322033898305,Fp1;P2;PO3,3,temporal,clean-average,primary,,,,,
-11.435445646952083,,1.177385240169192,0.9808808327343952,0.021891427173041413,0,True,,,,False,False,0.0,-13.699387586678666,-13.68492477260263,30,120,fixed,sub-089,med1breath,meditation,1,True,isha,sny,meditation,5.0,40.0,m,-13.35314428676054,0.021144642871766095,5,288,0.023728813559321993,Fp1,1,parieto_occipital,clean-average,primary,1.3224566658742476,-25.363376562778292,0.9735380576506533,0.04612685175606384,-13.54799406473779
-11.244388445707648,,1.4377682087325478,0.9826752330104467,0.023880590357786675,0,True,,,,False,False,0.0,-14.009009265047485,-14.002038661320823,30,120,fixed,sub-089,med1breath,meditation,1,True,isha,sny,meditation,5.0,40.0,m,-13.35314428676054,0.021144642871766095,5,288,0.023728813559321993,Fp1,1,frontal,clean-average,primary,,,,,
-10.7755712745762,,1.8460836855425207,0.9683214206785548,0.04353410182197562,0,True,,,,False,False,0.0,-14.325323842685638,-14.334337363390391,30,120,fixed,sub-089,med1breath,meditation,1,True,isha,sny,meditation,5.0,40.0,m,-13.35314428676054,0.021144642871766095,5,288,0.023728813559321993,Fp1,1,central,clean-average,primary,,,,,
-11.930727010552468,,0.8761142019614684,0.9622969495267973,0.023716959539477854,0,True,,,,False,False,0.0,-13.615368212208457,-13.600899802376327,30,120,fixed,sub-089,med1breath,meditation,1,True,isha,sny,meditation,5.0,40.0,m,-13.35314428676054,0.021144642871766095,5,288,0.023728813559321993,Fp1,1,temporal,clean-average,primary,,,,,
-11.770507813053221,,0.7676428967846968,0.9761020937699068,0.01541772235333534,4,True,73.75496765632637,0.1000328667305439,3.804352401068693,True,False,0.05596465573260979,-13.246574345460527,-13.185557431337395,30,120,fixed,sub-089,think1,thinking,1,True,isha,sny,meditation,5.0,40.0,m,-13.488226538569771,0.15859521459168335,3,289,0.02033898305084747,C2;Fp1;PO3,3,parieto_occipital,clean-average,primary,0.8939801360384356,-26.15999630643207,0.8672682089906194,0.08466048778722512,-13.05898584681364
-12.072386784153865,,0.9373235222009423,0.9613910806138478,0.025905818487872406,0,True,,,,False,False,0.0,-13.87472467714292,-13.862858352554198,30,120,fixed,sub-089,think1,thinking,1,True,isha,sny,meditation,5.0,40.0,m,-13.488226538569771,0.15859521459168335,3,289,0.02033898305084747,C2;Fp1;PO3,3,frontal,clean-average,primary,,,,,
-11.761703995994349,,1.2173539220172866,0.9610269929121554,0.029256886276447996,0,True,,,,False,False,0.0,-14.102499944098419,-14.101025250845845,30,120,fixed,sub-089,think1,thinking,1,True,isha,sny,meditation,5.0,40.0,m,-13.488226538569771,0.15859521459168335,3,289,0.02033898305084747,C2;Fp1;PO3,3,central,clean-average,primary,,,,,
-11.739153901710205,,0.9602361357726982,0.9651058011417226,0.025236650185338716,0,True,,,,False,False,0.0,-13.585549444688484,-13.57101739971637,30,120,fixed,sub-089,think1,thinking,1,True,isha,sny,meditation,5.0,40.0,m,-13.488226538569771,0.15859521459168335,3,289,0.02033898305084747,C2;Fp1;PO3,3,temporal,clean-average,primary,,,,,
-11.668394651291107,,1.0020973822974513,0.9715532070398202,0.023079650502312275,0,True,,,,False,False,0.0,-13.595283331454462,-13.57984163097578,30,120,fixed,sub-089,med2,meditation,2,True,isha,sny,meditation,5.0,40.0,m,-13.786735609525119,0.0,5,291,0.023489932885906062,Fp1,1,parieto_occipital,clean-average,primary,1.1569550011564602,-25.857348243822344,0.9627166012504376,0.047288188656371626,-13.444015441070134
-11.497121931330305,,1.3057753713760265,0.9684781841285363,0.02821782124833685,0,True,,,,False,False,0.0,-14.007939568805897,-14.002331303234262,30,120,fixed,sub-089,med2,meditation,2,True,isha,sny,meditation,5.0,40.0,m,-13.786735609525119,0.0,5,291,0.023489932885906062,Fp1,1,frontal,clean-average,primary,,,,,
-10.938324659255485,,1.7645740008892026,0.9618039897307281,0.04540126708058421,0,True,,,,False,False,0.0,-14.331345864269174,-14.339478269061953,30,120,fixed,sub-089,med2,meditation,2,True,isha,sny,meditation,5.0,40.0,m,-13.786735609525119,0.0,5,291,0.023489932885906062,Fp1,1,central,clean-average,primary,,,,,
-11.96185227525743,,1.0070186649357016,0.9775932208256823,0.018961649790794295,0,True,,,,False,False,0.0,-13.898203871874857,-13.892306862325261,30,120,fixed,sub-089,med2,meditation,2,True,isha,sny,meditation,5.0,40.0,m,-13.786735609525119,0.0,5,291,0.023489932885906062,Fp1,1,temporal,clean-average,primary,,,,,
-12.14892524014274,,0.6423642849611488,0.9513767226096763,0.019918320786065837,0,True,,,,False,False,0.0,-13.384099077634575,-13.372753878502229,30,120,fixed,sub-089,think2,thinking,2,True,isha,sny,meditation,5.0,40.0,m,-13.238843743758439,0.22407494598263922,3,283,0.04067796610169494,Fp1,1,parieto_occipital,clean-average,primary,0.7793506199984598,-27.038430789962923,0.8978399171182794,0.03861830075442496,-13.231398469464231
-12.276376986234922,,0.8090510279639549,0.9389269758416205,0.025204748139340833,0,True,,,,False,False,0.0,-13.832065380394933,-13.826765728206047,30,120,fixed,sub-089,think2,thinking,2,True,isha,sny,meditation,5.0,40.0,m,-13.238843743758439,0.22407494598263922,3,283,0.04067796610169494,Fp1,1,frontal,clean-average,primary,,,,,
-11.897048695336833,,1.131613649981248,0.9267963047047112,0.037281412444758896,0,True,,,,False,False,0.0,-14.072978471211616,-14.074088321874774,30,120,fixed,sub-089,think2,thinking,2,True,isha,sny,meditation,5.0,40.0,m,-13.238843743758439,0.22407494598263922,3,283,0.04067796610169494,Fp1,1,central,clean-average,primary,,,,,
-12.100562804819665,,0.812338973152664,0.9720196354036893,0.018325296627803824,0,True,,,,False,False,0.0,-13.662573443181724,-13.65490418623521,30,120,fixed,sub-089,think2,thinking,2,True,isha,sny,meditation,5.0,40.0,m,-13.238843743758439,0.22407494598263922,3,283,0.04067796610169494,Fp1,1,temporal,clean-average,primary,,,,,
-11.68316309468715,,0.8900302383444287,0.9732082286055491,0.02097531208205421,0,True,,,,False,False,0.0,-13.394562826454848,-13.38571650570684,30,120,fixed,sub-090,med1breath,meditation,1,True,isha,sny,thinking,8.0,43.0,m,-12.242116061987806,0.2449303725311207,12,217,0.26936026936026936,Fp1,1,parieto_occipital,clean-average,primary,1.0365514514584346,-25.914750532916276,0.9247152241006663,0.06278344506742221,-13.240067579740513
-11.863954343292022,,0.9487011640254585,0.9820083707756259,0.01730276132383682,0,True,,,,False,False,0.0,-13.688169799905038,-13.685735761405308,30,120,fixed,sub-090,med1breath,meditation,1,True,isha,sny,thinking,8.0,43.0,m,-12.242116061987806,0.2449303725311207,12,217,0.26936026936026936,Fp1,1,frontal,clean-average,primary,,,,,
-12.201792690975978,,0.9567414365367869,0.9530019592180489,0.027549285082990673,0,True,,,,False,False,0.0,-14.041468431550603,-14.047444646059438,30,120,fixed,sub-090,med1breath,meditation,1,True,isha,sny,thinking,8.0,43.0,m,-12.242116061987806,0.2449303725311207,12,217,0.26936026936026936,Fp1,1,central,clean-average,primary,,,,,
-13.245151465871249,,0.05380597458268666,0.7389717297851922,0.01574599526860789,1,False,,,,False,False,2.3345205144115468e-07,-13.34861259168603,-13.350660761992247,30,120,fixed,sub-090,med1breath,meditation,1,True,isha,sny,thinking,8.0,43.0,m,-12.242116061987806,0.2449303725311207,12,217,0.26936026936026936,Fp1,1,temporal,clean-average,primary,,,,,
-11.55950427894455,,0.9955200867628318,0.9803754030962866,0.019824058484283973,0,True,,,,False,False,0.0,-13.473745768789243,-13.465223520489637,30,120,fixed,sub-090,think1,thinking,1,True,isha,sny,thinking,8.0,43.0,m,-12.025259090103582,0.3984401334335764,10,257,0.12881355932203387,Fp1,1,parieto_occipital,clean-average,primary,1.1050089075361522,-25.791972553711155,0.9626813871910922,0.05356261691275716,-13.318572404378779
-11.74591966553579,,1.057392041073284,0.9697463937177339,0.0254112865564943,0,True,,,,False,False,0.0,-13.779131996424955,-13.772673936574096,30,120,fixed,sub-090,think1,thinking,1,True,isha,sny,thinking,8.0,43.0,m,-12.025259090103582,0.3984401334335764,10,257,0.12881355932203387,Fp1,1,frontal,clean-average,primary,,,,,
-11.643788614799627,,1.3151085198333834,0.9622255251857312,0.03378801274784093,0,True,,,,False,False,0.0,-14.172552550140534,-14.176923909369684,30,120,fixed,sub-090,think1,thinking,1,True,isha,sny,thinking,8.0,43.0,m,-12.025259090103582,0.3984401334335764,10,257,0.12881355932203387,Fp1,1,central,clean-average,primary,,,,,
-12.663250278218356,,0.4191237472890269,0.849621490635196,0.022962153403050536,0,False,,,,False,False,0.0,-13.46916477166541,-13.467222411667217,30,120,fixed,sub-090,think1,thinking,1,True,isha,sny,thinking,8.0,43.0,m,-12.025259090103582,0.3984401334335764,10,257,0.12881355932203387,Fp1,1,temporal,clean-average,primary,,,,,
-11.317058782006683,,1.1357040175471649,0.9794110058375602,0.0228926603975563,1,True,,,,False,False,3.8932596862462043e-19,-13.500853744538677,-13.487508381212837,30,120,fixed,sub-090,med2,meditation,2,True,isha,sny,thinking,8.0,43.0,m,-12.41397610706975,0.1638142642521616,6,239,0.18983050847457628,Fp1;POz,2,parieto_occipital,clean-average,primary,1.251152892425591,-25.213603341359764,0.9696640848708125,0.06765224695034222,-13.34555758351454
-11.582606479419944,,1.1472273975869134,0.972755704656242,0.02566052795091119,0,True,,,,False,False,0.0,-13.788559239136186,-13.785151541123724,30,120,fixed,sub-090,med2,meditation,2,True,isha,sny,thinking,8.0,43.0,m,-12.41397610706975,0.1638142642521616,6,239,0.18983050847457628,Fp1;POz,2,frontal,clean-average,primary,,,,,
-11.666265660168285,,1.28978387620326,0.9653476442754277,0.03061717303452985,0,True,,,,False,False,0.0,-14.14633395973358,-14.151363598565963,30,120,fixed,sub-090,med2,meditation,2,True,isha,sny,thinking,8.0,43.0,m,-12.41397610706975,0.1638142642521616,6,239,0.18983050847457628,Fp1;POz,2,central,clean-average,primary,,,,,
-12.446031395355343,,0.6061450168930081,0.9265833364957,0.022124434082173784,0,True,,,,False,False,0.0,-13.61156080619046,-13.611475455004824,30,120,fixed,sub-090,med2,meditation,2,True,isha,sny,thinking,8.0,43.0,m,-12.41397610706975,0.1638142642521616,6,239,0.18983050847457628,Fp1;POz,2,temporal,clean-average,primary,,,,,
-11.04561769909171,,1.346484506738197,0.9878366799057173,0.019859639122167677,0,True,,,,False,False,0.0,-13.63471313021722,-13.624464534936912,30,120,fixed,sub-090,think2,thinking,2,True,isha,sny,thinking,8.0,43.0,m,-12.137243099698688,0.4431164988948155,17,253,0.14237288135593218,Fp1,1,parieto_occipital,clean-average,primary,1.415882241833535,-24.77191079967911,0.9826799829311085,0.05512335085619437,-13.474144203894097
-11.33319713435932,,1.3694678423829663,0.9761491454441554,0.027192972621249954,0,True,,,,False,False,0.0,-13.966486203816435,-13.961594279585853,30,120,fixed,sub-090,think2,thinking,2,True,isha,sny,thinking,8.0,43.0,m,-12.137243099698688,0.4431164988948155,17,253,0.14237288135593218,Fp1,1,frontal,clean-average,primary,,,,,
-11.103202490103861,,1.6749071859118554,0.9812238412643809,0.027770030633218843,1,True,108.98020699078288,0.05978670661421681,29.99999999968869,False,True,0.023735559305743514,-14.323807347347005,-14.302879769154075,30,120,fixed,sub-090,think2,thinking,2,True,isha,sny,thinking,8.0,43.0,m,-12.137243099698688,0.4431164988948155,17,253,0.14237288135593218,Fp1,1,central,clean-average,primary,,,,,
-11.94675971296648,,1.0083433495132126,0.9580627236720449,0.026604864876405416,0,True,,,,False,False,0.0,-13.885658486896496,-13.88620369904081,30,120,fixed,sub-090,think2,thinking,2,True,isha,sny,thinking,8.0,43.0,m,-12.137243099698688,0.4431164988948155,17,253,0.14237288135593218,Fp1,1,temporal,clean-average,primary,,,,,
-12.221725764845283,,0.6388229810425762,0.9186356126075222,0.024999695420252196,2,True,89.92697948313914,0.04932089261479433,29.99999999999915,False,True,0.0329613300778742,-13.45009018585299,-13.41824655848224,30,120,fixed,sub-091,med1breath,meditation,1,True,isha,sny,meditation,5.5,33.0,m,-12.505626778095428,0.15681382516140874,4,82,0.7220338983050847,Fp1,1,parieto_occipital,clean-average,primary,0.8089085341934472,-27.012112799281596,0.8812779456340841,0.05529513130862001,-13.27910110791861
-12.888748019930762,,0.30728792884764405,0.8930427372353202,0.023125030401077152,1,False,,,,False,False,4.1968103284919944e-07,-13.47961837056462,-13.48211894125809,30,120,fixed,sub-091,med1breath,meditation,1,True,isha,sny,meditation,5.5,33.0,m,-12.505626778095428,0.15681382516140874,4,82,0.7220338983050847,Fp1,1,frontal,clean-average,primary,,,,,
-12.246864845043406,,0.8095195028774222,0.8673466883360192,0.03438572291346557,4,False,109.60258689333882,0.07744349259629146,7.2425666520819405,True,False,0.025721703471034935,-13.803454048868867,-13.781872959314066,30,120,fixed,sub-091,med1breath,meditation,1,True,isha,sny,meditation,5.5,33.0,m,-12.505626778095428,0.15681382516140874,4,82,0.7220338983050847,Fp1,1,central,clean-average,primary,,,,,
-13.277134206809995,,0.005651586606719147,0.2628645181773694,0.026780567030641616,1,False,,,,False,False,0.0011106643386866787,-13.288001392424711,-13.28534042120097,30,120,fixed,sub-091,med1breath,meditation,1,True,isha,sny,meditation,5.5,33.0,m,-12.505626778095428,0.15681382516140874,4,82,0.7220338983050847,Fp1,1,temporal,clean-average,primary,,,,,
-11.959385796311786,,0.7715696434251695,0.9753816342772917,0.01571366659263928,0,True,,,,False,False,0.0,-13.443002895944455,-13.440663782163654,30,120,fixed,sub-091,think1,thinking,1,True,isha,sny,meditation,5.5,33.0,m,-12.276299375815455,0.25199050386784105,8,277,0.06101694915254241,Fp1;P1,2,parieto_occipital,clean-average,primary,0.8973488470931908,-26.640378534471488,0.9311860568834218,0.05050519156429882,-13.29101221920561
-12.489952310618934,,0.5136513308586793,0.9202218012659822,0.017943853854950093,0,True,,,,False,False,0.0,-13.477629708511428,-13.476974619027454,30,120,fixed,sub-091,think1,thinking,1,True,isha,sny,meditation,5.5,33.0,m,-12.276299375815455,0.25199050386784105,8,277,0.06101694915254241,Fp1;P1,2,frontal,clean-average,primary,,,,,
-12.261430370338713,,0.8648908965707853,0.8668521907781835,0.04211628171627959,0,False,,,,False,False,0.0,-13.924490775064827,-13.932499696682715,30,120,fixed,sub-091,think1,thinking,1,True,isha,sny,meditation,5.5,33.0,m,-12.276299375815455,0.25199050386784105,8,277,0.06101694915254241,Fp1;P1,2,central,clean-average,primary,,,,,
-12.863162143734783,,0.14974195312680075,0.5184470595927354,0.017630725842943767,0,False,,,,False,False,0.0,-13.151094314322908,-13.152467983816495,30,120,fixed,sub-091,think1,thinking,1,True,isha,sny,meditation,5.5,33.0,m,-12.276299375815455,0.25199050386784105,8,277,0.06101694915254241,Fp1;P1,2,temporal,clean-average,primary,,,,,
-10.633550249175293,,1.7677377485638757,0.9960153547445986,0.015378268505508396,0,True,,,,False,False,0.0,-14.03265488449118,-14.034090871466374,30,120,fixed,sub-091,med2,meditation,2,True,isha,sny,meditation,5.5,33.0,m,-13.05153867366442,0.050991759362240985,2,227,0.24584717607973416,Fp1,1,parieto_occipital,clean-average,primary,1.817897495205872,-23.876805373000035,0.988840553201673,0.029084118907910614,-13.86734160347419
-10.930662913672231,,1.6357574488070923,0.9848382236960763,0.02651430519521706,0,True,,,,False,False,0.0,-14.0759884751192,-14.081063418791736,30,120,fixed,sub-091,med2,meditation,2,True,isha,sny,meditation,5.5,33.0,m,-13.05153867366442,0.050991759362240985,2,227,0.24584717607973416,Fp1,1,frontal,clean-average,primary,,,,,
-10.78688811737495,,1.8790714236077148,0.9676125681874794,0.04529641963435969,0,True,,,,False,False,0.0,-14.4000713462015,-14.418782219400148,30,120,fixed,sub-091,med2,meditation,2,True,isha,sny,meditation,5.5,33.0,m,-13.05153867366442,0.050991759362240985,2,227,0.24584717607973416,Fp1,1,central,clean-average,primary,,,,,
-11.593197556554161,,1.2640235870039445,0.9746602742932761,0.026312501883908886,0,True,,,,False,False,0.0,-14.023732536770696,-14.026844055610658,30,120,fixed,sub-091,med2,meditation,2,True,isha,sny,meditation,5.5,33.0,m,-13.05153867366442,0.050991759362240985,2,227,0.24584717607973416,Fp1,1,temporal,clean-average,primary,,,,,
-12.08486071030484,,0.7353298453654492,0.9504657161899253,0.02037966306700278,2,True,91.01989175715583,0.0750604005414548,2.0000000000265805,False,True,0.03715322006996639,-13.49879390706912,-13.4619170015742,30,120,fixed,sub-091,think2,thinking,2,True,isha,sny,meditation,5.5,33.0,m,-12.200669722775343,0.4162576746197546,9,111,0.623728813559322,Fp1;P1,2,parieto_occipital,clean-average,primary,0.8270115933994038,-27.003222183256174,0.8873365361364034,0.05395778453155139,-13.311121042694303
-12.465676147849447,,0.540946171591073,0.8560397939961589,0.025886806228492272,1,False,80.99999999999999,0.06053281957287204,29.999998420608897,False,True,0.04038824407900066,-13.505837586278531,-13.465207451085789,30,120,fixed,sub-091,think2,thinking,2,True,isha,sny,meditation,5.5,33.0,m,-12.200669722775343,0.4162576746197546,9,111,0.623728813559322,Fp1;P1,2,frontal,clean-average,primary,,,,,
-12.089443846364025,,0.9763219595754502,0.8782400131721866,0.03706672042773619,3,False,107.57352353394961,0.09401847613766456,2.0000002309820486,False,True,0.0381586050541504,-13.96677010759801,-13.931676734013168,30,120,fixed,sub-091,think2,thinking,2,True,isha,sny,meditation,5.5,33.0,m,-12.200669722775343,0.4162576746197546,9,111,0.623728813559322,Fp1;P1,2,central,clean-average,primary,,,,,
-12.855998882281959,,0.1870270279989848,0.3044961055201212,0.025332919806118945,1,False,103.50000000000013,0.03633298764738768,29.999999993758006,False,True,0.018175454623248394,-13.21562487223277,-13.193611949687199,30,120,fixed,sub-091,think2,thinking,2,True,isha,sny,meditation,5.5,33.0,m,-12.200669722775343,0.4162576746197546,9,111,0.623728813559322,Fp1;P1,2,temporal,clean-average,primary,,,,,
-11.610521956743483,,1.1217510530053543,0.9749915076596835,0.02543225765196189,0,True,,,,False,False,0.0,-13.767487381642423,-13.751336970944092,30,120,fixed,sub-092,med1breath,meditation,1,True,isha,sny,thinking,18.0,50.0,m,-13.140033090718086,0.022037654833358178,3,267,0.09491525423728808,Fp1,1,parieto_occipital,clean-average,primary,1.279565789247666,-25.700630290576406,0.970133669797366,0.04267019506840824,-13.613481559534307
-11.68630781860886,,1.2123952525279664,0.9801487345699855,0.021160008082802953,2,True,75.76748965274196,0.07355616212271698,2.000000002886442,False,True,0.043998488568346435,-14.017568960738549,-13.968905973795513,30,120,fixed,sub-092,med1breath,meditation,1,True,isha,sny,thinking,18.0,50.0,m,-13.140033090718086,0.022037654833358178,3,267,0.09491525423728808,Fp1,1,frontal,clean-average,primary,,,,,
-11.3666089309709,,1.5859836536788159,0.982776076724224,0.026418400391266052,0,True,,,,False,False,0.0,-14.416226665917454,-14.419449036697257,30,120,fixed,sub-092,med1breath,meditation,1,True,isha,sny,thinking,18.0,50.0,m,-13.140033090718086,0.022037654833358178,3,267,0.09491525423728808,Fp1,1,central,clean-average,primary,,,,,
-11.896626148639182,,1.0053864669384571,0.9761791409667407,0.021848899969620583,1,True,,,,False,False,1.0387207139595263e-30,-13.82983926400695,-13.81579206313499,30,120,fixed,sub-092,med1breath,meditation,1,True,isha,sny,thinking,18.0,50.0,m,-13.140033090718086,0.022037654833358178,3,267,0.09491525423728808,Fp1,1,temporal,clean-average,primary,,,,,
-11.434369494102038,,1.2133714310212758,0.9854888965936194,0.019780465779910505,0,True,,,,False,False,0.0,-13.767507686628027,-13.758762276663887,30,120,fixed,sub-092,think1,thinking,1,True,isha,sny,thinking,18.0,50.0,m,-13.84015751079339,0.0,4,276,0.06440677966101693,Fp1,1,parieto_occipital,clean-average,primary,1.3624389614115797,-25.334226781964656,0.9766263075326398,0.045531392573686026,-13.615844804377115
-11.383823439645075,,1.337160952658284,0.9871513552377679,0.02056832867252951,0,True,,,,False,False,0.0,-13.954991021508786,-13.945367620935844,30,120,fixed,sub-092,think1,thinking,1,True,isha,sny,thinking,18.0,50.0,m,-13.84015751079339,0.0,4,276,0.06440677966101693,Fp1,1,frontal,clean-average,primary,,,,,
-11.272787384736187,,1.6102778606245747,0.9785325458850904,0.03145293630522325,0,True,,,,False,False,0.0,-14.36911937438921,-14.37480835824591,30,120,fixed,sub-092,think1,thinking,1,True,isha,sny,thinking,18.0,50.0,m,-13.84015751079339,0.0,4,276,0.06440677966101693,Fp1,1,central,clean-average,primary,,,,,
-11.621636282440125,,1.2347280472683364,0.9814065247640809,0.02188912849575933,0,True,,,,False,False,0.0,-13.995840166604498,-13.990405071693969,30,120,fixed,sub-092,think1,thinking,1,True,isha,sny,thinking,18.0,50.0,m,-13.84015751079339,0.0,4,276,0.06440677966101693,Fp1,1,temporal,clean-average,primary,,,,,
-11.607195522908231,,1.266094592123942,0.9760155217539396,0.02470564372707436,0,True,,,,False,False,0.0,-14.041712747158906,-14.044240456943774,30,120,fixed,sub-092,med2,meditation,2,True,isha,sny,thinking,18.0,50.0,m,-12.51411135749136,0.05402970877445901,6,286,0.03050847457627115,Fp1,1,parieto_occipital,clean-average,primary,1.3774732867657153,-25.85056711930006,0.9642978471737669,0.00594665582919579,-13.880876975001549
-11.85329014476264,,1.1185647653663684,0.9854720926104273,0.0177764453772254,0,True,,,,False,False,0.0,-14.004128798260153,-13.99802706046384,30,120,fixed,sub-092,med2,meditation,2,True,isha,sny,thinking,18.0,50.0,m,-12.51411135749136,0.05402970877445901,6,286,0.03050847457627115,Fp1,1,frontal,clean-average,primary,,,,,
-11.422198681436775,,1.5436406175655029,0.9874444622521642,0.022391966165664825,0,True,,,,False,False,0.0,-14.390396867333681,-14.393647544638593,30,120,fixed,sub-092,med2,meditation,2,True,isha,sny,thinking,18.0,50.0,m,-12.51411135749136,0.05402970877445901,6,286,0.03050847457627115,Fp1,1,central,clean-average,primary,,,,,
-12.38336756374646,,0.6925908723143726,0.9465859152622261,0.020655926207415274,0,True,,,,False,False,0.0,-13.715119881856893,-13.711257582744995,30,120,fixed,sub-092,med2,meditation,2,True,isha,sny,thinking,18.0,50.0,m,-12.51411135749136,0.05402970877445901,6,286,0.03050847457627115,Fp1,1,temporal,clean-average,primary,,,,,
-11.165327133708704,,1.2937600742369677,0.9797407121607818,0.02465464262525043,0,True,,,,False,False,0.0,-13.653041088393534,-13.635580686483678,30,120,fixed,sub-092,think2,thinking,2,True,isha,sny,thinking,18.0,50.0,m,-14.012697285484194,0.0029679430255876715,4,279,0.05423728813559325,Fp1,1,parieto_occipital,clean-average,primary,1.406710825946248,-24.889474769611404,0.964772066316927,0.07219860898980349,-13.501154214195536
-10.8667645771987,,1.5566829832647926,0.9941205327903315,0.015411136082665118,1,True,75.50078217474038,0.10641329585759784,28.67849920045909,True,False,0.06485697269076991,-13.86004135053877,-13.789354390417774,30,120,fixed,sub-092,think2,thinking,2,True,isha,sny,thinking,18.0,50.0,m,-14.012697285484194,0.0029679430255876715,4,279,0.05423728813559325,Fp1,1,frontal,clean-average,primary,,,,,
-11.078588192213868,,1.7039593644456417,0.9859076304781131,0.025565073086663358,0,True,,,,False,False,0.0,-14.355056197031049,-14.356678199138836,30,120,fixed,sub-092,think2,thinking,2,True,isha,sny,thinking,18.0,50.0,m,-14.012697285484194,0.0029679430255876715,4,279,0.05423728813559325,Fp1,1,central,clean-average,primary,,,,,
-11.404853125940164,,1.3617564860341411,0.9872219539352182,0.02078399778923958,0,True,,,,False,False,0.0,-14.023314369759026,-14.014038387552317,30,120,fixed,sub-092,think2,thinking,2,True,isha,sny,thinking,18.0,50.0,m,-14.012697285484194,0.0029679430255876715,4,279,0.05423728813559325,Fp1,1,temporal,clean-average,primary,,,,,
-11.800754308566521,,0.9665110350316783,0.9870542614230674,0.014395962438639456,0,True,,,,False,False,0.0,-13.65921557745616,-13.66030926234819,30,120,fixed,sub-093,med1breath,meditation,1,True,isha,sny,meditation,4.0,40.0,m,-12.747959381855823,0.08259081829238557,7,152,0.5,AF8;Fp1;Fp2;PO7,4,parieto_occipital,clean-average,primary,1.063183009404926,-26.3702943343256,0.9714970027593134,0.004097013473653882,-13.497869357369984
-10.82337684078977,,1.5034955563374064,0.9945351517449331,0.01571965348797294,0,True,,,,False,False,0.0,-13.714381866210058,-13.709713141607692,30,120,fixed,sub-093,med1breath,meditation,1,True,isha,sny,meditation,4.0,40.0,m,-12.747959381855823,0.08259081829238557,7,152,0.5,AF8;Fp1;Fp2;PO7,4,frontal,clean-average,primary,,,,,
-11.294433363628524,,1.4839610151963423,0.9894806001700391,0.02013396718499613,0,True,,,,False,False,0.0,-14.147876284944116,-14.15349916039583,30,120,fixed,sub-093,med1breath,meditation,1,True,isha,sny,meditation,4.0,40.0,m,-12.747959381855823,0.08259081829238557,7,152,0.5,AF8;Fp1;Fp2;PO7,4,central,clean-average,primary,,,,,
-11.18879667537717,,1.1354766406730121,0.9866866142611288,0.01785079318403664,0,True,,,,False,False,0.0,-13.37215442498687,-13.36611033735033,30,120,fixed,sub-093,med1breath,meditation,1,True,isha,sny,meditation,4.0,40.0,m,-12.747959381855823,0.08259081829238557,7,152,0.5,AF8;Fp1;Fp2;PO7,4,temporal,clean-average,primary,,,,,
-11.473744148304966,,1.0657064997597259,0.9918432915506911,0.01296262672281974,0,True,,,,False,False,0.0,-13.522943983609975,-13.526853039268074,30,120,fixed,sub-093,think1,thinking,1,True,isha,sny,meditation,4.0,40.0,m,-13.137967025809525,0.0,7,220,0.2592592592592593,AF4;AF7;AF8;F8;Fp1;Fp2;Oz;PO7;TP7,9,parieto_occipital,clean-average,primary,1.127915636110961,-25.757222254027663,0.9800747123969176,-0.002006992903584841,-13.357979524052157
-10.861920493261355,,1.472087057736723,0.9957509433103291,0.013036114799030477,0,True,,,,False,False,0.0,-13.692531507596783,-13.690545663983608,30,120,fixed,sub-093,think1,thinking,1,True,isha,sny,meditation,4.0,40.0,m,-13.137967025809525,0.0,7,220,0.2592592592592593,AF4;AF7;AF8;F8;Fp1;Fp2;Oz;PO7;TP7,9,frontal,clean-average,primary,,,,,
-11.311462682073984,,1.447014767478423,0.99043371412459,0.018934800949527892,0,True,,,,False,False,0.0,-14.093863299757416,-14.101450172455035,30,120,fixed,sub-093,think1,thinking,1,True,isha,sny,meditation,4.0,40.0,m,-13.137967025809525,0.0,7,220,0.2592592592592593,AF4;AF7;AF8;F8;Fp1;Fp2;Oz;PO7;TP7,9,central,clean-average,primary,,,,,
-10.656204474206051,,1.4277654058615934,0.9931887680479984,0.01569441682301612,0,True,,,,False,False,0.0,-13.401591346863224,-13.399003518085605,30,120,fixed,sub-093,think1,thinking,1,True,isha,sny,meditation,4.0,40.0,m,-13.137967025809525,0.0,7,220,0.2592592592592593,AF4;AF7;AF8;F8;Fp1;Fp2;Oz;PO7;TP7,9,temporal,clean-average,primary,,,,,
-11.582682558323523,,1.0506423349853375,0.9905812235150814,0.013442448625731462,0,True,,,,False,False,0.0,-13.60291617827596,-13.603437420782853,30,120,fixed,sub-093,med2,meditation,2,True,isha,sny,meditation,4.0,40.0,m,-13.061389350326898,0.014656203343448304,5,152,0.4864864864864865,AF4;AF7;AF8;F8;FCz;Fp1;Fp2;PO7,8,parieto_occipital,clean-average,primary,1.145921931324514,-25.878703732349624,0.9831328736180398,0.01000446202859175,-13.440850410177617
-10.767859427090738,,1.3788398738463954,0.9899593611195006,0.018696889955458075,0,True,,,,False,False,0.0,-13.419169560823681,-13.411585044073387,30,120,fixed,sub-093,med2,meditation,2,True,isha,sny,meditation,4.0,40.0,m,-13.061389350326898,0.014656203343448304,5,152,0.4864864864864865,AF4;AF7;AF8;F8;FCz;Fp1;Fp2;PO7,8,frontal,clean-average,primary,,,,,
-11.298240171250791,,1.3891477340940916,0.9928444912447105,0.01535283373637127,0,True,,,,False,False,0.0,-13.969370832987163,-13.972675445635364,30,120,fixed,sub-093,med2,meditation,2,True,isha,sny,meditation,4.0,40.0,m,-13.061389350326898,0.014656203343448304,5,152,0.4864864864864865,AF4;AF7;AF8;F8;FCz;Fp1;Fp2;PO7,8,central,clean-average,primary,,,,,
-10.926754828446466,,1.146149694672479,0.9858407045649553,0.01918108895662062,1,True,66.49999999999999,0.05534410861211114,29.999999999869047,False,True,0.02768570381979724,-13.130635320952866,-13.096715420499685,30,120,fixed,sub-093,med2,meditation,2,True,isha,sny,meditation,4.0,40.0,m,-13.061389350326898,0.014656203343448304,5,152,0.4864864864864865,AF4;AF7;AF8;F8;FCz;Fp1;Fp2;PO7,8,temporal,clean-average,primary,,,,,
-11.382156110796654,,1.099941667170706,0.9921009386115213,0.012370195475349361,0,True,,,,False,False,0.0,-13.497185233467405,-13.500159522976498,30,120,fixed,sub-093,think2,thinking,2,True,isha,sny,meditation,4.0,40.0,m,-12.46964940140287,0.0839854469068092,2,238,0.1932203389830508,AF8;F8;Fp1;Fp2;Oz;PO7,6,parieto_occipital,clean-average,primary,1.1501493098584976,-25.613120517827703,0.980548646530619,0.0030687582575037982,-13.33771955787583
-10.846257683759069,,1.5369613378066536,0.9964717822516299,0.01187480735423922,0,True,,,,False,False,0.0,-13.80161257838875,-13.79741278094743,30,120,fixed,sub-093,think2,thinking,2,True,isha,sny,meditation,4.0,40.0,m,-12.46964940140287,0.0839854469068092,2,238,0.1932203389830508,AF8;F8;Fp1;Fp2;Oz;PO7,6,frontal,clean-average,primary,,,,,
-11.292829623106217,,1.428158242586007,0.9869009285714742,0.021790779836858964,0,True,,,,False,False,0.0,-14.038971864104624,-14.046327155579041,30,120,fixed,sub-093,think2,thinking,2,True,isha,sny,meditation,4.0,40.0,m,-12.46964940140287,0.0839854469068092,2,238,0.1932203389830508,AF8;F8;Fp1;Fp2;Oz;PO7,6,central,clean-average,primary,,,,,
-10.763413335265426,,1.2649308343902057,0.9933698538742854,0.013769987892080556,0,True,,,,False,False,0.0,-13.195692821305023,-13.190972482437168,30,120,fixed,sub-093,think2,thinking,2,True,isha,sny,meditation,4.0,40.0,m,-12.46964940140287,0.0839854469068092,2,238,0.1932203389830508,AF8;F8;Fp1;Fp2;Oz;PO7,6,temporal,clean-average,primary,,,,,
-11.323460151374514,,1.3457820902775492,0.9819998842766224,0.023953333387505552,0,True,,,,False,False,0.0,-13.911204936993219,-13.91932866147518,30,120,fixed,sub-094,med1breath,meditation,1,True,isha,sny,thinking,7.0,53.0,m,-13.119734945091102,0.0625475023515949,8,285,0.1149068322981367,Fp1;P10,2,parieto_occipital,clean-average,primary,1.4137269098142196,-25.400191060418972,0.986202608102699,-0.004183797541211633,-13.753724538940347
-11.495200039404295,,1.4037572708692896,0.9756886368545694,0.026569990383214892,0,True,,,,False,False,0.0,-14.194422732446066,-14.202443529033015,30,120,fixed,sub-094,med1breath,meditation,1,True,isha,sny,thinking,7.0,53.0,m,-13.119734945091102,0.0625475023515949,8,285,0.1149068322981367,Fp1;P10,2,frontal,clean-average,primary,,,,,
-11.183581168938945,,1.665320507990259,0.9784455149361905,0.03212256667591189,1,True,,,,False,False,1.4571163951907e-07,-14.385752227737123,-14.39941172300894,30,120,fixed,sub-094,med1breath,meditation,1,True,isha,sny,thinking,7.0,53.0,m,-13.119734945091102,0.0625475023515949,8,285,0.1149068322981367,Fp1;P10,2,central,clean-average,primary,,,,,
-11.489048951948416,,1.054769442835193,0.9900861044641897,0.013883114145531986,0,True,,,,False,False,0.0,-13.517218404823062,-13.51586112047339,30,120,fixed,sub-094,med1breath,meditation,1,True,isha,sny,thinking,7.0,53.0,m,-13.119734945091102,0.0625475023515949,8,285,0.1149068322981367,Fp1;P10,2,temporal,clean-average,primary,,,,,
-12.18937339338841,,0.6105503290842663,0.9568243583655549,0.01657540846850804,0,True,,,,False,False,0.0,-13.363373583953994,-13.36526639918724,30,120,fixed,sub-094,think1,thinking,1,True,isha,sny,thinking,7.0,53.0,m,-13.059946152721288,0.021837327465203393,3,277,0.06101694915254241,Fp1;P10;T7,3,parieto_occipital,clean-average,primary,0.7304243704790688,-27.197167459296406,0.9347716198353064,0.02529232035780156,-13.212469217952325
-12.228070174416949,,0.8001045715780366,0.9225271899828161,0.02922207266521318,0,True,,,,False,False,0.0,-13.766555823771778,-13.772530286674344,30,120,fixed,sub-094,think1,thinking,1,True,isha,sny,thinking,7.0,53.0,m,-13.059946152721288,0.021837327465203393,3,277,0.06101694915254241,Fp1;P10;T7,3,frontal,clean-average,primary,,,,,
-11.30056667455792,,1.4711654084910148,0.9586781209560516,0.04088132120591423,0,True,,,,False,False,0.0,-14.129405490372516,-14.145886004267883,30,120,fixed,sub-094,think1,thinking,1,True,isha,sny,thinking,7.0,53.0,m,-13.059946152721288,0.021837327465203393,3,277,0.06101694915254241,Fp1;P10;T7,3,central,clean-average,primary,,,,,
-12.276096176478532,,0.5427464646304858,0.9434311133263138,0.017327711260026187,0,True,,,,False,False,0.0,-13.319719318670051,-13.322720974519717,30,120,fixed,sub-094,think1,thinking,1,True,isha,sny,thinking,7.0,53.0,m,-13.059946152721288,0.021837327465203393,3,277,0.06101694915254241,Fp1;P10;T7,3,temporal,clean-average,primary,,,,,
-11.526973878785272,,1.1866160484311228,0.9818970462485097,0.020486927519767544,0,True,,,,False,False,0.0,-13.808665330947358,-13.810831708229589,30,120,fixed,sub-094,med2,meditation,2,True,isha,sny,thinking,7.0,53.0,m,-13.497469992861143,0.009573123066457856,5,259,0.125,Fp1;PO7;T7,3,parieto_occipital,clean-average,primary,1.2701395601979393,-25.807512205662942,0.9836187056734627,0.019414881711795003,-13.651817682887813
-11.382784491009609,,1.4383336596795278,0.9735121598629636,0.027548074990552143,0,True,,,,False,False,0.0,-14.148492590935316,-14.154851806415415,30,120,fixed,sub-094,med2,meditation,2,True,isha,sny,thinking,7.0,53.0,m,-13.497469992861143,0.009573123066457856,5,259,0.125,Fp1;PO7;T7,3,frontal,clean-average,primary,,,,,
-11.161009163987963,,1.6652510784588048,0.9866736157437398,0.029398442411598155,1,True,,,,False,False,0.000522993648657018,-14.363046719814681,-14.372735903207518,30,120,fixed,sub-094,med2,meditation,2,True,isha,sny,thinking,7.0,53.0,m,-13.497469992861143,0.009573123066457856,5,259,0.125,Fp1;PO7;T7,3,central,clean-average,primary,,,,,
-11.481079138714936,,1.1525651416969145,0.9819088931112834,0.020527688996223738,0,True,,,,False,False,0.0,-13.69729561020696,-13.701674035996794,30,120,fixed,sub-094,med2,meditation,2,True,isha,sny,thinking,7.0,53.0,m,-13.497469992861143,0.009573123066457856,5,259,0.125,Fp1;PO7;T7,3,temporal,clean-average,primary,,,,,
-11.368290450399128,,1.2375791303756751,0.9809522395494422,0.022628943732615415,0,True,,,,False,False,0.0,-13.747976556015011,-13.752304187036502,30,120,fixed,sub-094,think2,thinking,2,True,isha,sny,thinking,7.0,53.0,m,-13.040578058669553,0.0,6,195,0.34121621621621623,Fp1,1,parieto_occipital,clean-average,primary,1.3226462351957153,-25.42728277176047,0.9846853245669831,0.029062124891739326,-13.58655405180501
-11.129932087040466,,1.5223696947943943,0.9818394716867873,0.02401887331817245,2,True,93.55168396670322,0.0810005727512646,2.000000235231272,False,True,0.02011206285205507,-14.057229357489103,-14.03671290718073,30,120,fixed,sub-094,think2,thinking,2,True,isha,sny,thinking,7.0,53.0,m,-13.040578058669553,0.0,6,195,0.34121621621621623,Fp1,1,frontal,clean-average,primary,,,,,
-10.916869373797192,,1.7311470679817673,0.9759031441017091,0.03832974335855413,0,True,,,,False,False,0.0,-14.245615409780653,-14.261141555252065,30,120,fixed,sub-094,think2,thinking,2,True,isha,sny,thinking,7.0,53.0,m,-13.040578058669553,0.0,6,195,0.34121621621621623,Fp1,1,central,clean-average,primary,,,,,
-11.463741965068433,,0.9775042322402802,0.9819831696944502,0.01729517724179522,0,True,,,,False,False,0.0,-13.343341566054596,-13.344709474567509,30,120,fixed,sub-094,think2,thinking,2,True,isha,sny,thinking,7.0,53.0,m,-13.040578058669553,0.0,6,195,0.34121621621621623,Fp1,1,temporal,clean-average,primary,,,,,
-12.627828460330246,,0.43413253368189963,0.8510765487412992,0.022611327786878042,0,False,,,,False,False,0.0,-13.462602684492408,-13.467326878115442,30,120,fixed,sub-095,med1breath,meditation,1,True,isha,sny,meditation,8.0,35.0,m,-11.955557511167967,0.3074254391383924,10,126,0.5728813559322035,Fp1;P8,2,parieto_occipital,clean-average,primary,0.5771909113597464,-28.07750081269392,0.7436546264790291,0.005737343890807886,-13.30546751137692
-12.492148001656401,,0.590086747327687,0.8590477976100311,0.02892492139194912,0,False,,,,False,False,0.0,-13.626799677058772,-13.632624139789968,30,120,fixed,sub-095,med1breath,meditation,1,True,isha,sny,meditation,8.0,35.0,m,-11.955557511167967,0.3074254391383924,10,126,0.5728813559322035,Fp1;P8,2,frontal,clean-average,primary,,,,,
-11.6640186660273,,1.2344684325842836,0.9646512631714983,0.025492892360579,1,True,,,,False,False,0.02392029038383864,-14.037723348612321,-14.01925441363199,30,120,fixed,sub-095,med1breath,meditation,1,True,isha,sny,meditation,8.0,35.0,m,-11.955557511167967,0.3074254391383924,10,126,0.5728813559322035,Fp1;P8,2,central,clean-average,primary,,,,,
-13.356548649582903,,-0.3705185615156788,0.8257392439085806,0.021666521864037173,0,False,,,,False,False,0.0,-12.64409491545764,-12.635181746746133,30,120,fixed,sub-095,med1breath,meditation,1,True,isha,sny,meditation,8.0,35.0,m,-11.955557511167967,0.3074254391383924,10,126,0.5728813559322035,Fp1;P8,2,temporal,clean-average,primary,,,,,
-12.17422508756713,,0.718663477030894,0.9411414420296587,0.022822584547195796,0,True,,,,False,False,0.0,-13.556111262703972,-13.561637558057754,30,120,fixed,sub-095,think1,thinking,1,True,isha,sny,meditation,8.0,35.0,m,-11.67720183423774,0.18168132030899842,11,210,0.3023255813953488,Fp1;PO8,2,parieto_occipital,clean-average,primary,0.8263069185165488,-27.17305806189288,0.8883569793765634,0.0069672702011404145,-13.392251470404235
-11.899035848870366,,0.9870199749953485,0.9479630844947158,0.03010276220672052,0,True,,,,False,False,0.0,-13.796932850211022,-13.809308917619434,30,120,fixed,sub-095,think1,thinking,1,True,isha,sny,meditation,8.0,35.0,m,-11.67720183423774,0.18168132030899842,11,210,0.3023255813953488,Fp1;PO8,2,frontal,clean-average,primary,,,,,
-11.476745854618471,,1.389405254106025,0.9497152238759711,0.04174935381240478,0,True,,,,False,False,0.0,-14.148371690181929,-14.173189685074208,30,120,fixed,sub-095,think1,thinking,1,True,isha,sny,meditation,8.0,35.0,m,-11.67720183423774,0.18168132030899842,11,210,0.3023255813953488,Fp1;PO8,2,central,clean-average,primary,,,,,
-13.100511048973372,,0.04789720176987938,0.1202669391422375,0.016792030150160737,0,False,,,,False,False,0.0,-13.192610457206818,-13.188783870084013,30,120,fixed,sub-095,think1,thinking,1,True,isha,sny,meditation,8.0,35.0,m,-11.67720183423774,0.18168132030899842,11,210,0.3023255813953488,Fp1;PO8,2,temporal,clean-average,primary,,,,,
-12.076091466301309,,0.7548358627930456,0.9545087369178586,0.02161725565731977,0,True,,,,False,False,0.0,-13.527531920184789,-13.532617019639027,30,120,fixed,sub-095,med2,meditation,2,True,isha,sny,meditation,8.0,35.0,m,-11.983860000872552,0.17752663050579431,12,242,0.18518518518518523,AFz;F1;Fp1,3,parieto_occipital,clean-average,primary,0.8654346250396292,-26.949676087417636,0.9342655820387538,0.00859003219528762,-13.370185935433197
-12.2374270231409,,0.7588821677979511,0.9143084413527905,0.03073480541563927,0,True,,,,False,False,0.0,-13.69664793773426,-13.704343346769559,30,120,fixed,sub-095,med2,meditation,2,True,isha,sny,meditation,8.0,35.0,m,-11.983860000872552,0.17752663050579431,12,242,0.18518518518518523,AFz;F1;Fp1,3,frontal,clean-average,primary,,,,,
-11.46497004762963,,1.38629013328352,0.9558826508191015,0.03984510010278255,0,True,,,,False,False,0.0,-14.130605955311562,-14.14938802037516,30,120,fixed,sub-095,med2,meditation,2,True,isha,sny,meditation,8.0,35.0,m,-11.983860000872552,0.17752663050579431,12,242,0.18518518518518523,AFz;F1;Fp1,3,central,clean-average,primary,,,,,
-13.306235091685302,,-0.22410487150702843,0.8005922102239916,0.015415454842670352,0,False,,,,False,False,0.0,-12.875313758385003,-12.86873766217357,30,120,fixed,sub-095,med2,meditation,2,True,isha,sny,meditation,8.0,35.0,m,-11.983860000872552,0.17752663050579431,12,242,0.18518518518518523,AFz;F1;Fp1,3,temporal,clean-average,primary,,,,,
-12.280524356496036,,0.6284794387619402,0.911416739412087,0.02486167935392024,0,True,,,,False,False,0.0,-13.48899963809929,-13.493511626961368,30,120,fixed,sub-095,think2,thinking,2,True,isha,sny,meditation,8.0,35.0,m,-11.559242238624789,0.2423771555083506,9,164,0.44781144781144777,Fp1;POz,2,parieto_occipital,clean-average,primary,0.751308177138565,-27.355153491549725,0.865762026075237,0.005321317749320781,-13.328167313576314
-11.833531894105729,,0.9509722260372208,0.9541902200270496,0.023907470334189388,1,True,107.82194803378418,0.07255001819495455,23.69070039134924,True,False,0.02479413913947286,-13.662114275290866,-13.645317426239664,30,120,fixed,sub-095,think2,thinking,2,True,isha,sny,meditation,8.0,35.0,m,-11.559242238624789,0.2423771555083506,9,164,0.44781144781144777,Fp1;POz,2,frontal,clean-average,primary,,,,,
-11.746500775777795,,1.2002825595670898,0.9431835492286124,0.03793817293058577,0,True,,,,False,False,0.0,-14.054470957003964,-14.071307854621985,30,120,fixed,sub-095,think2,thinking,2,True,isha,sny,meditation,8.0,35.0,m,-11.559242238624789,0.2423771555083506,9,164,0.44781144781144777,Fp1;POz,2,central,clean-average,primary,,,,,
-13.214701986380788,,-0.18918259850187263,0.6365852313507115,0.019143706220770607,0,False,,,,False,False,0.0,-12.85093114536591,-12.847348754419766,30,120,fixed,sub-095,think2,thinking,2,True,isha,sny,meditation,8.0,35.0,m,-11.559242238624789,0.2423771555083506,9,164,0.44781144781144777,Fp1;POz,2,temporal,clean-average,primary,,,,,
-11.892485031447034,,0.8706582832711796,0.9678177217614504,0.020401161279744177,0,True,,,,False,False,0.0,-13.566635288659976,-13.571664788967569,30,120,fixed,sub-096,med1breath,meditation,1,True,isha,sny,thinking,5.0,27.0,m,-12.944491510996487,0.027648299615378957,7,237,0.19661016949152543,Fp1,1,parieto_occipital,clean-average,primary,0.9860939578307473,-26.48220085157581,0.9610410654151023,0.0003249017606566161,-13.401708929530368
-11.636922146582458,,1.1425127721004142,0.9866895822098538,0.017687608317175137,0,True,,,,False,False,0.0,-13.83380936173025,-13.839152410463763,30,120,fixed,sub-096,med1breath,meditation,1,True,isha,sny,thinking,5.0,27.0,m,-12.944491510996487,0.027648299615378957,7,237,0.19661016949152543,Fp1,1,frontal,clean-average,primary,,,,,
-11.103740919669503,,1.4957503331128008,0.9784717183058562,0.03019051852477328,0,True,,,,False,False,0.0,-13.97985299833584,-13.993964636035088,30,120,fixed,sub-096,med1breath,meditation,1,True,isha,sny,thinking,5.0,27.0,m,-12.944491510996487,0.027648299615378957,7,237,0.19661016949152543,Fp1,1,central,clean-average,primary,,,,,
-11.79028227720481,,1.0084337419363596,0.975334342010123,0.020483300050174586,0,True,,,,False,False,0.0,-13.729354862722417,-13.732920141929704,30,120,fixed,sub-096,med1breath,meditation,1,True,isha,sny,thinking,5.0,27.0,m,-12.944491510996487,0.027648299615378957,7,237,0.19661016949152543,Fp1,1,temporal,clean-average,primary,,,,,
-11.55983206502524,,1.124882685190465,0.9921362941656682,0.012909932094639068,0,True,,,,False,False,0.0,-13.72281916677368,-13.72176841929473,30,120,fixed,sub-096,think1,thinking,1,True,isha,sny,thinking,5.0,27.0,m,-12.666102912908174,0.07521715220953706,18,180,0.38983050847457623,Fp1,1,parieto_occipital,clean-average,primary,1.2088642146995618,-25.863294799105592,0.9872150786753737,0.018114459859655957,-13.556228847383311
-11.33905848445773,,1.2750025601839314,0.9924242258319252,0.014351114367060028,2,True,83.91930671529798,0.0864463541412146,19.83284066310367,True,False,0.05898755347440608,-13.790704446016049,-13.72690978610485,30,120,fixed,sub-096,think1,thinking,1,True,isha,sny,thinking,5.0,27.0,m,-12.666102912908174,0.07521715220953706,18,180,0.38983050847457623,Fp1,1,frontal,clean-average,primary,,,,,
-10.82405372723805,,1.6705304160447436,0.995196137169887,0.015299041569033318,0,True,,,,False,False,0.0,-14.036242687521872,-14.043277089773214,30,120,fixed,sub-096,think1,thinking,1,True,isha,sny,thinking,5.0,27.0,m,-12.666102912908174,0.07521715220953706,18,180,0.38983050847457623,Fp1,1,central,clean-average,primary,,,,,
-11.325055866252765,,1.2795443113023177,0.9901622710803328,0.01726326126508666,1,True,68.99999999999999,0.054216309615782166,29.999998851493977,False,True,0.029398972869919247,-13.785434959912548,-13.753887753372922,30,120,fixed,sub-096,think1,thinking,1,True,isha,sny,thinking,5.0,27.0,m,-12.666102912908174,0.07521715220953706,18,180,0.38983050847457623,Fp1,1,temporal,clean-average,primary,,,,,
-11.816563776383324,,0.9363117928966244,0.9794435287511434,0.018058740449215543,0,True,,,,False,False,0.0,-13.616956259895899,-13.621399206195795,30,120,fixed,sub-096,med2,meditation,2,True,isha,sny,thinking,5.0,27.0,m,-12.671859697505747,0.05651630017810583,12,232,0.21621621621621623,Fp1,1,parieto_occipital,clean-average,primary,1.0069996312480674,-26.504758340800475,0.9734119573183447,-0.0029692868910108044,-13.451889962176498
-11.688350161418649,,1.127099265565696,0.98833206954007,0.015781059150790352,0,True,,,,False,False,0.0,-13.855599427412958,-13.860870293544995,30,120,fixed,sub-096,med2,meditation,2,True,isha,sny,thinking,5.0,27.0,m,-12.671859697505747,0.05651630017810583,12,232,0.21621621621621623,Fp1,1,frontal,clean-average,primary,,,,,
-11.635768837805825,,1.1578850688897944,0.9791915726554558,0.022056110929199305,0,True,,,,False,False,0.0,-13.862214761712696,-13.869993099360423,30,120,fixed,sub-096,med2,meditation,2,True,isha,sny,thinking,5.0,27.0,m,-12.671859697505747,0.05651630017810583,12,232,0.21621621621621623,Fp1,1,central,clean-average,primary,,,,,
-11.914742348925609,,0.9610805683266065,0.9717961914121258,0.021522487308263956,0,True,,,,False,False,0.0,-13.76276161386747,-13.766830836602328,30,120,fixed,sub-096,med2,meditation,2,True,isha,sny,thinking,5.0,27.0,m,-12.671859697505747,0.05651630017810583,12,232,0.21621621621621623,Fp1,1,temporal,clean-average,primary,,,,,
-11.450213885893694,,1.1856822293812599,0.9922395074554956,0.013569480533345283,0,True,,,,False,False,0.0,-13.730109738757461,-13.735392303479566,30,120,fixed,sub-096,think2,thinking,2,True,isha,sny,thinking,5.0,27.0,m,-13.123751012471297,0.016016794364245746,6,202,0.31756756756756754,F1;Fp1;Fpz;P9;PO4,5,parieto_occipital,clean-average,primary,1.2403403730890705,-25.737055104307025,0.9883225067422783,0.013353645687904977,-13.564400844509361
-10.578540302571142,,1.8077007050207985,0.9969051816121904,0.013721006548618289,0,True,,,,False,False,0.0,-14.05448793716337,-14.05990294126582,30,120,fixed,sub-096,think2,thinking,2,True,isha,sny,thinking,5.0,27.0,m,-13.123751012471297,0.016016794364245746,6,202,0.31756756756756754,F1;Fp1;Fpz;P9;PO4,5,frontal,clean-average,primary,,,,,
-10.750880793996764,,1.7539171215629028,0.9960396303876133,0.015149832454462555,0,True,,,,False,False,0.0,-14.123410357676518,-14.128635405942054,30,120,fixed,sub-096,think2,thinking,2,True,isha,sny,thinking,5.0,27.0,m,-13.123751012471297,0.016016794364245746,6,202,0.31756756756756754,F1;Fp1;Fpz;P9;PO4,5,central,clean-average,primary,,,,,
-11.091735127373799,,1.5591554547571251,0.9920125760184758,0.01813213971933404,0,True,,,,False,False,0.0,-14.089766106657086,-14.097521743444087,30,120,fixed,sub-096,think2,thinking,2,True,isha,sny,thinking,5.0,27.0,m,-13.123751012471297,0.016016794364245746,6,202,0.31756756756756754,F1;Fp1;Fpz;P9;PO4,5,temporal,clean-average,primary,,,,,
-11.864571212182856,,0.9523597202255936,0.9782422984285875,0.019156011112393283,0,True,,,,False,False,0.0,-13.695821544499887,-13.700055440255944,30,120,fixed,sub-097,med1breath,meditation,1,True,isha,sny,meditation,3.0,39.0,m,-13.13511212102612,0.0,12,150,0.5081967213114754,Fp1;PO7,2,parieto_occipital,clean-average,primary,1.0356876943644768,-26.5537134847101,0.9700949990276382,1.8576337167369866e-05,-13.527509451475447
-11.270398738129218,,1.3684107606880545,0.9897527300057847,0.017720851543621862,0,True,,,,False,False,0.0,-13.901655192006336,-13.904975665920777,30,120,fixed,sub-097,med1breath,meditation,1,True,isha,sny,meditation,3.0,39.0,m,-13.13511212102612,0.0,12,150,0.5081967213114754,Fp1;PO7,2,frontal,clean-average,primary,,,,,
-11.315828105882119,,1.4431741695686915,0.9900452587455469,0.01878830987021357,0,True,,,,False,False,0.0,-14.09084380791957,-14.097525768596523,30,120,fixed,sub-097,med1breath,meditation,1,True,isha,sny,meditation,3.0,39.0,m,-13.13511212102612,0.0,12,150,0.5081967213114754,Fp1;PO7,2,central,clean-average,primary,,,,,
-11.348124200039967,,1.1488077066840814,0.9880254016341123,0.01646985426154489,0,True,,,,False,False,0.0,-13.557115666137728,-13.56109163984347,30,120,fixed,sub-097,med1breath,meditation,1,True,isha,sny,meditation,3.0,39.0,m,-13.13511212102612,0.0,12,150,0.5081967213114754,Fp1;PO7,2,temporal,clean-average,primary,,,,,
-11.747178557078076,,1.0695687387676192,0.9803797927784349,0.019643327424129487,0,True,,,,False,False,0.0,-13.803804920738381,-13.809350147856575,30,120,fixed,sub-097,think1,thinking,1,True,isha,sny,meditation,3.0,39.0,m,-13.26285185983599,0.0,10,205,0.30508474576271183,Fp1;P8,2,parieto_occipital,clean-average,primary,1.1568536479513996,-26.27765805642948,0.9752235642891345,0.005518470118176916,-13.64107807395762
-11.470114542401989,,1.3513042593937883,0.9875417623146571,0.018317014732604744,0,True,,,,False,False,0.0,-14.068477662474015,-14.072729016238245,30,120,fixed,sub-097,think1,thinking,1,True,isha,sny,meditation,3.0,39.0,m,-13.26285185983599,0.0,10,205,0.30508474576271183,Fp1;P8,2,frontal,clean-average,primary,,,,,
-11.38525506949219,,1.4312942154920416,0.9936037980296284,0.014950682177105226,0,True,,,,False,False,0.0,-14.137427333920138,-14.140092445831955,30,120,fixed,sub-097,think1,thinking,1,True,isha,sny,meditation,3.0,39.0,m,-13.26285185983599,0.0,10,205,0.30508474576271183,Fp1;P8,2,central,clean-average,primary,,,,,
-12.040764060230545,,0.7724474850643614,0.9798698699028704,0.014439444049792015,0,True,,,,False,False,0.0,-13.526069122677422,-13.522030962852032,30,120,fixed,sub-097,think1,thinking,1,True,isha,sny,meditation,3.0,39.0,m,-13.26285185983599,0.0,10,205,0.30508474576271183,Fp1;P8,2,temporal,clean-average,primary,,,,,
-11.780468550437192,,0.9607058453076341,0.9780673034541387,0.01780172618231853,0,True,,,,False,False,0.0,-13.62776727707987,-13.630702963051819,30,120,fixed,sub-097,med2,meditation,2,True,isha,sny,meditation,3.0,39.0,m,-12.832922602095223,0.0,12,126,0.5728813559322035,Fp1,1,parieto_occipital,clean-average,primary,1.0375176448059482,-26.38899882098918,0.9683394573668214,0.007249608201786909,-13.458492017606876
-11.368571558470295,,1.3278830892468834,0.9846269301020315,0.02085333212494851,0,True,,,,False,False,0.0,-13.921899147635349,-13.921328302826947,30,120,fixed,sub-097,med2,meditation,2,True,isha,sny,meditation,3.0,39.0,m,-12.832922602095223,0.0,12,126,0.5728813559322035,Fp1,1,frontal,clean-average,primary,,,,,
-11.30335553032382,,1.4453908337142503,0.9902139404083671,0.018870967885419983,0,True,,,,False,False,0.0,-14.082633557685396,-14.089837732963199,30,120,fixed,sub-097,med2,meditation,2,True,isha,sny,meditation,3.0,39.0,m,-12.832922602095223,0.0,12,126,0.5728813559322035,Fp1,1,central,clean-average,primary,,,,,
-11.615472935969153,,0.9102886955664339,0.973061252093063,0.020382941113894226,0,True,,,,False,False,0.0,-13.36582675801614,-13.365481287983325,30,120,fixed,sub-097,med2,meditation,2,True,isha,sny,meditation,3.0,39.0,m,-12.832922602095223,0.0,12,126,0.5728813559322035,Fp1,1,temporal,clean-average,primary,,,,,
-11.623615801751605,,1.198145435526795,0.9759835208090095,0.02548056955057913,0,True,,,,False,False,0.0,-13.927476601799768,-13.934562518987681,30,120,fixed,sub-097,think2,thinking,2,True,isha,sny,meditation,3.0,39.0,m,-12.884748998619488,0.04557940592686138,10,164,0.4440677966101695,Fp1;O1,2,parieto_occipital,clean-average,primary,1.280999195109537,-25.993183744976086,0.9770022622350982,0.0032872095478017984,-13.758310466229347
-11.371729427428768,,1.423339191304974,0.9775530093089031,0.0278786546806381,0,True,,,,False,False,0.0,-14.108605328122747,-14.11604686752696,30,120,fixed,sub-097,think2,thinking,2,True,isha,sny,meditation,3.0,39.0,m,-12.884748998619488,0.04557940592686138,10,164,0.4440677966101695,Fp1;O1,2,frontal,clean-average,primary,,,,,
-11.515027374687335,,1.3704030139975278,0.9888964105759205,0.018873583996328085,0,True,,,,False,False,0.0,-14.150114644229534,-14.154797211721279,30,120,fixed,sub-097,think2,thinking,2,True,isha,sny,meditation,3.0,39.0,m,-12.884748998619488,0.04557940592686138,10,164,0.4440677966101695,Fp1;O1,2,central,clean-average,primary,,,,,
-12.0540706146962,,0.8221000261032958,0.9748961213679309,0.018969523367081416,1,True,,,,False,False,6.688277036918695e-27,-13.634850349524639,-13.634557142259586,30,120,fixed,sub-097,think2,thinking,2,True,isha,sny,meditation,3.0,39.0,m,-12.884748998619488,0.04557940592686138,10,164,0.4440677966101695,Fp1;O1,2,temporal,clean-average,primary,,,,,
-10.214163849820492,,1.9205659056635598,0.9282957580611474,0.07538087190307405,0,True,,,,False,False,0.0,-13.907134980676425,-13.926813424152142,30,120,fixed,sub-098,med1breath,meditation,1,True,isha,sny,thinking,4.0,60.0,f,-13.335400735127628,0.011188863294590012,2,286,0.06229508196721312,Fp1,1,parieto_occipital,clean-average,primary,1.9215041824640704,-23.106961707916184,0.968268228499676,-0.009213888504948076,-13.75202878341683
-10.048986166520049,,1.9420310192968921,0.9758654834140639,0.04010903658605374,0,True,,,,False,False,0.0,-13.783231613833788,-13.787481705163387,30,120,fixed,sub-098,med1breath,meditation,1,True,isha,sny,thinking,4.0,60.0,f,-13.335400735127628,0.011188863294590012,2,286,0.06229508196721312,Fp1,1,frontal,clean-average,primary,,,,,
-9.141293117836236,,2.6271581117853593,0.9582204539821152,0.0685075431638807,2,True,96.77429571489742,0.08837171495054186,15.502429020756741,True,False,0.04307644899649377,-14.192939111554558,-14.159851712740982,30,120,fixed,sub-098,med1breath,meditation,1,True,isha,sny,thinking,4.0,60.0,f,-13.335400735127628,0.011188863294590012,2,286,0.06229508196721312,Fp1,1,central,clean-average,primary,,,,,
-10.641211927856467,,1.4482078809647834,0.9769808091783697,0.029446314135869824,0,True,,,,False,False,0.0,-13.425906730627728,-13.42144128399284,30,120,fixed,sub-098,med1breath,meditation,1,True,isha,sny,thinking,4.0,60.0,f,-13.335400735127628,0.011188863294590012,2,286,0.06229508196721312,Fp1,1,temporal,clean-average,primary,,,,,
-10.397684755811106,,1.8929976222841955,0.9968667969424349,0.01521172072384696,3,True,91.27718837854877,0.04974114991533085,15.23279476555785,True,False,0.03438367978776572,-14.037646055373553,-14.003719640399993,30,120,fixed,sub-098,think1,thinking,1,True,isha,sny,thinking,4.0,60.0,f,-13.407886580725105,0.008327828467242893,5,237,0.19661016949152543,Fp1,1,parieto_occipital,clean-average,primary,2.1067365045830657,-22.449923983632658,0.9749600541634177,-0.004364496588400351,-13.824798080165662
-10.25975130935837,,1.7648719483959174,0.9982466657358209,0.010801701860017795,1,True,,,,False,False,6.296284286210224e-09,-13.653345424438598,-13.651200561005885,30,120,fixed,sub-098,think1,thinking,1,True,isha,sny,thinking,4.0,60.0,f,-13.407886580725105,0.008327828467242893,5,237,0.19661016949152543,Fp1,1,frontal,clean-average,primary,,,,,
-9.982108111359276,,2.191632738188232,0.9971178682555165,0.016555232775922458,3,True,98.46258869317872,0.0789818756027838,16.850954248737768,True,False,0.036857320970509796,-14.1963016507221,-14.160444291293127,30,120,fixed,sub-098,think1,thinking,1,True,isha,sny,thinking,4.0,60.0,f,-13.407886580725105,0.008327828467242893,5,237,0.19661016949152543,Fp1,1,central,clean-average,primary,,,,,
-10.81053701180002,,1.4616137826465387,0.9937338632744317,0.01849757028378644,1,True,,,,False,False,1.4139961786744146e-09,-13.621009429256524,-13.617134741348728,30,120,fixed,sub-098,think1,thinking,1,True,isha,sny,thinking,4.0,60.0,f,-13.407886580725105,0.008327828467242893,5,237,0.19661016949152543,Fp1,1,temporal,clean-average,primary,,,,,
-10.836365158112866,,1.650926743226685,0.9917549439629904,0.026506460758777346,1,True,,,,False,False,5.37848235014066e-07,-14.010859084051685,-14.023478506564237,30,120,fixed,sub-098,med2,meditation,2,True,isha,sny,thinking,4.0,60.0,f,-13.94360490312154,0.0017356596731409324,4,284,0.037288135593220306,Fp1,1,parieto_occipital,clean-average,primary,1.9416596299863875,-23.246888463860397,0.9814561847130632,-0.005323307993723788,-13.848459160416429
-10.320260794025177,,1.9019525082488302,0.9975017379605928,0.015021972391373399,1,True,,,,False,False,3.7404438325326295e-07,-13.977441047256427,-13.982307621888012,30,120,fixed,sub-098,med2,meditation,2,True,isha,sny,thinking,4.0,60.0,f,-13.94360490312154,0.0017356596731409324,4,284,0.037288135593220306,Fp1,1,frontal,clean-average,primary,,,,,
-10.1891208247728,,2.0984785608951713,0.9976632043453164,0.014935459731369012,3,True,97.04911088601818,0.0809022939717643,15.4213900773557,True,False,0.040155062866252374,-14.22419232180037,-14.187327032799017,30,120,fixed,sub-098,med2,meditation,2,True,isha,sny,thinking,4.0,60.0,f,-13.94360490312154,0.0017356596731409324,4,284,0.037288135593220306,Fp1,1,central,clean-average,primary,,,,,
-10.515621852080304,,1.7711366451214743,0.9955582078773997,0.01846270451906721,1,True,,,,False,False,6.691438931805119e-07,-13.92126207507218,-13.9286025425395,30,120,fixed,sub-098,med2,meditation,2,True,isha,sny,thinking,4.0,60.0,f,-13.94360490312154,0.0017356596731409324,4,284,0.037288135593220306,Fp1,1,temporal,clean-average,primary,,,,,
-10.324552955793294,,1.881809589907445,0.9483484786168171,0.06144356340687935,0,True,,,,False,False,0.0,-13.943001283342346,-13.960248666004205,30,120,fixed,sub-098,think2,thinking,2,True,isha,sny,thinking,4.0,60.0,f,-13.695057134270693,0.0037100905023751407,4,274,0.07118644067796609,Fp1,1,parieto_occipital,clean-average,primary,1.9263345086835344,-23.180479348112566,0.9725110738350816,-0.0019246724672721338,-13.78852168037498
-10.565514922759546,,1.5780770335802206,0.9899558911241028,0.020935305181797093,0,True,,,,False,False,0.0,-13.599929368050356,-13.596061240942362,30,120,fixed,sub-098,think2,thinking,2,True,isha,sny,thinking,4.0,60.0,f,-13.695057134270693,0.0037100905023751407,4,274,0.07118644067796609,Fp1,1,frontal,clean-average,primary,,,,,
-9.883699524669982,,2.2025908790102764,0.9554699359747878,0.06932257712370726,0,True,,,,False,False,0.0,-14.118963987756032,-14.144246472019848,30,120,fixed,sub-098,think2,thinking,2,True,isha,sny,thinking,4.0,60.0,f,-13.695057134270693,0.0037100905023751407,4,274,0.07118644067796609,Fp1,1,central,clean-average,primary,,,,,
-11.06812987819517,,1.378068978972113,0.9944483518372284,0.015014623679736867,1,True,,,,False,False,2.0139467427624836e-06,-13.717957692312183,-13.715564830524317,30,120,fixed,sub-098,think2,thinking,2,True,isha,sny,thinking,4.0,60.0,f,-13.695057134270693,0.0037100905023751407,4,274,0.07118644067796609,Fp1,1,temporal,clean-average,primary,,,,,
