dv,term,estimate,se,ci_low,ci_high,z,p,n_obs,n_subjects,spec_id
exponent,Intercept,1.4317404286295479,0.057550292388144415,1.3189439282490352,1.5445369290100606,24.87807392833493,1.2851867079194556e-136,376,98,clean-average|broad|fixed
exponent,condition[T.meditation],0.05169641456928228,0.023681787547836577,0.005280963885993466,0.0981118652525711,2.182960828647622,0.029038694805425688,376,98,clean-average|broad|fixed
exponent,first_session[T.meditation],-0.006438982734271843,0.054884331850927524,-0.11401029647763436,0.10113233100909066,-0.11731914222370235,0.9066071564780454,376,98,clean-average|broad|fixed
exponent,meditator,-0.0827393092003226,0.06063968660642227,-0.20159091098270615,0.036112292582060945,-1.364441570045314,0.17242863206700776,376,98,clean-average|broad|fixed
exponent,meditator:condition[T.meditation],-0.061000085621182414,0.028858720953263518,-0.11756213932947032,-0.004438031912894505,-2.1137487596893707,0.034536731512326245,376,98,clean-average|broad|fixed
exponent,Group Var,4.106323067660385,0.7260065541509612,2.6833763689844723,5.529269766336297,5.656041318335732,1.5490419136474732e-08,376,98,clean-average|broad|fixed
periodic_gamma_power,Intercept,0.04444338220425402,0.007425309880273735,0.029890042264868077,0.05899672214363996,5.985390902314182,2.1587077786305276e-09,376,98,clean-average|broad|fixed
periodic_gamma_power,condition[T.meditation],-0.008433606549922899,0.006307845097734531,-0.020796755761540116,0.0039295426616943185,-1.3370027987770081,0.18122172326632457,376,98,clean-average|broad|fixed
periodic_gamma_power,first_session[T.meditation],-0.01257737811606588,0.006570754852151624,-0.02545582097752487,0.000301064745393112,-1.9141450866862517,0.05560161996595319,376,98,clean-average|broad|fixed
periodic_gamma_power,meditator,-0.011262010714010234,0.008010073860427288,-0.026961466993953437,0.004437445565932967,-1.4059808823547446,0.1597298017313019,376,98,clean-average|broad|fixed
periodic_gamma_power,meditator:condition[T.meditation],0.015325912871088452,0.007675856621556065,0.0002815103423452689,0.030370315399831635,1.9966387631640716,0.045864438769205075,376,98,clean-average|broad|fixed
periodic_gamma_power,Group Var,0.6162405017881439,0.14461588921872395,0.3327985673272107,0.8996824362490772,4.261222643772653,2.033115615389593e-05,376,98,clean-average|broad|fixed
naive_gamma_power,Intercept,-13.792363808846869,0.04850430060267805,-13.887430491123421,-13.697297126570316,-284.35342098480555,0.0,376,98,clean-average|broad|fixed
naive_gamma_power,condition[T.meditation],-0.029764984448402785,0.023378633967249395,-0.07558626503195635,0.016056296135150788,-1.2731703866915358,0.20295758643937567,376,98,clean-average|broad|fixed
naive_gamma_power,first_session[T.meditation],-0.05174475817536179,0.045894141785641704,-0.1416956231765943,0.038206106825870716,-1.1274806797139083,0.25953930461248453,376,98,clean-average|broad|fixed
naive_gamma_power,meditator,0.07411555169271894,0.05125059967042836,-0.026333777847401013,0.1745648812328389,1.4461401850773596,0.14813788655222182,376,98,clean-average|broad|fixed
naive_gamma_power,meditator:condition[T.meditation],0.0481252798393317,0.02848360596921122,-0.007701562010152388,0.10395212168881579,1.6895782047874048,0.09110867856601089,376,98,clean-average|broad|fixed
naive_gamma_power,Group Var,2.8697869357853856,0.5212077558037596,1.8482385059470696,3.8913353656237017,5.506032678581038,3.670104318901491e-08,376,98,clean-average|broad|fixed
exponent,Intercept,1.76267784683312,0.09704679171707986,1.5724696302524834,1.9528860634137564,18.163174852517,1.0101060355649196e-73,376,98,clean-average|broad|knee
exponent,condition[T.meditation],0.02674575217890869,0.038534084846920544,-0.04877966629826622,0.1022711706560836,0.6940803780642031,0.4876318032306981,376,98,clean-average|broad|knee
exponent,first_session[T.meditation],0.0388384018431789,0.09268500787365173,-0.14282087549598982,0.22049767918234764,0.4190365058405502,0.6751894529242732,376,98,clean-average|broad|knee
exponent,meditator,-0.18179269848361534,0.10220337252010102,-0.382107627721544,0.018522230754313307,-1.778734830378136,0.07528324599042185,376,98,clean-average|broad|knee
exponent,meditator:condition[T.meditation],-0.06914732384171338,0.046959072364176645,-0.1611854144229098,0.022890766739483023,-1.4725019119939715,0.14088539107447573,376,98,clean-average|broad|knee
exponent,Group Var,4.443957654131992,0.7838228451241017,2.9076931074290364,5.980222200834948,5.669594452083603,1.4313592453336618e-08,376,98,clean-average|broad|knee
periodic_gamma_power,Intercept,0.10006823628811046,0.009661391478015003,0.08113225695065884,0.11900421562556207,10.357538716428262,3.867868333132756e-25,376,98,clean-average|broad|knee
periodic_gamma_power,condition[T.meditation],-0.012457623845885259,0.0060661586168873965,-0.024347076259491864,-0.0005681714322786531,-2.0536264599486165,0.040011859158732364,376,98,clean-average|broad|knee
periodic_gamma_power,first_session[T.meditation],-0.011394950807800964,0.008951204752130296,-0.028938989740220127,0.0061490881246182,-1.2730075027151044,0.20301537952044335,376,98,clean-average|broad|knee
periodic_gamma_power,meditator,-0.023277371381113614,0.010280087097847387,-0.04342597185082938,-0.003128770911397849,-2.2643165529198495,0.02355465221547191,376,98,clean-average|broad|knee
periodic_gamma_power,meditator:condition[T.meditation],0.012192975518044432,0.007387479456077379,-0.002286218152396779,0.026672169188485643,1.6504919696275795,0.09884235442674073,376,98,clean-average|broad|knee
periodic_gamma_power,Group Var,1.5045165750585763,0.29733060525811705,0.9217592972511712,2.087273852865981,5.060079751132526,4.190811553179173e-07,376,98,clean-average|broad|knee
naive_gamma_power,Intercept,-13.792363808846869,0.04850430060267805,-13.887430491123421,-13.697297126570316,-284.35342098480555,0.0,376,98,clean-average|broad|knee
naive_gamma_power,condition[T.meditation],-0.029764984448402785,0.023378633967249395,-0.07558626503195635,0.016056296135150788,-1.2731703866915358,0.20295758643937567,376,98,clean-average|broad|knee
naive_gamma_power,first_session[T.meditation],-0.05174475817536179,0.045894141785641704,-0.1416956231765943,0.038206106825870716,-1.1274806797139083,0.25953930461248453,376,98,clean-average|broad|knee
naive_gamma_power,meditator,0.07411555169271894,0.05125059967042836,-0.026333777847401013,0.1745648812328389,1.4461401850773596,0.14813788655222182,376,98,clean-average|broad|knee
naive_gamma_power,meditator:condition[T.meditation],0.0481252798393317,0.02848360596921122,-0.007701562010152388,0.10395212168881579,1.6895782047874048,0.09110867856601089,376,98,clean-average|broad|knee
naive_gamma_power,Group Var,2.8697869357853856,0.5212077558037596,1.8482385059470696,3.8913353656237017,5.506032678581038,3.670104318901491e-08,376,98,clean-average|broad|knee
exponent,Intercept,2.2620741067431718,0.13568461255307507,1.9961371528828733,2.52801106060347,16.671559612983586,2.1101607145185807e-62,315,93,clean-average|narrow_low|fixed
exponent,condition[T.meditation],0.16367271769214403,0.05856898095027918,0.048879624418384324,0.2784658109659037,2.7945290328867136,0.005197537354110682,315,93,clean-average|narrow_low|fixed
exponent,first_session[T.meditation],0.03843171630261756,0.12799331223173013,-0.21243056593356346,0.28929399853879856,0.3002634718370087,0.7639761936699924,315,93,clean-average|narrow_low|fixed
exponent,meditator,-0.4216598475771843,0.142569369203771,-0.7010906765151694,-0.14222901863919918,-2.9575767216485045,0.0031006757629805435,315,93,clean-average|narrow_low|fixed
exponent,meditator:condition[T.meditation],-0.15645670914657023,0.07091468616739494,-0.29544694000962507,-0.017466478283515385,-2.2062666790522396,0.02736533298572043,315,93,clean-average|narrow_low|fixed
exponent,Group Var,4.383488631583584,0.8512316139372326,2.7151053257647053,6.051871937402463,5.149583920301638,2.6106494694745795e-07,315,93,clean-average|narrow_low|fixed
naive_gamma_power,Intercept,-13.820685814447035,0.04725766168488,-13.913309129342979,-13.728062499551092,-292.4538650812877,0.0,315,93,clean-average|narrow_low|fixed
naive_gamma_power,condition[T.meditation],-0.04645966271264278,0.022152858818824846,-0.08987846815214,-0.0030408572731455558,-2.0972310207277953,0.03597312970827891,315,93,clean-average|narrow_low|fixed
naive_gamma_power,first_session[T.meditation],-0.02647454982869812,0.04437810263959425,-0.11345403270452475,0.060504933047128506,-0.5965678623916081,0.5507959331485127,315,93,clean-average|narrow_low|fixed
naive_gamma_power,meditator,0.0728345011837413,0.0497112553858084,-0.024597768998715963,0.17026677136619855,1.4651511135350272,0.1428796939075364,315,93,clean-average|narrow_low|fixed
naive_gamma_power,meditator:condition[T.meditation],0.045112863156174875,0.026816206727681886,-0.007445936232062321,0.09767166254441206,1.6822984553443825,0.09251098051219184,315,93,clean-average|narrow_low|fixed
naive_gamma_power,Group Var,3.6269436248044924,0.6958307427974457,2.263140429585745,4.99074682002324,5.212393476929612,1.8641961658775336e-07,315,93,clean-average|narrow_low|fixed
exponent,Intercept,0.6672155677197524,0.15745878494031296,0.3586020201873012,0.9758291152522036,4.237398173577106,2.2612491643804213e-05,319,94,clean-average|narrow_low|knee
exponent,condition[T.meditation],0.22743404758978175,0.11122057487456198,0.009445726495799833,0.44542236868376367,2.044891854284056,0.04086552117398287,319,94,clean-average|narrow_low|knee
exponent,first_session[T.meditation],-0.07839009403062115,0.1440041872456568,-0.3606331146550707,0.20385292659382842,-0.5443598240438347,0.5861938868715705,319,94,clean-average|narrow_low|knee
exponent,meditator,-0.12316011602472061,0.16697976983945303,-0.4504344510568361,0.2041142190073949,-0.7375750735740986,0.4607727072263097,319,94,clean-average|narrow_low|knee
exponent,meditator:condition[T.meditation],-0.2069341912948834,0.13603499868380936,-0.4735578893521034,0.059689506762336614,-1.5211834696736197,0.12821380250253578,319,94,clean-average|narrow_low|knee
exponent,Group Var,1.2277614846378293,0.3010075171407677,0.6377975919661016,1.817725377309557,4.07883994492955,4.526098299202682e-05,319,94,clean-average|narrow_low|knee
naive_gamma_power,Intercept,-13.823477228550937,0.04728193119657907,-13.916148110815733,-13.73080634628614,-292.3627880400767,0.0,319,94,clean-average|narrow_low|knee
naive_gamma_power,condition[T.meditation],-0.04634910588688007,0.021887117928649502,-0.089247068752414,-0.003451143021346137,-2.117643174308055,0.03420529880708474,319,94,clean-average|narrow_low|knee
naive_gamma_power,first_session[T.meditation],-0.03134182655813485,0.04473512346899322,-0.11902105740131408,0.056337404285044385,-0.7006089204125808,0.4835471099154022,319,94,clean-average|narrow_low|knee
naive_gamma_power,meditator,0.07773260364473189,0.04955871658529435,-0.01940069598247289,0.17486590327193668,1.5684950902824153,0.11676563487951724,319,94,clean-average|narrow_low|knee
naive_gamma_power,meditator:condition[T.meditation],0.049875405263556924,0.026800227850935263,-0.002652076101743485,0.10240288662885733,1.8610067623666264,0.06274322173315705,319,94,clean-average|narrow_low|knee
naive_gamma_power,Group Var,3.5757094570466896,0.6829146805462932,2.237221278662279,4.9141976354311,5.235953419812741,1.641353472377531e-07,319,94,clean-average|narrow_low|knee
exponent,Intercept,1.3770227328107172,0.08240309327960628,1.2155156377679943,1.53852982785344,16.710813611550584,1.0933354876160446e-62,344,97,clean-average|narrow|fixed
exponent,condition[T.meditation],0.11563920216396766,0.037217937743769657,0.042693384607325205,0.1885850197206101,3.107082476199957,0.0018894367652743046,344,97,clean-average|narrow|fixed
exponent,first_session[T.meditation],0.034135563948923954,0.07792465320066383,-0.11859394983215102,0.1868650777299989,0.4380585931004587,0.6613438094866267,344,97,clean-average|narrow|fixed
exponent,meditator,-0.13183952690143846,0.08670086856882302,-0.30177010672467236,0.03809105292179543,-1.5206252149225523,0.12835391547684236,344,97,clean-average|narrow|fixed
exponent,meditator:condition[T.meditation],-0.1324235949368589,0.0448839818393373,-0.22039458282470986,-0.04445260704900794,-2.9503530994837,0.0031741094579217292,344,97,clean-average|narrow|fixed
exponent,Group Var,3.859799016498317,0.7143651002198332,2.459669148255098,5.259928884741536,5.403118118887012,6.549230090661603e-08,344,97,clean-average|narrow|fixed
periodic_gamma_power,Intercept,0.004502530399594566,0.0019384099866221905,0.0007033166385423048,0.008301744160646827,2.3227957091990263,0.02019012969918129,344,97,clean-average|narrow|fixed
periodic_gamma_power,condition[T.meditation],0.0027478284587087614,0.00202607288823923,-0.001223201432293175,0.006718858349710697,1.356233763681018,0.175024802497459,344,97,clean-average|narrow|fixed
periodic_gamma_power,first_session[T.meditation],-0.002840136162134829,0.0015493071504751735,-0.005876722378056547,0.00019645005378688936,-1.8331653353976696,0.0667779872591235,344,97,clean-average|narrow|fixed
periodic_gamma_power,meditator,-0.0006262656166231815,0.002089080251496458,-0.004720787670370117,0.003468256437123754,-0.2997805451344306,0.7643445559547566,344,97,clean-average|narrow|fixed
periodic_gamma_power,meditator:condition[T.meditation],-0.0011333752787342777,0.002447135442150301,-0.0059296726106403685,0.003662922053171813,-0.4631436655334366,0.6432613928699962,344,97,clean-average|narrow|fixed
periodic_gamma_power,Group Var,0.2386829928672572,0.10214046489750121,0.03849136030397721,0.4388746254305372,2.3368113030107853,0.019448997857791507,344,97,clean-average|narrow|fixed
naive_gamma_power,Intercept,-13.815517972733863,0.04673715744900991,-13.9071211180737,-13.723914827394026,-295.60030448592323,0.0,344,97,clean-average|narrow|fixed
naive_gamma_power,condition[T.meditation],-0.027577609472172252,0.023893224722562237,-0.07440746940291626,0.01925225045857176,-1.154202071607809,0.24841733347108563,344,97,clean-average|narrow|fixed
naive_gamma_power,first_session[T.meditation],-0.030408889516741738,0.043776496034357106,-0.11620924511344218,0.05539146607995869,-0.6946396416212922,0.48728116269965627,344,97,clean-average|narrow|fixed
naive_gamma_power,meditator,0.06572247710276428,0.049243832047216454,-0.03079366017051928,0.16223861437604786,1.3346336865040807,0.1819962670870955,344,97,clean-average|narrow|fixed
naive_gamma_power,meditator:condition[T.meditation],0.04026069972961731,0.028814493122365784,-0.016214669022996717,0.09673606848223133,1.397237826070485,0.16234206538638407,344,97,clean-average|narrow|fixed
naive_gamma_power,Group Var,2.8754601967083215,0.5385241362244964,1.8199722849027669,3.930948108513876,5.339519630202088,9.319317920296875e-08,344,97,clean-average|narrow|fixed
exponent,Intercept,0.578704026991607,0.09966917783738224,0.38335602806162,0.774052025921594,5.806248627191509,6.388807143789459e-09,367,98,clean-average|narrow|knee
exponent,condition[T.meditation],0.0509040416007183,0.05965423928352084,-0.06601611892011702,0.1678242021215536,0.8533180912555911,0.393482930197246,367,98,clean-average|narrow|knee
exponent,first_session[T.meditation],0.05629010547788674,0.09275539635247881,-0.12550713074470962,0.2380873417004831,0.6068660982696823,0.5439397782596761,367,98,clean-average|narrow|knee
exponent,meditator,0.03342772635801108,0.10564038029781897,-0.1736236143388288,0.24047906705485098,0.31642943980107213,0.7516765743191527,367,98,clean-average|narrow|knee
exponent,meditator:condition[T.meditation],-0.07092006626086052,0.07263492066737179,-0.21328189478883325,0.07144176226711223,-0.9763907719488761,0.32887085273762173,367,98,clean-average|narrow|knee
exponent,Group Var,1.7499119547407884,0.3462816846510194,1.071212324318934,2.428611585162643,5.053434912401848,4.3393423864596066e-07,367,98,clean-average|narrow|knee
naive_gamma_power,Intercept,-13.799115085344388,0.04752466693102606,-13.892261720906461,-13.705968449782315,-290.35690256117834,0.0,367,98,clean-average|narrow|knee
naive_gamma_power,condition[T.meditation],-0.03795874623874227,0.022749454128830802,-0.08254685699919667,0.0066293645217121305,-1.6685563540901165,0.09520533479287813,367,98,clean-average|narrow|knee
naive_gamma_power,first_session[T.meditation],-0.04488040718663961,0.04497550521775151,-0.13303077759992585,0.043269963226646634,-0.9978855594695051,0.3183348550932733,367,98,clean-average|narrow|knee
naive_gamma_power,meditator,0.07819974072162317,0.050127116128803786,-0.02004760153968911,0.17644708298293543,1.5600287182028498,0.11875309481126897,367,98,clean-average|narrow|knee
naive_gamma_power,meditator:condition[T.meditation],0.04368388146588663,0.027706689089773466,-0.01062023128091822,0.09798799421269147,1.5766546960679737,0.11487499998913399,367,98,clean-average|narrow|knee
naive_gamma_power,Group Var,3.004723446777683,0.5527179037687565,1.921416261780445,4.088030631774921,5.436269435619341,5.4407663035234766e-08,367,98,clean-average|narrow|knee
exponent,Intercept,1.2699641004139268,0.07020776416763469,1.132359411210281,1.4075687896175726,18.088656083416083,3.915185636787822e-73,356,98,clean-average|primary|fixed
exponent,condition[T.meditation],0.09602024167232164,0.03535159093575021,0.026732396642058592,0.16530808670258468,2.7161505078182686,0.0066045885659218,356,98,clean-average|primary|fixed
exponent,first_session[T.meditation],0.04575707442542212,0.06592914596587574,-0.08346167719917852,0.17497582605002276,0.6940340839407434,0.4876608342810004,356,98,clean-average|primary|fixed
exponent,meditator,-0.10582498208100156,0.07400753104303448,-0.25087707751007915,0.039227113348076034,-1.429921801059214,0.15273946413608602,356,98,clean-average|primary|fixed
exponent,meditator:condition[T.meditation],-0.1113533461964597,0.04277179543897163,-0.19518452481095866,-0.027522167581960758,-2.60342931723179,0.009229629696816974,356,98,clean-average|primary|fixed
exponent,Group Var,2.8427123329966757,0.5306705277557631,1.802617210938517,3.8828074550548344,5.356830998357255,8.469427143078164e-08,356,98,clean-average|primary|fixed
naive_gamma_power,Intercept,-13.808433049038467,0.04855623925312253,-13.903601529199296,-13.713264568877637,-284.38020039104407,0.0,356,98,clean-average|primary|fixed
naive_gamma_power,condition[T.meditation],-0.031150851343883817,0.023733581747391576,-0.07766781679290852,0.015366114105140875,-1.3125221332135186,0.18934402313378307,356,98,clean-average|primary|fixed
naive_gamma_power,first_session[T.meditation],-0.042561908917846,0.04569612787587095,-0.13212467378748988,0.04700085595179786,-0.9314117168408942,0.3516406322870732,356,98,clean-average|primary|fixed
naive_gamma_power,meditator,0.08180881292102908,0.051161359953785776,-0.018465609988480847,0.182083235830539,1.599035150647427,0.10981279245798335,356,98,clean-average|primary|fixed
naive_gamma_power,meditator:condition[T.meditation],0.040992710143610375,0.02871136135979592,-0.01528052406870458,0.09726594435592534,1.427752227764854,0.1533631875563872,356,98,clean-average|primary|fixed
naive_gamma_power,Group Var,3.0523147376337323,0.5611736375153373,1.9524346190303359,4.152194856237129,5.439162736061902,5.3531542037995025e-08,356,98,clean-average|primary|fixed
exponent,Intercept,0.6723476355671866,0.1136440862004714,0.4496093195582973,0.8950859515760758,5.916257132651375,3.2935019563580237e-09,370,98,clean-average|primary|knee
exponent,condition[T.meditation],0.06219108796348357,0.05795995290732938,-0.051408332280519616,0.17579050820748676,1.0730010092126754,0.283270663322292,370,98,clean-average|primary|knee
exponent,first_session[T.meditation],5.039654412693028e-05,0.10706918714997468,-0.20980135412380221,0.20990214721205605,0.00047069138627473173,0.999624442623856,370,98,clean-average|primary|knee
exponent,meditator,0.18577727593704157,0.11999443721184043,-0.049407499343318534,0.4209620512174017,1.5482157361100573,0.12157036396911416,370,98,clean-average|primary|knee
exponent,meditator:condition[T.meditation],-0.06313027112009753,0.07042778058007272,-0.2011661845681295,0.07490564232793445,-0.8963830834953218,0.3700481990075418,370,98,clean-average|primary|knee
exponent,Group Var,2.590981217672051,0.4816613257067887,1.6469423665409284,3.535020068803173,5.379259407780044,7.479287383568198e-08,370,98,clean-average|primary|knee
periodic_gamma_power,Intercept,0.002520306311771184,0.001262184589157745,4.646997518051917e-05,0.004994142648361849,1.9967810837026483,0.04584896934848793,370,98,clean-average|primary|knee
periodic_gamma_power,condition[T.meditation],-0.0014924537027815247,0.0008563400032127327,-0.003170849267599395,0.00018594186203634553,-1.7428284293414797,0.08136358877381358,370,98,clean-average|primary|knee
periodic_gamma_power,first_session[T.meditation],-0.0013081553888716854,0.0011580121787526385,-0.003577817552885616,0.0009615067751422451,-1.129655985380719,0.25862121047576303,370,98,clean-average|primary|knee
periodic_gamma_power,meditator,0.0004207128218630455,0.0013431674589301724,-0.0022118470228462746,0.003053272666572366,0.3132244003276714,0.7541101816952485,370,98,clean-average|primary|knee
periodic_gamma_power,meditator:condition[T.meditation],0.0009047460180144212,0.0010403262532987579,-0.0011342559706226376,0.00294374800665148,0.8696752726806356,0.3844778891371091,370,98,clean-average|primary|knee
periodic_gamma_power,Group Var,1.2572374962175827,0.27547274797309107,0.717320831468045,1.7971541609671204,4.563926941841786,5.020555619363946e-06,370,98,clean-average|primary|knee
naive_gamma_power,Intercept,-13.79909105533352,0.04795134492242464,-13.89307396439173,-13.70510814627531,-287.77276378081984,0.0,370,98,clean-average|primary|knee
naive_gamma_power,condition[T.meditation],-0.03795974545304372,0.02296229263134756,-0.08296501201295439,0.007045521106866966,-1.6531339471400168,0.09830360579657688,370,98,clean-average|primary|knee
naive_gamma_power,first_session[T.meditation],-0.04492717206212355,0.04535918619917537,-0.13382954338055356,0.04397519925630645,-0.9904757079380829,0.3219416569140069,370,98,clean-average|primary|knee
naive_gamma_power,meditator,0.07741475627135032,0.05057127459876929,-0.021703120594522757,0.1765326331372234,1.5308049260287835,0.12581761180330564,370,98,clean-average|primary|knee
naive_gamma_power,meditator:condition[T.meditation],0.049155279547272605,0.0279040473690242,-0.005535648318914482,0.10384620741345969,1.761582429143918,0.07813987479544272,370,98,clean-average|primary|knee
naive_gamma_power,Group Var,3.0030336167995415,0.5477866876232821,1.9293914378474157,4.076675795751667,5.482122301710178,4.202535312549135e-08,370,98,clean-average|primary|knee
exponent,Intercept,1.5801997989236554,0.06792466023939868,1.4470699111923142,1.7133296866549965,23.26400740694591,1.0264104741972761e-119,369,98,clean-average|ray|fixed
exponent,condition[T.meditation],0.05194068895559149,0.0332933409235535,-0.013313060179586882,0.11719443809076985,1.5600924243335954,0.11873804154558569,369,98,clean-average|ray|fixed
exponent,first_session[T.meditation],-0.08795824237890182,0.0638878022841909,-0.21317603390733178,0.03725954914952814,-1.3767611223757368,0.1685861143832732,369,98,clean-average|ray|fixed
exponent,meditator,0.1614797383816135,0.07160795229067325,0.021130730885231458,0.3018287458779956,2.255053150048613,0.024129992839751858,369,98,clean-average|ray|fixed
exponent,meditator:condition[T.meditation],-0.04702764134426562,0.04012163022167442,-0.12566459157978127,0.03160930889125003,-1.1721268822935427,0.24114611851267043,369,98,clean-average|ray|fixed
exponent,Group Var,2.9453185655372147,0.5396957942617879,1.8875342461763716,4.003102884898058,5.457368015190687,4.832441073337571e-08,369,98,clean-average|ray|fixed
periodic_gamma_power,Intercept,0.0,0.00017932412482039118,-0.0003514688262071319,0.0003514688262071319,0.0,1.0,369,98,clean-average|ray|fixed
periodic_gamma_power,condition[T.meditation],-0.00016572048851594228,0.00022614576502342847,-0.00060895804321812,0.0002775170661862354,-0.7328038555078571,0.4636780694411622,369,98,clean-average|ray|fixed
periodic_gamma_power,first_session[T.meditation],0.0,0.00013000095748089523,-0.00025479719461827757,0.00025479719461827757,0.0,1.0,369,98,clean-average|ray|fixed
periodic_gamma_power,meditator,0.0,0.0001938104351034132,-0.0003798614726307273,0.0003798614726307273,0.0,1.0,369,98,clean-average|ray|fixed
periodic_gamma_power,meditator:condition[T.meditation],0.00017902592748930026,0.0002729361037466024,-0.0003559190059347281,0.0007139708609133287,0.6559261491308983,0.5118716424125976,369,98,clean-average|ray|fixed
periodic_gamma_power,Group Var,1.232595164407831e-32,0.06677427282993088,-0.130875169840516,0.130875169840516,1.8459132719380701e-31,1.0,369,98,clean-average|ray|fixed
naive_gamma_power,Intercept,-13.791420432975066,0.049030135304900316,-13.887517732329796,-13.695323133620336,-281.28456809697366,0.0,369,98,clean-average|ray|fixed
naive_gamma_power,condition[T.meditation],-0.032298799326464164,0.02449357648550324,-0.08030532709062767,0.01570772843769934,-1.3186640728266255,0.1872814428172389,369,98,clean-average|ray|fixed
naive_gamma_power,first_session[T.meditation],-0.051201460735239936,0.04605321549573553,-0.1414641044791435,0.03906118300866363,-1.1117890506468788,0.26622886073763297,369,98,clean-average|ray|fixed
naive_gamma_power,meditator,0.07271497200833377,0.05170591511400874,-0.028626759402808608,0.17405670341947616,1.406318249043677,0.15962964354612408,369,98,clean-average|ray|fixed
naive_gamma_power,meditator:condition[T.meditation],0.05076472187516731,0.029515866886173612,-0.007085314194211358,0.10861475794454598,1.719912956341035,0.08544826503752502,369,98,clean-average|ray|fixed
naive_gamma_power,Group Var,2.816190547777589,0.5138581006257306,1.8090471773869978,3.8233339181681796,5.480482927773802,4.241664469431556e-08,369,98,clean-average|ray|fixed
exponent,Intercept,2.769337660084914,0.11765150394753345,2.5387449496207766,2.9999303705490514,23.53848074326272,1.6472690500991266e-122,352,97,clean-average|ray|knee
exponent,condition[T.meditation],-0.027843411715595037,0.0802235552216671,-0.18507869066182275,0.12939186723063267,-0.34707277231307465,0.7285366481166409,352,97,clean-average|ray|knee
exponent,first_session[T.meditation],-0.09471391942923697,0.10735438329472644,-0.3051246442694092,0.11569680541093526,-0.8822547950297769,0.37763903615879657,352,97,clean-average|ray|knee
exponent,meditator,0.08315793580622821,0.12495971819199135,-0.16175861136834943,0.3280744829808059,0.6654779396866293,0.5057448488554721,352,97,clean-average|ray|knee
exponent,meditator:condition[T.meditation],0.05108842415467118,0.09689355112746349,-0.1388194463893476,0.24099629469868997,0.5272634097956049,0.5980106800347229,352,97,clean-average|ray|knee
exponent,Group Var,1.321214606540592,0.27521832846661787,0.7817965948607063,1.8606326182204778,4.800605446235194,1.581866560210344e-06,352,97,clean-average|ray|knee
naive_gamma_power,Intercept,-13.79848654352459,0.048666132038289414,-13.893870409586507,-13.703102677462672,-283.5336601780526,0.0,352,97,clean-average|ray|knee
naive_gamma_power,condition[T.meditation],-0.03514666766332256,0.023672545288463836,-0.08154400385110502,0.011250668524459898,-1.484701675930485,0.13762286758219144,352,97,clean-average|ray|knee
naive_gamma_power,first_session[T.meditation],-0.039108873451934124,0.0459809781384753,-0.12922993457726928,0.05101218767340104,-0.8505446172579171,0.3950223656013303,352,97,clean-average|ray|knee
naive_gamma_power,meditator,0.06574563978643316,0.05131416771746239,-0.03482828083644103,0.16631956040930734,1.2812375745511642,0.20011023196631306,352,97,clean-average|ray|knee
naive_gamma_power,meditator:condition[T.meditation],0.045074801488300606,0.02858874161395942,-0.01095810243838135,0.10110770541498257,1.5766626631195026,0.11487316581039142,352,97,clean-average|ray|knee
naive_gamma_power,Group Var,3.1155952973482197,0.5762155541354387,1.98623356391097,4.24495703078547,5.406996175281835,6.4090511451095e-08,352,97,clean-average|ray|knee
exponent,Intercept,1.3671276133083399,0.045337596780989975,1.2782675564720005,1.4559876701446792,30.154390845029873,9.394799841344138e-200,376,98,clean-average|very_broad|fixed
exponent,condition[T.meditation],0.05954691273749341,0.021664502779349504,0.01708526754700048,0.10200855792798633,2.7485935561952166,0.005985155161313403,376,98,clean-average|very_broad|fixed
exponent,first_session[T.meditation],0.002004869224394667,0.04291883780309494,-0.0821145071279876,0.08612424557677692,0.04671303621017653,0.9627419402956767,376,98,clean-average|very_broad|fixed
exponent,meditator,-0.022760080240895448,0.0478955306504959,-0.11663359533630167,0.07111343485451078,-0.4752025905502687,0.6346425808275665,376,98,clean-average|very_broad|fixed
exponent,meditator:condition[T.meditation],-0.07793398871865254,0.026396029606715752,-0.12966925608266838,-0.026198721354636696,-2.9524890629318112,0.0031522323672443066,376,98,clean-average|very_broad|fixed
exponent,Group Var,2.9275332015200863,0.529345031551913,1.8900360042831181,3.9650303987570545,5.530482061836415,3.193519554992793e-08,376,98,clean-average|very_broad|fixed
periodic_gamma_power,Intercept,0.01562859272452262,0.010296740160740411,-0.004552647148695754,0.035809832597740995,1.5178194730125936,0.12905991466650715,376,98,clean-average|very_broad|fixed
periodic_gamma_power,condition[T.meditation],0.005266903206196698,0.005950105380609891,-0.006395089044016678,0.016928895456410072,0.8851781387537099,0.3760605610744484,376,98,clean-average|very_broad|fixed
periodic_gamma_power,first_session[T.meditation],-0.0077914789728988215,0.009616124004104156,-0.026638735691814065,0.011055777746016422,-0.8102515077356971,0.41779563946659803,376,98,clean-average|very_broad|fixed
periodic_gamma_power,meditator,0.027673228306830774,0.010927672075944441,0.006255384603115623,0.049091072010545925,2.532399225975041,0.011328492782730765,376,98,clean-average|very_broad|fixed
periodic_gamma_power,meditator:condition[T.meditation],-0.005979414796102193,0.0072476493457466346,-0.020184546486340882,0.008225716894136498,-0.8250143613268598,0.4093634373420869,376,98,clean-average|very_broad|fixed
periodic_gamma_power,Group Var,1.858152424378081,0.36053362149801627,1.1515195110261733,2.5647853377299885,5.1538949867073764,2.551308516314174e-07,376,98,clean-average|very_broad|fixed
naive_gamma_power,Intercept,-13.792363808846869,0.04850430060267805,-13.887430491123421,-13.697297126570316,-284.35342098480555,0.0,376,98,clean-average|very_broad|fixed
naive_gamma_power,condition[T.meditation],-0.029764984448402785,0.023378633967249395,-0.07558626503195635,0.016056296135150788,-1.2731703866915358,0.20295758643937567,376,98,clean-average|very_broad|fixed
naive_gamma_power,first_session[T.meditation],-0.05174475817536179,0.045894141785641704,-0.1416956231765943,0.038206106825870716,-1.1274806797139083,0.25953930461248453,376,98,clean-average|very_broad|fixed
naive_gamma_power,meditator,0.07411555169271894,0.05125059967042836,-0.026333777847401013,0.1745648812328389,1.4461401850773596,0.14813788655222182,376,98,clean-average|very_broad|fixed
naive_gamma_power,meditator:condition[T.meditation],0.0481252798393317,0.02848360596921122,-0.007701562010152388,0.10395212168881579,1.6895782047874048,0.09110867856601089,376,98,clean-average|very_broad|fixed
naive_gamma_power,Group Var,2.8697869357853856,0.5212077558037596,1.8482385059470696,3.8913353656237017,5.506032678581038,3.670104318901491e-08,376,98,clean-average|very_broad|fixed
exponent,Intercept,1.4086950617925422,0.05894249228536134,1.293169899754204,1.5242202238308804,23.899482481544112,3.100920393437542e-126,376,98,clean-average|very_broad|knee
exponent,condition[T.meditation],0.058579764302943475,0.028462296699163232,0.00279468785529028,0.11436484075059666,2.058153104161326,0.03957543869007986,376,98,clean-average|very_broad|knee
exponent,first_session[T.meditation],0.023476448115273555,0.05576363062791084,-0.08581825956262638,0.1327711557931735,0.4209992758886669,0.6737556106211899,376,98,clean-average|very_broad|knee
exponent,meditator,0.013020645409107063,0.06228085032233648,-0.10904757814920225,0.13508886896741637,0.20906338532178523,0.834398757365199,376,98,clean-average|very_broad|knee
exponent,meditator:condition[T.meditation],-0.09605958895554324,0.03467851698732145,-0.16402823328795374,-0.028090944623132733,-2.7700027942562495,0.005605581175444846,376,98,clean-average|very_broad|knee
exponent,Group Var,2.8573356949241435,0.5208093155914879,1.8365681935518723,3.878103196296415,5.486337531576296,4.103524787924467e-08,376,98,clean-average|very_broad|knee
periodic_gamma_power,Intercept,0.015178373807575618,0.008269730286177144,-0.0010299997151916995,0.03138674733034293,1.8354134031367713,0.06644445928449116,376,98,clean-average|very_broad|knee
periodic_gamma_power,condition[T.meditation],0.0076988338597479685,0.004899563292983945,-0.0019041337344750326,0.01730180145397097,1.5713306267055496,0.11610587077141903,376,98,clean-average|very_broad|knee
periodic_gamma_power,first_session[T.meditation],-0.006855246059270342,0.007705675834771597,-0.02195809317196329,0.008247601053422603,-0.8896359263305991,0.37366140885115173,376,98,clean-average|very_broad|knee
periodic_gamma_power,meditator,0.02258197511503708,0.008782938559199427,0.005367731860578092,0.03979621836949607,2.571118420427098,0.010137065738830333,376,98,clean-average|very_broad|knee
periodic_gamma_power,meditator:condition[T.meditation],-0.007035444358337954,0.0059676048305541424,-0.018731734900191324,0.004660846183515417,-1.1789393832373873,0.23842231402635372,376,98,clean-average|very_broad|knee
periodic_gamma_power,Group Var,1.74553768131758,0.3331662361329822,1.0925438576321678,2.3985315050029925,5.239239430675245,1.6123973298405833e-07,376,98,clean-average|very_broad|knee
naive_gamma_power,Intercept,-13.792363808846869,0.04850430060267805,-13.887430491123421,-13.697297126570316,-284.35342098480555,0.0,376,98,clean-average|very_broad|knee
naive_gamma_power,condition[T.meditation],-0.029764984448402785,0.023378633967249395,-0.07558626503195635,0.016056296135150788,-1.2731703866915358,0.20295758643937567,376,98,clean-average|very_broad|knee
naive_gamma_power,first_session[T.meditation],-0.05174475817536179,0.045894141785641704,-0.1416956231765943,0.038206106825870716,-1.1274806797139083,0.25953930461248453,376,98,clean-average|very_broad|knee
naive_gamma_power,meditator,0.07411555169271894,0.05125059967042836,-0.026333777847401013,0.1745648812328389,1.4461401850773596,0.14813788655222182,376,98,clean-average|very_broad|knee
naive_gamma_power,meditator:condition[T.meditation],0.0481252798393317,0.02848360596921122,-0.007701562010152388,0.10395212168881579,1.6895782047874048,0.09110867856601089,376,98,clean-average|very_broad|knee
naive_gamma_power,Group Var,2.8697869357853856,0.5212077558037596,1.8482385059470696,3.8913353656237017,5.506032678581038,3.670104318901491e-08,376,98,clean-average|very_broad|knee
exponent,Intercept,1.2996367538280382,0.05559458100425435,1.1906733773241052,1.4086001303319713,23.377040178225,7.318645165907217e-121,375,98,clean-csd|broad|fixed
exponent,condition[T.meditation],0.03765106390536784,0.023787273224581195,-0.008971134905225255,0.08427326271596094,1.5828238718198326,0.11346161411394069,375,98,clean-csd|broad|fixed
exponent,first_session[T.meditation],-0.00206920680412141,0.05293295331495805,-0.10581588889677926,0.10167747528853643,-0.03909108928438882,0.9688177652616058,375,98,clean-csd|broad|fixed
exponent,meditator,-0.09552523927035923,0.05861301196644922,-0.2104046317500149,0.01935415320929644,-1.6297616530104102,0.10315188132198368,375,98,clean-csd|broad|fixed
exponent,meditator:condition[T.meditation],-0.0562989768178133,0.029011274142102774,-0.11316002928195289,0.0005620756463262933,-1.9405895977560355,0.052308076834546635,375,98,clean-csd|broad|fixed
exponent,Group Var,3.763672361236717,0.6698803116568217,2.4507310764368797,5.076613646036554,5.618425106311885,1.9270589267364093e-08,375,98,clean-csd|broad|fixed
naive_gamma_power,Intercept,-7.866756954002918,0.05021551712970626,-7.965177559042196,-7.76833634896364,-156.65988132081068,0.0,375,98,clean-csd|broad|fixed
naive_gamma_power,condition[T.meditation],-0.0011063148886264946,0.026235018758985512,-0.052526006789970804,0.05031337701271781,-0.04216939575267432,0.9663636595007928,375,98,clean-csd|broad|fixed
naive_gamma_power,first_session[T.meditation],-0.022175324583330235,0.04727355674136651,-0.11482979321751927,0.07047914405085881,-0.46908517386689075,0.6390087561331382,375,98,clean-csd|broad|fixed
naive_gamma_power,meditator,0.09089012081941177,0.05315100074321614,-0.013283926379553515,0.19506416801837706,1.710035926859052,0.08725922971962628,375,98,clean-csd|broad|fixed
naive_gamma_power,meditator:condition[T.meditation],0.014692435950465687,0.031987543881152776,-0.04800199801048833,0.0773868699114197,0.45931741446152563,0.6460062440348219,375,98,clean-csd|broad|fixed
naive_gamma_power,Group Var,2.3746330720318807,0.4382628429509173,1.515653684085949,3.233612459977812,5.418285191696767,6.017337798564844e-08,375,98,clean-csd|broad|fixed
exponent,Intercept,1.5195465489493758,0.09511969494686452,1.3331153726330847,1.705977725265667,15.975099055965437,1.9055144973323494e-57,376,98,clean-csd|broad|knee
exponent,condition[T.meditation],0.045003299000366266,0.039089301175138154,-0.03161032348374373,0.12161692148447625,1.1512945396166248,0.24961108279143596,376,98,clean-csd|broad|knee
exponent,first_session[T.meditation],0.026433619793367894,0.09071857071624306,-0.15137151153941852,0.2042387511261543,0.2913804702242182,0.7707603493567199,376,98,clean-csd|broad|knee
exponent,meditator,-0.14710739915925208,0.10022392357318587,-0.34354267975199126,0.049327881433487125,-1.4677872698910137,0.1421620164498325,376,98,clean-csd|broad|knee
exponent,meditator:condition[T.meditation],-0.11281516550591995,0.047634373935527045,-0.20617682284566644,-0.019453508166173472,-2.3683562139100407,0.01786732390926231,376,98,clean-csd|broad|knee
exponent,Group Var,4.118501307174585,0.7311686317138141,2.6854371223900784,5.55156549195909,5.632765313688406,1.7734271719406697e-08,376,98,clean-csd|broad|knee
periodic_gamma_power,Intercept,0.06776986166886823,0.00966101824948291,0.04883461384589752,0.08670510949183893,7.0147742110409,2.3032059516279346e-12,376,98,clean-csd|broad|knee
periodic_gamma_power,condition[T.meditation],0.003798208116783903,0.005718176940311329,-0.007409212743453745,0.01500562897702155,0.6642341005588238,0.5065404912200026,376,98,clean-csd|broad|knee
periodic_gamma_power,first_session[T.meditation],-0.003870704824764378,0.009003337830801834,-0.021516922713782947,0.013775513064254192,-0.42991886981315847,0.6672546585249937,376,98,clean-csd|broad|knee
periodic_gamma_power,meditator,-0.010512845281061684,0.010260538844597461,-0.030623131878446928,0.00959744131632356,-1.024589979170253,0.30555669477023273,376,98,clean-csd|broad|knee
periodic_gamma_power,meditator:condition[T.meditation],-0.011766313390627512,0.006964778284906508,-0.025417027989350915,0.0018844012080958903,-1.6894024345507874,0.09114233477473684,376,98,clean-csd|broad|knee
periodic_gamma_power,Group Var,1.7498260325068318,0.33991775039596145,1.0835994840248717,2.416052580988792,5.147792459995115,2.63569871656221e-07,376,98,clean-csd|broad|knee
naive_gamma_power,Intercept,-7.86507818581472,0.05003270479819953,-7.963140485268315,-7.767015886361124,-157.1987406544879,0.0,376,98,clean-csd|broad|knee
naive_gamma_power,condition[T.meditation],-0.0011774018800157979,0.02689606604433836,-0.05389272265272966,0.05153791889269806,-0.04377598858044304,0.9650829670685055,376,98,clean-csd|broad|knee
naive_gamma_power,first_session[T.meditation],-0.025312703516966944,0.0469988426077483,-0.11742874234322018,0.06680333530928628,-0.5385814227006912,0.5901757088824424,376,98,clean-csd|broad|knee
naive_gamma_power,meditator,0.090723441792123,0.05299647732175721,-0.013147745066014876,0.19459462865026086,1.711876833649042,0.08691936875656613,376,98,clean-csd|broad|knee
naive_gamma_power,meditator:condition[T.meditation],0.019685941752326432,0.032763855332616755,-0.044530034694283,0.08390191819893587,0.6008432631775441,0.5479443856399779,376,98,clean-csd|broad|knee
naive_gamma_power,Group Var,2.2179223737681157,0.41174822197366845,1.410910688001322,3.0249340595349095,5.386598545919048,7.180356793113175e-08,376,98,clean-csd|broad|knee
exponent,Intercept,2.040158918417592,0.1309133402486256,1.783573486434448,2.2967443504007363,15.584041431858665,9.345469420699953e-55,303,93,clean-csd|narrow_low|fixed
exponent,condition[T.meditation],0.0023790710601960465,0.05162706536033439,-0.09880811767355473,0.10356625979394683,0.046081857327957124,0.9632450064000401,303,93,clean-csd|narrow_low|fixed
exponent,first_session[T.meditation],0.09065355471700966,0.12177459059098708,-0.14802025707343514,0.3293273665074545,0.7444373598552604,0.45661192405303763,303,93,clean-csd|narrow_low|fixed
exponent,meditator,-0.5017233516804619,0.13616398472267932,-0.7685998577283755,-0.23484684563254826,-3.684699391709968,0.0002289727190792765,303,93,clean-csd|narrow_low|fixed
exponent,meditator:condition[T.meditation],-0.037501496519902255,0.06415402587785492,-0.16324107670374852,0.088238083663944,-0.584554063548602,0.5588476029460668,303,93,clean-csd|narrow_low|fixed
exponent,Group Var,4.958348951399401,0.9518442923584505,3.0927684194868243,6.823929483311978,5.209201747812929,1.8965480523366343e-07,303,93,clean-csd|narrow_low|fixed
naive_gamma_power,Intercept,-7.922967072596409,0.04809796440690771,-8.017237350563637,-7.82869679462918,-164.72562134996573,0.0,303,93,clean-csd|narrow_low|fixed
naive_gamma_power,condition[T.meditation],-0.008080494351924539,0.024475084330517413,-0.05605077815831929,0.03988978945447021,-0.33015184923588425,0.7412852275057523,303,93,clean-csd|narrow_low|fixed
naive_gamma_power,first_session[T.meditation],-0.01427459332348555,0.0441737566377761,-0.10085356539536385,0.07230437874839275,-0.3231464654576907,0.746584321965676,303,93,clean-csd|narrow_low|fixed
naive_gamma_power,meditator,0.09202014562617553,0.05031682106600268,-0.006599011479736017,0.19063930273208707,1.8288147716142251,0.06742736133302042,303,93,clean-csd|narrow_low|fixed
naive_gamma_power,meditator:condition[T.meditation],0.026160195311032784,0.030364721155968267,-0.03335356455526646,0.08567395517733202,0.8615325389178135,0.388944807919575,303,93,clean-csd|narrow_low|fixed
naive_gamma_power,Group Var,2.7512825763847246,0.5502239015374665,1.6728635459381775,3.8297016068312715,5.0002963678912105,5.724225645161444e-07,303,93,clean-csd|narrow_low|fixed
exponent,Intercept,0.7550698811480042,0.1523671957897571,0.4564356649747173,1.0537040973212912,4.955593474266485,7.210984483642318e-07,318,93,clean-csd|narrow_low|knee
exponent,condition[T.meditation],-0.029655249980883563,0.11302302328302709,-0.25117630503944866,0.1918658050776815,-0.2623823812129166,0.7930266547407963,318,93,clean-csd|narrow_low|knee
exponent,first_session[T.meditation],-0.03518372171512656,0.13563116699220384,-0.3010159242009839,0.23064848077073075,-0.25940735079827887,0.7953209586740979,318,93,clean-csd|narrow_low|knee
exponent,meditator,-0.12708869736170358,0.16212230512253037,-0.4448425764924766,0.19066518176906944,-0.7839063062029081,0.43309508920062834,318,93,clean-csd|narrow_low|knee
exponent,meditator:condition[T.meditation],-0.02401583380719236,0.1384259918088058,-0.29532579227668826,0.24729412466230355,-0.17349222854305474,0.8622645359815275,318,93,clean-csd|narrow_low|knee
exponent,Group Var,1.0059949281839533,0.23575101497785597,0.5439314295085927,1.4680584268593138,4.267192352399611,1.9794847389933942e-05,318,93,clean-csd|narrow_low|knee
naive_gamma_power,Intercept,-7.905469305296671,0.04817621689106786,-7.999892955314554,-7.811045655278788,-164.09485458710623,0.0,318,93,clean-csd|narrow_low|knee
naive_gamma_power,condition[T.meditation],-0.012687655131079409,0.02486202609920612,-0.06141633086821826,0.03604102060605944,-0.5103226535300172,0.6098254345739067,318,93,clean-csd|narrow_low|knee
naive_gamma_power,first_session[T.meditation],-0.021807554548134246,0.04482831188581117,-0.10966943133205298,0.06605432223578447,-0.4864683417855104,0.6266351459623696,318,93,clean-csd|narrow_low|knee
naive_gamma_power,meditator,0.0941374165544571,0.050740811380361094,-0.005312746297390744,0.19358757940630494,1.8552603711593858,0.0635590543165973,318,93,clean-csd|narrow_low|knee
naive_gamma_power,meditator:condition[T.meditation],0.015241896373810467,0.03049850964898827,-0.04453408412035387,0.0750178768679748,0.4997587275323169,0.61724497503837,318,93,clean-csd|narrow_low|knee
naive_gamma_power,Group Var,2.6863060931296245,0.5274923699357805,1.652440045935816,3.720172140323433,5.092597061558764,3.5319179731111987e-07,318,93,clean-csd|narrow_low|knee
exponent,Intercept,1.2420340624096082,0.07363390378170878,1.0977142629563714,1.386353861862845,16.867692715188337,7.777549938225006e-64,353,97,clean-csd|narrow|fixed
exponent,condition[T.meditation],0.036366047963486935,0.034453406533406866,-0.031161387986707513,0.10389348391368139,1.055513855450709,0.29119037607700904,353,97,clean-csd|narrow|fixed
exponent,first_session[T.meditation],0.02631681411486275,0.06861653405329775,-0.10816912137356702,0.16080274960329252,0.3835345879525366,0.7013234297973827,353,97,clean-csd|narrow|fixed
exponent,meditator,-0.1460984946340436,0.07698969382008886,-0.2969955217021837,0.004798532434096531,-1.897637039256834,0.057743911679885046,353,97,clean-csd|narrow|fixed
exponent,meditator:condition[T.meditation],-0.07419806747974293,0.042002196226067386,-0.15652085935441917,0.008124724394933322,-1.7665282805781988,0.07730726128418293,353,97,clean-csd|narrow|fixed
exponent,Group Var,3.1447017398468082,0.5832503042140453,2.0015521496152493,4.287851330078367,5.391684697163472,6.980016514649548e-08,353,97,clean-csd|narrow|fixed
periodic_gamma_power,Intercept,0.0,0.0012136113068262565,-0.002378634452610052,0.002378634452610052,0.0,1.0,353,97,clean-csd|narrow|fixed
periodic_gamma_power,condition[T.meditation],0.0007793098807533536,0.0015113067784675253,-0.00218279697463425,0.0037414167361409572,0.5156530043116585,0.6060967833450175,353,97,clean-csd|narrow|fixed
periodic_gamma_power,first_session[T.meditation],0.0,0.000862007546441401,-0.0016895037454268838,0.0016895037454268838,0.0,1.0,353,97,clean-csd|narrow|fixed
periodic_gamma_power,meditator,0.0,0.0013289885020321207,-0.002604769599850793,0.002604769599850793,0.0,1.0,353,97,clean-csd|narrow|fixed
periodic_gamma_power,meditator:condition[T.meditation],-0.0022724799942625304,0.0018330357398519553,-0.005865164026747095,0.0013202040382220338,-1.239735780845204,0.21507313810330653,353,97,clean-csd|narrow|fixed
periodic_gamma_power,Group Var,1.232595164407831e-32,0.06777038845028166,-0.1328275205808413,0.1328275205808413,1.8187813182037444e-31,1.0,353,97,clean-csd|narrow|fixed
naive_gamma_power,Intercept,-7.89863263091054,0.048653916946977155,-7.993992555833418,-7.803272705987662,-162.3432012579468,0.0,353,97,clean-csd|narrow|fixed
naive_gamma_power,condition[T.meditation],-0.0005372044192044286,0.02516691976684612,-0.049863460764031996,0.04878905192562314,-0.021345656289337395,0.9829699236719546,353,97,clean-csd|narrow|fixed
naive_gamma_power,first_session[T.meditation],-0.010273887786587573,0.04504945925077468,-0.09856920544111071,0.07802142986793557,-0.22805796023868816,0.8196011817682773,353,97,clean-csd|narrow|fixed
naive_gamma_power,meditator,0.09812156967913684,0.050988325035844315,-0.0018137110231399856,0.19805685038141366,1.9243928803340429,0.05430535619665406,353,97,clean-csd|narrow|fixed
naive_gamma_power,meditator:condition[T.meditation],0.015687580444859142,0.03067454383981414,-0.04443342072337155,0.07580858161308984,0.5114201706399099,0.609056873873727,353,97,clean-csd|narrow|fixed
naive_gamma_power,Group Var,2.4839992049930046,0.46891694270012385,1.5649388855601298,3.4030595244258794,5.297311695946849,1.175199940261617e-07,353,97,clean-csd|narrow|fixed
exponent,Intercept,0.6212323323870395,0.10440126731274836,0.41660960851371387,0.825855056260365,5.950429035751573,2.6744050980839173e-09,361,98,clean-csd|narrow|knee
exponent,condition[T.meditation],0.026446781536273507,0.059572566268321046,-0.09031330281626143,0.14320686588880843,0.4439422907711319,0.6570843076640223,361,98,clean-csd|narrow|knee
exponent,first_session[T.meditation],-0.03631969551305232,0.09754107113617173,-0.22749668195340833,0.15485729092730366,-0.3723528467546598,0.7096301566684065,361,98,clean-csd|narrow|knee
exponent,meditator,0.07656110135203802,0.11058772102343668,-0.14018684898626083,0.2933090516903369,0.6923110508427291,0.4887420116954724,361,98,clean-csd|narrow|knee
exponent,meditator:condition[T.meditation],-0.06088336933021604,0.07268863434500171,-0.2033504747318206,0.08158373607138852,-0.8375913219286196,0.40226026835661743,361,98,clean-csd|narrow|knee
exponent,Group Var,1.9879115390142499,0.3913204193556233,1.2209376106621175,2.7548854673663823,5.080009732913222,3.7741553156010635e-07,361,98,clean-csd|narrow|knee
periodic_gamma_power,Intercept,0.0006883430490972088,0.0009076124269459852,-0.001090544619637913,0.002467230717832331,0.7584107804841397,0.4482051061026979,361,98,clean-csd|narrow|knee
periodic_gamma_power,condition[T.meditation],0.0001393879786129997,0.00048303408496830276,-0.000807341431230134,0.0010861173884561333,0.2885675834287067,0.7729123052849579,361,98,clean-csd|narrow|knee
periodic_gamma_power,first_session[T.meditation],-0.0013293753727297588,0.0008536516736647243,-0.003002501908454958,0.0003437511629954403,-1.557280813405723,0.11940382868721316,361,98,clean-csd|narrow|knee
periodic_gamma_power,meditator,0.001062820856500951,0.0009602093049805646,-0.0008191547988811924,0.0029447965118830945,1.1068637337590301,0.26835284771778944,361,98,clean-csd|narrow|knee
periodic_gamma_power,meditator:condition[T.meditation],-0.0003455555303858858,0.0005897891462292292,-0.0015015210154678024,0.0008104099546960308,-0.5858967269831398,0.5579449169360462,361,98,clean-csd|narrow|knee
periodic_gamma_power,Group Var,2.3548487591628002,0.6101920182503214,1.1588943797383628,3.550803138587238,3.8591929896348818,0.00011376207466113951,361,98,clean-csd|narrow|knee
naive_gamma_power,Intercept,-7.878838811951758,0.04833662239399712,-7.973576850978305,-7.784100772925211,-162.99936614789667,0.0,361,98,clean-csd|narrow|knee
naive_gamma_power,condition[T.meditation],-0.008393763551080735,0.025168479009210765,-0.05772307595478618,0.04093554885262471,-0.3335030117635999,0.7387546163984235,361,98,clean-csd|narrow|knee
naive_gamma_power,first_session[T.meditation],-0.014195271358332859,0.04548491711158476,-0.10334407073682861,0.07495352802016289,-0.31208744040378605,0.7549740712948285,361,98,clean-csd|narrow|knee
naive_gamma_power,meditator,0.08483947668006386,0.05108821630004443,-0.015291587302415366,0.1849705406625431,1.660646677930505,0.09678442837536866,361,98,clean-csd|narrow|knee
naive_gamma_power,meditator:condition[T.meditation],0.0203325072552644,0.030725892955736665,-0.03988913633081241,0.08055415084134121,0.6617385305792465,0.5081388066629394,361,98,clean-csd|narrow|knee
naive_gamma_power,Group Var,2.4847027832933,0.46717162114454686,1.5690632312507975,3.4003423353358024,5.318608132073399,1.0456406939526102e-07,361,98,clean-csd|narrow|knee
exponent,Intercept,1.1552939265454973,0.06393793655069373,1.0299778736603304,1.2806099794306642,18.068989849703907,5.5928352060208205e-73,362,98,clean-csd|primary|fixed
exponent,condition[T.meditation],0.05903142031148581,0.03218988561431616,-0.004059596159037865,0.12212243678200949,1.8338499558144474,0.06667626988771147,362,98,clean-csd|primary|fixed
exponent,first_session[T.meditation],0.017617567984881722,0.06037935907662873,-0.1007238012149222,0.13595893718468566,0.2917813016617631,0.7704538425636812,362,98,clean-csd|primary|fixed
exponent,meditator,-0.07865599417151295,0.06755312065576984,-0.21105767770011064,0.053745689357084736,-1.1643576700522835,0.24427909444977203,362,98,clean-csd|primary|fixed
exponent,meditator:condition[T.meditation],-0.0842338386992744,0.039237288205624964,-0.16113751043331756,-0.007330166965231227,-2.1467803345084087,0.03181077365425718,362,98,clean-csd|primary|fixed
exponent,Group Var,2.7049619493423562,0.5045006354160931,1.7161588737492413,3.6937650249354714,5.361662125779892,8.245966712315507e-08,362,98,clean-csd|primary|fixed
naive_gamma_power,Intercept,-7.875854327631471,0.048226406436997035,-7.970376347351776,-7.781332307911166,-163.30999776897093,0.0,362,98,clean-csd|primary|fixed
naive_gamma_power,condition[T.meditation],-0.009533187396067337,0.025921937553954826,-0.0603392514113151,0.04127287661918042,-0.36776523268079897,0.7130482952324785,362,98,clean-csd|primary|fixed
naive_gamma_power,first_session[T.meditation],-0.013286114620152362,0.04534400380207937,-0.1021587289870752,0.07558649974677048,-0.29300709037835543,0.7695167320932976,362,98,clean-csd|primary|fixed
naive_gamma_power,meditator,0.08951994225764555,0.051025268355941844,-0.010487746021491759,0.18952763053678284,1.754423742236351,0.07935792606059104,362,98,clean-csd|primary|fixed
naive_gamma_power,meditator:condition[T.meditation],0.019664462375523137,0.031591368201402424,-0.04225348152156952,0.08158240627261579,0.6224631440511709,0.5336373711710339,362,98,clean-csd|primary|fixed
naive_gamma_power,Group Var,2.3153192752622056,0.4371039372620491,1.458611300727934,3.172027249796477,5.296953602763234,1.1775059882997641e-07,362,98,clean-csd|primary|fixed
exponent,Intercept,0.7517683415630114,0.1255737134773919,0.5056483857423713,0.9978882973836516,5.986669667918665,2.1418115099134314e-09,367,98,clean-csd|primary|knee
exponent,condition[T.meditation],0.07857063885551774,0.06196992806798671,-0.04288818828227402,0.2000294659933095,1.267883331562343,0.20483961744788848,367,98,clean-csd|primary|knee
exponent,first_session[T.meditation],-0.03266621075279546,0.11854327895383837,-0.2650067681116036,0.19967434660601271,-0.2755635835374178,0.7828832831443822,367,98,clean-csd|primary|knee
exponent,meditator,0.25284489183483855,0.13255159201250552,-0.006951454603119356,0.5126412382727965,1.9075205962896622,0.05645320652333685,367,98,clean-csd|primary|knee
exponent,meditator:condition[T.meditation],-0.12178414582639029,0.0752594342868716,-0.2692899265255175,0.025721634872736918,-1.6181910876738355,0.105621422948474,367,98,clean-csd|primary|knee
exponent,Group Var,2.8308276963846466,0.5313388423013362,1.7894227018868203,3.872232690882473,5.327725870978599,9.945006735724153e-08,367,98,clean-csd|primary|knee
naive_gamma_power,Intercept,-7.877252770866303,0.048421516998454976,-7.972157200260068,-7.782348341472537,-162.6808340415615,0.0,367,98,clean-csd|primary|knee
naive_gamma_power,condition[T.meditation],-0.012316426202603604,0.026006601730708654,-0.0632884289550696,0.038655576549862396,-0.47358844996885313,0.6357934134221521,367,98,clean-csd|primary|knee
naive_gamma_power,first_session[T.meditation],-0.010421287955112764,0.04544619665544746,-0.09949419663411445,0.07865162072388891,-0.22931045328440272,0.8186276293847741,367,98,clean-csd|primary|knee
naive_gamma_power,meditator,0.0909530161944268,0.05119976744761313,-0.009396684019721172,0.19130271640857477,1.7764341661803178,0.07566138388944185,367,98,clean-csd|primary|knee
naive_gamma_power,meditator:condition[T.meditation],0.022393624254239613,0.031583513046562185,-0.039508923822273195,0.08429617233075241,0.7090289234521086,0.4783065282674548,367,98,clean-csd|primary|knee
naive_gamma_power,Group Var,2.3143798314916135,0.43467340055334175,1.4624356213695109,3.1663240416137164,5.324410991207179,1.0128067988209818e-07,367,98,clean-csd|primary|knee
exponent,Intercept,1.6615273795127343,0.07673633751912967,1.5111269216697305,1.8119278373557381,21.652419612788147,5.767172007931149e-104,370,98,clean-csd|ray|fixed
exponent,condition[T.meditation],0.03848888554006255,0.038483999945508406,-0.036938368334175326,0.11391613941430043,1.0001269513190174,0.31724907475738606,370,98,clean-csd|ray|fixed
exponent,first_session[T.meditation],-0.05813345501423337,0.07218226776122949,-0.1996081001486698,0.08334119012020308,-0.8053703051632023,0.42060602223459354,370,98,clean-csd|ray|fixed
exponent,meditator,0.13770737195156743,0.08099345885936085,-0.0210368903961064,0.29645163429924126,1.7002283133837524,0.08908798852443535,370,98,clean-csd|ray|fixed
exponent,meditator:condition[T.meditation],-0.023728818303505157,0.046420382603787065,-0.11471109635549745,0.06725345974848715,-0.5111723982552724,0.6092303443156062,370,98,clean-csd|ray|fixed
exponent,Group Var,2.783371053587744,0.5102983824288032,1.7832046026582424,3.7835375045172452,5.454399130838083,4.9138718601941466e-08,370,98,clean-csd|ray|fixed
naive_gamma_power,Intercept,-7.8669780572531325,0.05036610259174919,-7.96569380437461,-7.768262310131655,-156.19588676575256,0.0,370,98,clean-csd|ray|fixed
naive_gamma_power,condition[T.meditation],0.005078001855227303,0.027989556872512217,-0.049780521558132194,0.0599365252685868,0.18142487494020568,0.8560340954672794,370,98,clean-csd|ray|fixed
naive_gamma_power,first_session[T.meditation],-0.027071537828723128,0.046992093239784156,-0.11917434813684821,0.06503127247940196,-0.5760870810880157,0.5645563231496371,370,98,clean-csd|ray|fixed
naive_gamma_power,meditator,0.09306004694086327,0.05327433812010596,-0.011355737074753694,0.19747583095648025,1.7468081298553388,0.08067062589644433,370,98,clean-csd|ray|fixed
naive_gamma_power,meditator:condition[T.meditation],0.013760937744025281,0.03376133228318559,-0.052410057601107916,0.07993193308915848,0.4075946301111685,0.6835713073332224,370,98,clean-csd|ray|fixed
naive_gamma_power,Group Var,2.173303128934101,0.4058113509532493,1.3779274965481882,2.968678761320014,5.35545179756313,8.534289694992411e-08,370,98,clean-csd|ray|fixed
exponent,Intercept,2.652088277425336,0.12581998124118188,2.4054856456571145,2.8986909091935575,21.07843485003864,1.2546431894529336e-98,346,96,clean-csd|ray|knee
exponent,condition[T.meditation],-0.036691398153510496,0.08394263677102935,-0.20121594299205564,0.12783314668503465,-0.43710085321234027,0.6620382085641995,346,96,clean-csd|ray|knee
exponent,first_session[T.meditation],-0.04970340358720601,0.11574802684443254,-0.2765653674838692,0.17715856030945712,-0.4294103747790733,0.6676246049672026,346,96,clean-csd|ray|knee
exponent,meditator,0.19477333703287042,0.13438437778695708,-0.06861520351438993,0.45816187758013077,1.4493748472880492,0.14723292903823987,346,96,clean-csd|ray|knee
exponent,meditator:condition[T.meditation],0.015344672867188741,0.10216416171222001,-0.18489340459948841,0.2155827503338659,0.15019623917056368,0.8806097929457812,346,96,clean-csd|ray|knee
exponent,Group Var,1.4006207697765165,0.28732409658893654,0.8374758885716931,1.96376565098134,4.874706947326908,1.0897009781814894e-06,346,96,clean-csd|ray|knee
naive_gamma_power,Intercept,-7.882965621265688,0.04894235114197283,-7.978890866822668,-7.787040375708709,-161.0663451455089,0.0,346,96,clean-csd|ray|knee
naive_gamma_power,condition[T.meditation],0.002297366473283876,0.02564851871185104,-0.047972806458745826,0.05256753940531357,0.08957111711181844,0.9286280373284036,346,96,clean-csd|ray|knee
naive_gamma_power,first_session[T.meditation],-0.01945514404686797,0.04611230051744722,-0.10983359230535222,0.07092330421161627,-0.4219079037166417,0.6730922407995374,346,96,clean-csd|ray|knee
naive_gamma_power,meditator,0.08795116767686434,0.05198590437229239,-0.013939332596572068,0.18984166795030075,1.6918272123729914,0.09067892345402136,346,96,clean-csd|ray|knee
naive_gamma_power,meditator:condition[T.meditation],0.0003807406660257377,0.03123601827378393,-0.06084073017102575,0.06160221150307723,0.012189154926487204,0.9902747022990093,346,96,clean-csd|ray|knee
naive_gamma_power,Group Var,2.5866456295355444,0.4906382620214538,1.6250123065361688,3.54827895253492,5.2720014514938915,1.3494401051066505e-07,346,96,clean-csd|ray|knee
exponent,Intercept,1.2992116693664901,0.04471161314331008,1.2115785179149146,1.3868448208180657,29.057588801420444,1.2339949433519027e-185,376,98,clean-csd|very_broad|fixed
exponent,condition[T.meditation],0.04388227633508143,0.021456417274944652,0.0018284712389268626,0.085936081431236,2.0451819039856285,0.040836927856587296,376,98,clean-csd|very_broad|fixed
exponent,first_session[T.meditation],-0.0086024717167266,0.042315694608887594,-0.091539709130942,0.07433476569748881,-0.20329269780956916,0.8389062626687992,376,98,clean-csd|very_broad|fixed
exponent,meditator,-0.04921499292505208,0.047238264587503874,-0.1418002902087335,0.04337030435862934,-1.0418459135789488,0.29748312342019056,376,98,clean-csd|very_broad|fixed
exponent,meditator:condition[T.meditation],-0.0587684143828686,0.026142312754100346,-0.1100064058534874,-0.007530422912249812,-2.2480189467418468,0.024574981796043994,376,98,clean-csd|very_broad|fixed
exponent,Group Var,2.898917881266401,0.5257640564180616,1.8684392663213154,3.9293964962114867,5.51372397157809,3.513194524020891e-08,376,98,clean-csd|very_broad|fixed
periodic_gamma_power,Intercept,0.023103503201886703,0.013289868988467473,-0.002944161374765303,0.04915116777853871,1.7384297183016018,0.08213512399910484,376,98,clean-csd|very_broad|fixed
periodic_gamma_power,condition[T.meditation],0.012771462382147774,0.007476231458694316,-0.0018816820169784369,0.027424606781273987,1.7082754129148165,0.08758525124328684,376,98,clean-csd|very_broad|fixed
periodic_gamma_power,first_session[T.meditation],-0.0034139364254211287,0.012439589859801795,-0.027795084533082305,0.02096721168224005,-0.27444123672060716,0.7837455567086553,376,98,clean-csd|very_broad|fixed
periodic_gamma_power,meditator,0.03451069533388391,0.01409360175720712,0.006887743477307532,0.06213364719046029,2.4486781965607896,0.014338148628331378,376,98,clean-csd|very_broad|fixed
periodic_gamma_power,meditator:condition[T.meditation],-0.012688725870127315,0.00910679345970895,-0.03053771306580177,0.005160261325547141,-1.393325315465411,0.16352143867590607,376,98,clean-csd|very_broad|fixed
periodic_gamma_power,Group Var,1.98578634936205,0.3784530687535891,1.2440319647663545,2.7275407339577455,5.2471138783525,1.545004065963641e-07,376,98,clean-csd|very_broad|fixed
naive_gamma_power,Intercept,-7.86507818581472,0.05003270479819953,-7.963140485268315,-7.767015886361124,-157.1987406544879,0.0,376,98,clean-csd|very_broad|fixed
naive_gamma_power,condition[T.meditation],-0.0011774018800157979,0.02689606604433836,-0.05389272265272966,0.05153791889269806,-0.04377598858044304,0.9650829670685055,376,98,clean-csd|very_broad|fixed
naive_gamma_power,first_session[T.meditation],-0.025312703516966944,0.0469988426077483,-0.11742874234322018,0.06680333530928628,-0.5385814227006912,0.5901757088824424,376,98,clean-csd|very_broad|fixed
naive_gamma_power,meditator,0.090723441792123,0.05299647732175721,-0.013147745066014876,0.19459462865026086,1.711876833649042,0.08691936875656613,376,98,clean-csd|very_broad|fixed
naive_gamma_power,meditator:condition[T.meditation],0.019685941752326432,0.032763855332616755,-0.044530034694283,0.08390191819893587,0.6008432631775441,0.5479443856399779,376,98,clean-csd|very_broad|fixed
naive_gamma_power,Group Var,2.2179223737681157,0.41174822197366845,1.410910688001322,3.0249340595349095,5.386598545919048,7.180356793113175e-08,376,98,clean-csd|very_broad|fixed
exponent,Intercept,1.3614513415446252,0.0583473545562938,1.2470926280211003,1.47581005506815,23.333557312030155,2.024353714166039e-120,375,98,clean-csd|very_broad|knee
exponent,condition[T.meditation],0.06133936075237476,0.03138379927341039,-0.00017175552154391482,0.12285047702629344,1.9544912398271654,0.050643149860916586,375,98,clean-csd|very_broad|knee
exponent,first_session[T.meditation],-0.011956804070034252,0.05481361407743061,-0.11938951352427594,0.09547590538420743,-0.21813566339821847,0.8273234110273562,375,98,clean-csd|very_broad|knee
exponent,meditator,0.005574950752722022,0.06180045059162121,-0.11555170663520263,0.12670160814064668,0.09020890138101782,0.9281212108903256,375,98,clean-csd|very_broad|knee
exponent,meditator:condition[T.meditation],-0.09500317001301965,0.03826464444086743,-0.17000049499835063,-0.020005845027688693,-2.4827924419847553,0.013035701807717745,375,98,clean-csd|very_broad|knee
exponent,Group Var,2.2144529828747803,0.41693065506565524,1.3972839148954037,3.031622050854157,5.311322053126711,1.0883280658692099e-07,375,98,clean-csd|very_broad|knee
periodic_gamma_power,Intercept,0.025841545832308476,0.0107243082052112,0.004822287990987134,0.04686080367362982,2.4096235708473435,0.01596898725359924,375,98,clean-csd|very_broad|knee
periodic_gamma_power,condition[T.meditation],0.007538743975306745,0.005568616522332426,-0.003375543852179496,0.018453031802792987,1.3537911876447775,0.17580300592463616,375,98,clean-csd|very_broad|knee
periodic_gamma_power,first_session[T.meditation],-0.0010874166678158852,0.010100175720967882,-0.02088339731843881,0.018708563982807038,-0.10766314347961463,0.9142629067630084,375,98,clean-csd|very_broad|knee
periodic_gamma_power,meditator,0.020254315632090684,0.011349363331584634,-0.001990027745274719,0.04249865900945608,1.7846213078511701,0.0743227628191056,375,98,clean-csd|very_broad|knee
periodic_gamma_power,meditator:condition[T.meditation],-0.0032516928589341933,0.006789801643977254,-0.016559459543300462,0.010056073825432076,-0.47890837309194983,0.6320038140249975,375,98,clean-csd|very_broad|knee
periodic_gamma_power,Group Var,2.4095082183012546,0.4433218176590349,1.5406134221287133,3.278403014473796,5.435122121948985,5.475891542395591e-08,375,98,clean-csd|very_broad|knee
naive_gamma_power,Intercept,-7.866756954002918,0.05021551712970626,-7.965177559042196,-7.76833634896364,-156.65988132081068,0.0,375,98,clean-csd|very_broad|knee
naive_gamma_power,condition[T.meditation],-0.0011063148886264946,0.026235018758985512,-0.052526006789970804,0.05031337701271781,-0.04216939575267432,0.9663636595007928,375,98,clean-csd|very_broad|knee
naive_gamma_power,first_session[T.meditation],-0.022175324583330235,0.04727355674136651,-0.11482979321751927,0.07047914405085881,-0.46908517386689075,0.6390087561331382,375,98,clean-csd|very_broad|knee
naive_gamma_power,meditator,0.09089012081941177,0.05315100074321614,-0.013283926379553515,0.19506416801837706,1.710035926859052,0.08725922971962628,375,98,clean-csd|very_broad|knee
naive_gamma_power,meditator:condition[T.meditation],0.014692435950465687,0.031987543881152776,-0.04800199801048833,0.0773868699114197,0.45931741446152563,0.6460062440348219,375,98,clean-csd|very_broad|knee
naive_gamma_power,Group Var,2.3746330720318807,0.4382628429509173,1.515653684085949,3.233612459977812,5.418285191696767,6.017337798564844e-08,375,98,clean-csd|very_broad|knee
exponent,Intercept,1.4661934574571795,0.05976616273776295,1.3490539309970044,1.5833329839173547,24.53216653527553,6.704564894746246e-133,350,95,raw-average|broad|fixed
exponent,condition[T.meditation],0.012293299866564918,0.02539467383700917,-0.03747934625311464,0.06206594598624447,0.48408969319578976,0.6283222156506072,350,95,raw-average|broad|fixed
exponent,first_session[T.meditation],5.710936975437994e-05,0.057316864951766335,-0.11228188164245374,0.1123961003819625,0.000996379857873228,0.9992050040262498,350,95,raw-average|broad|fixed
exponent,meditator,-0.10874463141469598,0.06317292974259445,-0.2325612985080603,0.015072035678668327,-1.721380215509852,0.08518185198996385,350,95,raw-average|broad|fixed
exponent,meditator:condition[T.meditation],-0.033179087711362236,0.030926953733955022,-0.09379480318145061,0.02743662775872615,-1.0728210737074493,0.2833514036422713,350,95,raw-average|broad|fixed
exponent,Group Var,4.1340497181169935,0.7482160965732012,2.6675731161803764,5.600526320053611,5.525208207963943,3.290951010205594e-08,350,95,raw-average|broad|fixed
naive_gamma_power,Intercept,-13.778279006996158,0.05430853284764997,-13.884721775430762,-13.671836238561554,-253.70376043204726,0.0,350,95,raw-average|broad|fixed
naive_gamma_power,condition[T.meditation],-0.010617761831595582,0.02467742565039966,-0.05898462733754383,0.03774910367435267,-0.43026213439016575,0.6670049682537589,350,95,raw-average|broad|fixed
naive_gamma_power,first_session[T.meditation],-0.04078084185427424,0.051876577479958934,-0.1424570653561954,0.060895381647646914,-0.7861128053412695,0.43180140291705593,350,95,raw-average|broad|fixed
naive_gamma_power,meditator,0.09157010646010019,0.05746475247028848,-0.02105873876217433,0.20419895168237473,1.5935004071834384,0.11104797705404969,350,95,raw-average|broad|fixed
naive_gamma_power,meditator:condition[T.meditation],0.031464294742063886,0.03005281601548162,-0.02743814228228862,0.0903667317664164,1.0469666045889061,0.2951149808496527,350,95,raw-average|broad|fixed
naive_gamma_power,Group Var,3.5457278409173085,0.648348352895284,2.2749884198066868,4.81646726202793,5.468862263755894,4.5293354157607613e-08,350,95,raw-average|broad|fixed
exponent,Intercept,1.7612021658549084,0.10024843207060896,1.5647188494899047,1.9576854822199121,17.568376177838108,4.303138833662975e-69,350,95,raw-average|broad|knee
exponent,condition[T.meditation],0.026749710666525955,0.03957516632968338,-0.05081619002183567,0.10431561135488758,0.6759216232645955,0.4990904081836095,350,95,raw-average|broad|knee
exponent,first_session[T.meditation],0.061226770177775246,0.09650292008550532,-0.12791547759276217,0.2503690179483127,0.6344551037784759,0.5257838578438963,350,95,raw-average|broad|knee
exponent,meditator,-0.20716758183839967,0.10585810968545598,-0.41464566429338406,0.00031050061658471906,-1.9570308071244802,0.050343846451485944,350,95,raw-average|broad|knee
exponent,meditator:condition[T.meditation],-0.057096248217514585,0.048198416117434466,-0.151563407919561,0.03737091148453183,-1.1846083920766344,0.23617231741037414,350,95,raw-average|broad|knee
exponent,Group Var,4.875893283792162,0.8783732036195323,3.154313439712811,6.597473127871512,5.551049671938942,2.839593807029531e-08,350,95,raw-average|broad|knee
periodic_gamma_power,Intercept,0.08875583399536036,0.009398239691598467,0.07033562268175253,0.10717604530896818,9.443878524901148,3.592304101226925e-21,350,95,raw-average|broad|knee
periodic_gamma_power,condition[T.meditation],-0.0010287250602417847,0.006739482700548934,-0.014237868427748436,0.012180418307264866,-0.15264154623588463,0.8786809597322698,350,95,raw-average|broad|knee
periodic_gamma_power,first_session[T.meditation],-0.009605414395049932,0.008544583959397408,-0.026352491218347505,0.007141662428247644,-1.1241523801151034,0.26094838725411407,350,95,raw-average|broad|knee
periodic_gamma_power,meditator,-0.01606171443843411,0.010066472237649851,-0.035791637475600144,0.003668208598731928,-1.5955653638383178,0.11058586570618861,350,95,raw-average|broad|knee
periodic_gamma_power,meditator:condition[T.meditation],-0.002947737412244128,0.00820702681896679,-0.01903321439757336,0.013137739573085104,-0.3591723869394189,0.7194661323022331,350,95,raw-average|broad|knee
periodic_gamma_power,Group Var,1.0998924372803338,0.23246954132976072,0.6442605087714572,1.5555243657892104,4.731339989698365,2.2304259286822968e-06,350,95,raw-average|broad|knee
naive_gamma_power,Intercept,-13.778279006996158,0.05430853284764997,-13.884721775430762,-13.671836238561554,-253.70376043204726,0.0,350,95,raw-average|broad|knee
naive_gamma_power,condition[T.meditation],-0.010617761831595582,0.02467742565039966,-0.05898462733754383,0.03774910367435267,-0.43026213439016575,0.6670049682537589,350,95,raw-average|broad|knee
naive_gamma_power,first_session[T.meditation],-0.04078084185427424,0.051876577479958934,-0.1424570653561954,0.060895381647646914,-0.7861128053412695,0.43180140291705593,350,95,raw-average|broad|knee
naive_gamma_power,meditator,0.09157010646010019,0.05746475247028848,-0.02105873876217433,0.20419895168237473,1.5935004071834384,0.11104797705404969,350,95,raw-average|broad|knee
naive_gamma_power,meditator:condition[T.meditation],0.031464294742063886,0.03005281601548162,-0.02743814228228862,0.0903667317664164,1.0469666045889061,0.2951149808496527,350,95,raw-average|broad|knee
naive_gamma_power,Group Var,3.5457278409173085,0.648348352895284,2.2749884198066868,4.81646726202793,5.468862263755894,4.5293354157607613e-08,350,95,raw-average|broad|knee
exponent,Intercept,2.3374399543569324,0.13382659128919025,2.075144655256358,2.599735253457507,17.466184648653886,2.5926321941866694e-68,281,88,raw-average|narrow_low|fixed
exponent,condition[T.meditation],0.16135687983124217,0.06254385385051364,0.03877317882989864,0.28394058083258567,2.5798998606146335,0.009882896895314318,281,88,raw-average|narrow_low|fixed
exponent,first_session[T.meditation],0.08797015273105444,0.12553463607414883,-0.15807321278661993,0.3340135182487288,0.7007639921710022,0.4834503129292337,281,88,raw-average|narrow_low|fixed
exponent,meditator,-0.5244650237815311,0.139522417691522,-0.7979239374928684,-0.25100611007019397,-3.7590018325306014,0.00017059258846686078,281,88,raw-average|narrow_low|fixed
exponent,meditator:condition[T.meditation],-0.17613507940821976,0.07729993095370953,-0.32764016008492336,-0.024629998731516167,-2.2785929720130915,0.022691272108646864,281,88,raw-average|narrow_low|fixed
exponent,Group Var,3.653415310061752,0.7410881160826336,2.2009092931691514,5.105921326954353,4.929798806346511,8.231434492619508e-07,281,88,raw-average|narrow_low|fixed
naive_gamma_power,Intercept,-13.822150811890147,0.05065856947679613,-13.921439783572987,-13.722861840207306,-272.8492129692155,0.0,281,88,raw-average|narrow_low|fixed
naive_gamma_power,condition[T.meditation],-0.040850461922845,0.021951172022336783,-0.08387396850506836,0.0021730446593783564,-1.8609695136677407,0.0627484820288342,281,88,raw-average|narrow_low|fixed
naive_gamma_power,first_session[T.meditation],-0.020177724149591392,0.047760951846611464,-0.11378746963630165,0.07343202133711887,-0.42247324162202515,0.6726796279216971,281,88,raw-average|narrow_low|fixed
naive_gamma_power,meditator,0.07464299230478805,0.05273510687075633,-0.02871591788276512,0.1780019024923412,1.415432654526021,0.15694168100298564,281,88,raw-average|narrow_low|fixed
naive_gamma_power,meditator:condition[T.meditation],0.05053150306009337,0.02713548164635889,-0.002653063669917702,0.10371606979010445,1.862192966339841,0.06257589551429528,281,88,raw-average|narrow_low|fixed
naive_gamma_power,Group Var,4.3636226737407044,0.8552813742698052,2.6873019835239638,6.039943363957445,5.101973227776811,3.361303094505855e-07,281,88,raw-average|narrow_low|fixed
exponent,Intercept,0.7969006569155482,0.1769898079406895,0.45000700772113555,1.143794306109961,4.50252286381708,6.715152805461118e-06,287,88,raw-average|narrow_low|knee
exponent,condition[T.meditation],0.15492226772611722,0.11565177572648293,-0.07175104744589295,0.3815955828981274,1.3395580547981314,0.1803890683303908,287,88,raw-average|narrow_low|knee
exponent,first_session[T.meditation],-0.10387329163678326,0.16516459698264588,-0.4275899532438421,0.21984336997027554,-0.6289077292253945,0.5294094656073018,287,88,raw-average|narrow_low|knee
exponent,meditator,-0.1940700322026327,0.18818216528324477,-0.5629002986905561,0.17476023428529075,-1.0312881239862752,0.3024057258435444,287,88,raw-average|narrow_low|knee
exponent,meditator:condition[T.meditation],-0.23156152216743459,0.14379542171526408,-0.5133953698711009,0.05027232553623179,-1.6103539278598187,0.10732061248226067,287,88,raw-average|narrow_low|knee
exponent,Group Var,1.56235247862328,0.3741317766402496,0.829067670936407,2.295637286310153,4.175941676629026,2.967558523083224e-05,287,88,raw-average|narrow_low|knee
naive_gamma_power,Intercept,-13.817659468628245,0.0499947003071152,-13.915647280648065,-13.719671656608424,-276.3824842182668,0.0,287,88,raw-average|narrow_low|knee
naive_gamma_power,condition[T.meditation],-0.03164124093894299,0.02171379227237361,-0.0741994917605794,0.010917009882693424,-1.4571955254080624,0.14506241541603399,287,88,raw-average|narrow_low|knee
naive_gamma_power,first_session[T.meditation],-0.017479112408803395,0.048306615902888136,-0.11215833979347398,0.07720011497586718,-0.361836822598835,0.7174739734918101,287,88,raw-average|narrow_low|knee
naive_gamma_power,meditator,0.07164806631280568,0.052694145525422946,-0.03163056111313574,0.17492669373874709,1.3596968998811867,0.17392585956998163,287,88,raw-average|narrow_low|knee
naive_gamma_power,meditator:condition[T.meditation],0.04629982806235374,0.02703528929742395,-0.0066883652722183815,0.09928802139692586,1.7125700987695889,0.0867916581801109,287,88,raw-average|narrow_low|knee
naive_gamma_power,Group Var,4.326065478565432,0.8434514443014723,2.672931025026255,5.97919993210461,5.129003581407325,2.9127980220254233e-07,287,88,raw-average|narrow_low|knee
exponent,Intercept,1.4265331152135885,0.08633946529007872,1.2573108728005882,1.5957553576265888,16.522376070094932,2.53222416944801e-61,328,95,raw-average|narrow|fixed
exponent,condition[T.meditation],0.05422951774553819,0.03752359574547266,-0.019315378486028628,0.127774413977105,1.4452111176493834,0.14839859453981924,328,95,raw-average|narrow|fixed
exponent,first_session[T.meditation],0.05359201645417356,0.08244924997431378,-0.10800554404782145,0.21518957695616855,0.6500000481613792,0.5156921905021413,328,95,raw-average|narrow|fixed
exponent,meditator,-0.19390068563399643,0.0911430833390556,-0.3725378464184781,-0.015263524849514792,-2.1274317099047306,0.03338422977638207,328,95,raw-average|narrow|fixed
exponent,meditator:condition[T.meditation],-0.08563107777882105,0.04549363102907775,-0.17479695612176732,0.0035348005641252095,-1.882265183979028,0.05980001916444909,328,95,raw-average|narrow|fixed
exponent,Group Var,4.333322362774853,0.8172139060291513,2.731612539292416,5.935032186257289,5.302555831227224,1.1419252600916882e-07,328,95,raw-average|narrow|fixed
naive_gamma_power,Intercept,-13.792680849039188,0.05256215605075219,-13.895700781848436,-13.68966091622994,-262.4070602378155,0.0,328,95,raw-average|narrow|fixed
naive_gamma_power,condition[T.meditation],-0.016145063387930862,0.024963924118642327,-0.06507345557326064,0.03278332879739891,-0.6467357980740777,0.5178029502699549,328,95,raw-average|narrow|fixed
naive_gamma_power,first_session[T.meditation],-0.027863024968610223,0.04988070650424611,-0.1256274132403454,0.06990136330312496,-0.558593230154797,0.5764393613040566,328,95,raw-average|narrow|fixed
naive_gamma_power,meditator,0.08104475779090177,0.055545995796609036,-0.027823393455865167,0.18991290903766872,1.459056708383818,0.14454950023288105,328,95,raw-average|narrow|fixed
naive_gamma_power,meditator:condition[T.meditation],0.044341577657252426,0.03026633057382417,-0.014979340211626453,0.1036624955261313,1.465046367252766,0.1429082677744252,328,95,raw-average|narrow|fixed
naive_gamma_power,Group Var,3.5220558997889557,0.6634988420726341,2.221622065542564,4.822489734035347,5.30830753040469,1.1064784105303846e-07,328,95,raw-average|narrow|fixed
exponent,Intercept,0.6405992706429008,0.10784762577590973,0.4292218083039641,0.8519767329818375,5.939855106073123,2.8527410005611206e-09,338,95,raw-average|narrow|knee
exponent,condition[T.meditation],0.06194027008304302,0.06482462342826542,-0.06511365714772861,0.18899419731381467,0.9555052819024208,0.3393222355563825,338,95,raw-average|narrow|knee
exponent,first_session[T.meditation],0.05086923466396039,0.10036176347862939,-0.14583620717908055,0.24757467650700135,0.5068587169135611,0.6122539538662667,338,95,raw-average|narrow|knee
exponent,meditator,0.07584266243875273,0.11451209013955432,-0.148596910029178,0.3002822349066835,0.6623113973932736,0.50777167396163,338,95,raw-average|narrow|knee
exponent,meditator:condition[T.meditation],-0.052057759335129024,0.07854803594795293,-0.20600908084947422,0.10189356217921619,-0.662750617591804,0.5074902855807546,338,95,raw-average|narrow|knee
exponent,Group Var,1.9125292263530673,0.3951563756859833,1.138036961747161,2.6870214909589736,4.839930073336046,1.2988482181263898e-06,338,95,raw-average|narrow|knee
naive_gamma_power,Intercept,-13.792031171312418,0.052202885427941666,-13.894346946640255,-13.689715395984582,-264.2005524838329,0.0,338,95,raw-average|narrow|knee
naive_gamma_power,condition[T.meditation],-0.01586213024670969,0.02502243945272729,-0.06490521037938932,0.03318094988596994,-0.6339162205458275,0.5261354992147734,338,95,raw-average|narrow|knee
naive_gamma_power,first_session[T.meditation],-0.028215809501016088,0.049626401981770006,-0.12548177006759248,0.0690501510655603,-0.5685644812892342,0.5696517347982528,338,95,raw-average|narrow|knee
naive_gamma_power,meditator,0.0906327439897294,0.055172709450832,-0.017503779463393987,0.19876926744285278,1.6427096818672309,0.10044301464040181,338,95,raw-average|narrow|knee
naive_gamma_power,meditator:condition[T.meditation],0.036123196080025,0.030309605543094156,-0.023282539170055135,0.09552893133010512,1.1918068689038228,0.23333698182673823,338,95,raw-average|narrow|knee
naive_gamma_power,Group Var,3.3532104652266073,0.6288701937367401,2.1206475345518703,4.585773395901344,5.332118613066817,9.707349481352593e-08,338,95,raw-average|narrow|knee
exponent,Intercept,1.3373367126767408,0.07332360584200374,1.1936250860098028,1.4810483393436789,18.238829055385075,2.5383803811490826e-74,338,95,raw-average|primary|fixed
exponent,condition[T.meditation],0.061954102040972854,0.03561192367371828,-0.007843985779704306,0.13175218986165002,1.73970107901515,0.08191151978512658,338,95,raw-average|primary|fixed
exponent,first_session[T.meditation],0.0435828153434157,0.06937672156988572,-0.09239306029902342,0.17955869098585484,0.6282051725305746,0.529869542268909,338,95,raw-average|primary|fixed
exponent,meditator,-0.14715721574483345,0.07739436522310422,-0.298847384188457,0.004532952698790088,-1.9013944402880536,0.057250367222317564,338,95,raw-average|primary|fixed
exponent,meditator:condition[T.meditation],-0.07650265967516885,0.04309104142349434,-0.16095954892154135,0.007954229571203633,-1.7753727259294698,0.07583636433284498,338,95,raw-average|primary|fixed
exponent,Group Var,3.2228611388045802,0.6145859640734189,2.0182947838168515,4.427427493792309,5.243954999303522,1.5717054868736536e-07,338,95,raw-average|primary|fixed
periodic_gamma_power,Intercept,0.009503582710875367,0.003167199034186168,0.0032959866720004343,0.0157111787497503,3.0006269288085248,0.0026942443791377053,338,95,raw-average|primary|fixed
periodic_gamma_power,condition[T.meditation],-0.0005278979969517455,0.002544669777648008,-0.005515359113689389,0.004459563119785898,-0.20745245673474852,0.8356565189712148,338,95,raw-average|primary|fixed
periodic_gamma_power,first_session[T.meditation],-0.002974550912873876,0.002781537456978295,-0.008426264150200464,0.0024771623244527123,-1.069390924580703,0.2848935549987396,338,95,raw-average|primary|fixed
periodic_gamma_power,meditator,-0.0005590863046483884,0.003382310572746149,-0.007188293211759883,0.006070120602463106,-0.1652971519390834,0.8687101004091894,338,95,raw-average|primary|fixed
periodic_gamma_power,meditator:condition[T.meditation],0.0025667838656248756,0.0030810183422009274,-0.003471901120796246,0.008605468852045998,0.8330959379460532,0.40479062432424073,338,95,raw-average|primary|fixed
periodic_gamma_power,Group Var,0.792444839414695,0.18999954519931458,0.4200525737450483,1.1648371050843418,4.170772296235758,3.035690792757383e-05,338,95,raw-average|primary|fixed
naive_gamma_power,Intercept,-13.792173562669493,0.053519165440376285,-13.897069199415272,-13.687277925923715,-257.70531825715483,0.0,338,95,raw-average|primary|fixed
naive_gamma_power,condition[T.meditation],-0.016693511895951092,0.02517575673672125,-0.06603708838346639,0.0326500645915642,-0.6630788528235979,0.5072800536836877,338,95,raw-average|primary|fixed
naive_gamma_power,first_session[T.meditation],-0.029899814636854347,0.05076977861866409,-0.12940675223250767,0.06960712295879896,-0.5889293877256049,0.5559086428420177,338,95,raw-average|primary|fixed
naive_gamma_power,meditator,0.09445273873164176,0.05646327842774117,-0.016213253435788305,0.20511873089907182,1.6728171186963146,0.09436330379777444,338,95,raw-average|primary|fixed
naive_gamma_power,meditator:condition[T.meditation],0.03557963599574358,0.030457110175870095,-0.024115203022130195,0.09527447501361735,1.1681881764321769,0.24273086868045568,338,95,raw-average|primary|fixed
naive_gamma_power,Group Var,3.4800224458235665,0.6491452171941895,2.207721199386524,4.7523236922606085,5.3609305801640526,8.279433214929143e-08,338,95,raw-average|primary|fixed
exponent,Intercept,0.8532809530985468,0.1230239159591394,0.6121585085815512,1.0944033976155425,6.935894914789996,4.036575834375776e-12,346,95,raw-average|primary|knee
exponent,condition[T.meditation],0.03881029617777983,0.06506757624610959,-0.0887198098259089,0.16634040218146856,0.5964613777987513,0.5508670478514451,346,95,raw-average|primary|knee
exponent,first_session[T.meditation],-0.007779917228105511,0.11627144812823544,-0.23566776798976405,0.22010793353355304,-0.066911673960791,0.9466520193913535,346,95,raw-average|primary|knee
exponent,meditator,0.19055945697573068,0.1305446062757122,-0.06530326970062678,0.44642218365208813,1.459726773952393,0.14436518046603994,346,95,raw-average|primary|knee
exponent,meditator:condition[T.meditation],-0.06638739775716015,0.07933314984641894,-0.2218775142362606,0.08910271872194028,-0.8368178735582733,0.40269494907912207,346,95,raw-average|primary|knee
exponent,Group Var,2.491384595218631,0.47818188768198555,1.5541653173025618,3.4286038731347,5.210119118680471,1.8871942694592658e-07,346,95,raw-average|primary|knee
naive_gamma_power,Intercept,-13.781342237498949,0.05329343500783017,-13.885795450726722,-13.676889024271176,-258.5936191854422,0.0,346,95,raw-average|primary|knee
naive_gamma_power,condition[T.meditation],-0.013039618585430478,0.0248090040935456,-0.06166437310108663,0.03558513593022567,-0.525600243212621,0.5991659877116182,346,95,raw-average|primary|knee
naive_gamma_power,first_session[T.meditation],-0.03626280695045745,0.05085554258856595,-0.13593783883828958,0.0634122249373747,-0.7130551578975889,0.4758116261923462,346,95,raw-average|primary|knee
naive_gamma_power,meditator,0.08991441398480533,0.056408489194187235,-0.020644193258118462,0.20047302122772914,1.59398727512934,0.1109388850200102,346,95,raw-average|primary|knee
naive_gamma_power,meditator:condition[T.meditation],0.033915756258329204,0.03025402925947742,-0.02538105147746754,0.09321256399412595,1.1210327050141498,0.2622739414150278,346,95,raw-average|primary|knee
naive_gamma_power,Group Var,3.374379700448528,0.6254032478516967,2.1486118588448253,4.60014754205223,5.395526345665385,6.832296605245366e-08,346,95,raw-average|primary|knee
exponent,Intercept,1.6455669031973734,0.07312602742272885,1.5022425231163365,1.7888912832784103,22.50316284357466,3.86495141850629e-112,341,94,raw-average|ray|fixed
exponent,condition[T.meditation],0.02725957150124198,0.034325784556212484,-0.040017729970015695,0.09453687297249964,0.7941427079867976,0.427112357124075,341,94,raw-average|ray|fixed
exponent,first_session[T.meditation],-0.07702197497558684,0.069696552683549,-0.21362470808194134,0.05958075813076767,-1.1051045139247886,0.26911430490477073,341,94,raw-average|ray|fixed
exponent,meditator,0.15535160212353996,0.07737555776226632,0.003698295625799375,0.30700490862128055,2.007760675546305,0.044668729491127594,341,94,raw-average|ray|fixed
exponent,meditator:condition[T.meditation],-0.010386285637532373,0.04155235217427283,-0.09182739937203173,0.07105482809696699,-0.24995662324894927,0.8026208936293094,341,94,raw-average|ray|fixed
exponent,Group Var,3.4704169919936576,0.6446052525499049,2.207013912750498,4.733820071236817,5.383786399917646,7.293504886976076e-08,341,94,raw-average|ray|fixed
naive_gamma_power,Intercept,-13.780369446823466,0.054781557323089224,-13.887739326193737,-13.672999567453195,-251.55125411185313,0.0,341,94,raw-average|ray|fixed
naive_gamma_power,condition[T.meditation],-0.00952382542424751,0.025717043771221904,-0.059928305004682575,0.04088065415618755,-0.3703312678148854,0.7111356789940753,341,94,raw-average|ray|fixed
naive_gamma_power,first_session[T.meditation],-0.03889207491377705,0.0522129350942261,-0.14122754722558767,0.06344339739803356,-0.744874327474417,0.4563476962621533,341,94,raw-average|ray|fixed
naive_gamma_power,meditator,0.09437182660142357,0.05796709519658249,-0.01924159227228288,0.20798524547513003,1.6280240760966638,0.10351978079018231,341,94,raw-average|ray|fixed
naive_gamma_power,meditator:condition[T.meditation],0.029927775138724282,0.031135246888653257,-0.03109618741279888,0.09095173769024745,0.9612184944526964,0.3364423191567598,341,94,raw-average|ray|fixed
naive_gamma_power,Group Var,3.4689580076800333,0.6407057862341791,2.2131977419746236,4.724718273385443,5.414276072125441,6.153716022666799e-08,341,94,raw-average|ray|fixed
exponent,Intercept,2.681956421990299,0.1263088232537042,2.4343956774834035,2.929517166497195,21.23332600924731,4.701461719370323e-100,327,95,raw-average|ray|knee
exponent,condition[T.meditation],-0.01730180708512379,0.08384981061743753,-0.18164441600580558,0.14704080183555798,-0.2063428284180964,0.836523126042751,327,95,raw-average|ray|knee
exponent,first_session[T.meditation],-0.05405850057129271,0.11548745359884904,-0.28040975029127746,0.17229274914869205,-0.46808981310703573,0.6397203638070628,327,95,raw-average|ray|knee
exponent,meditator,0.08838629912890233,0.1343334137006418,-0.17490235364467505,0.3516749519024797,0.6579621308952119,0.5105624651584291,327,95,raw-average|ray|knee
exponent,meditator:condition[T.meditation],0.03359308697553769,0.10138567471745205,-0.16511918401896145,0.23230535797003685,0.33133958095319693,0.7403879969326255,327,95,raw-average|ray|knee
exponent,Group Var,1.5397698474991117,0.31815467795876456,0.9161981371869938,2.1633415578112296,4.8396894786462274,1.3004215543992184e-06,327,95,raw-average|ray|knee
naive_gamma_power,Intercept,-13.78645004023781,0.05431880085391017,-13.892912933594877,-13.679987146880743,-253.80622958368167,0.0,327,95,raw-average|ray|knee
naive_gamma_power,condition[T.meditation],-0.025152787668567846,0.024148363671446193,-0.07248271075017781,0.022177135413042125,-1.0415938740523987,0.2976000100402454,327,95,raw-average|ray|knee
naive_gamma_power,first_session[T.meditation],-0.027099731873211876,0.05181356545395517,-0.12865245407357273,0.07445299032714899,-0.5230238767740163,0.6009576376128056,327,95,raw-average|ray|knee
naive_gamma_power,meditator,0.08370701575096343,0.057339190934311904,-0.028675733382953483,0.19608976488488034,1.4598569388057576,0.1443293959865331,327,95,raw-average|ray|knee
naive_gamma_power,meditator:condition[T.meditation],0.041145468116734224,0.02919175559866308,-0.016069321502140896,0.09836025773560934,1.4094893326189193,0.1586905255365847,327,95,raw-average|ray|knee
naive_gamma_power,Group Var,4.240711464552584,0.7823490659767092,2.7073354718996834,5.774087457205485,5.4204851120495,5.943752257291207e-08,327,95,raw-average|ray|knee
exponent,Intercept,1.427965747452622,0.04659371820369171,1.336643737867578,1.519287757037666,30.647173106255373,2.882119076358698e-206,350,95,raw-average|very_broad|fixed
exponent,condition[T.meditation],0.030749091781694222,0.02124189743016431,-0.010884262144721754,0.0723824457081102,1.4475680377793998,0.14773789544372395,350,95,raw-average|very_broad|fixed
exponent,first_session[T.meditation],-0.007421492123603078,0.04449678647019643,-0.09463359103295722,0.07979060678575108,-0.16678714829381963,0.8675375312159008,350,95,raw-average|very_broad|fixed
exponent,meditator,-0.06560930041122132,0.04930413472518031,-0.16224362876148535,0.03102502793904273,-1.3307058480374006,0.18328581803837574,350,95,raw-average|very_broad|fixed
exponent,meditator:condition[T.meditation],-0.03746913830502031,0.02586806516738495,-0.08816961438282989,0.01323133777278928,-1.4484708486146176,0.14748541303513657,350,95,raw-average|very_broad|fixed
exponent,Group Var,3.5195387644578084,0.6450119095934166,2.2553386520553067,4.78373887686031,5.456548494858569,4.8547872988827266e-08,350,95,raw-average|very_broad|fixed
periodic_gamma_power,Intercept,0.026506091510134288,0.012099903591717552,0.002790716253961042,0.05022146676630754,2.190603529128765,0.028480495549116237,350,95,raw-average|very_broad|fixed
periodic_gamma_power,condition[T.meditation],0.006640075235519193,0.006974850664700186,-0.007030380864838428,0.020310531335876812,0.9520024950677015,0.34109571650233583,350,95,raw-average|very_broad|fixed
periodic_gamma_power,first_session[T.meditation],-0.010633651386027645,0.011332908354629656,-0.032845743601194854,0.011578440829139565,-0.9382985420228555,0.34809100881300425,350,95,raw-average|very_broad|fixed
periodic_gamma_power,meditator,0.025250554245634653,0.012868019762042786,2.9698959681113968e-05,0.05047140953158819,1.9622719511293438,0.04973083095868646,350,95,raw-average|very_broad|fixed
periodic_gamma_power,meditator:condition[T.meditation],-0.0009263832162566284,0.008493352595849966,-0.01757304841212234,0.01572028197960908,-0.10907155988193391,0.9131457322087057,350,95,raw-average|very_broad|fixed
periodic_gamma_power,Group Var,1.996977025450278,0.38541395643328125,1.2415795517019574,2.7523744991985986,5.181382231019373,2.2024763170648828e-07,350,95,raw-average|very_broad|fixed
naive_gamma_power,Intercept,-13.778279006996158,0.05430853284764997,-13.884721775430762,-13.671836238561554,-253.70376043204726,0.0,350,95,raw-average|very_broad|fixed
naive_gamma_power,condition[T.meditation],-0.010617761831595582,0.02467742565039966,-0.05898462733754383,0.03774910367435267,-0.43026213439016575,0.6670049682537589,350,95,raw-average|very_broad|fixed
naive_gamma_power,first_session[T.meditation],-0.04078084185427424,0.051876577479958934,-0.1424570653561954,0.060895381647646914,-0.7861128053412695,0.43180140291705593,350,95,raw-average|very_broad|fixed
naive_gamma_power,meditator,0.09157010646010019,0.05746475247028848,-0.02105873876217433,0.20419895168237473,1.5935004071834384,0.11104797705404969,350,95,raw-average|very_broad|fixed
naive_gamma_power,meditator:condition[T.meditation],0.031464294742063886,0.03005281601548162,-0.02743814228228862,0.0903667317664164,1.0469666045889061,0.2951149808496527,350,95,raw-average|very_broad|fixed
naive_gamma_power,Group Var,3.5457278409173085,0.648348352895284,2.2749884198066868,4.81646726202793,5.468862263755894,4.5293354157607613e-08,350,95,raw-average|very_broad|fixed
exponent,Intercept,1.4820343659898982,0.059474692951511955,1.3654661098133567,1.5986026221664398,24.91873925600859,4.66160221839953e-137,350,95,raw-average|very_broad|knee
exponent,condition[T.meditation],0.024695747886590506,0.02730785361170569,-0.02882666168744468,0.07821815746062569,0.9043459891701087,0.3658119679782993,350,95,raw-average|very_broad|knee
exponent,first_session[T.meditation],0.031618186886384646,0.05677246433322878,-0.07965379852032853,0.14289017229309783,0.5569282090838992,0.5775764802647898,350,95,raw-average|very_broad|knee
exponent,meditator,-0.044509062510860634,0.06294285562280481,-0.16787479261566252,0.07885666759394123,-0.7071344645941765,0.47948292007626325,350,95,raw-average|very_broad|knee
exponent,meditator:condition[T.meditation],-0.03166631137198414,0.033254502032607575,-0.096843937679709,0.03351131493574072,-0.9522413338480865,0.3409746028545858,350,95,raw-average|very_broad|knee
exponent,Group Var,3.4617324752907,0.6412059690122759,2.2049918693545334,4.7184730812268665,5.398783920591396,6.709412325903804e-08,350,95,raw-average|very_broad|knee
periodic_gamma_power,Intercept,0.023115972500479417,0.010108896015232727,0.0033029003871628063,0.04292904461379603,2.286696041352765,0.022213570926939756,350,95,raw-average|very_broad|knee
periodic_gamma_power,condition[T.meditation],0.00862579466627514,0.00561980783230064,-0.0023888262850702262,0.019640415617620505,1.5348913919613347,0.12481050832393158,350,95,raw-average|very_broad|knee
periodic_gamma_power,first_session[T.meditation],-0.011661971413633336,0.009502950427556283,-0.030287411998513158,0.006963469171246486,-1.227194806764056,0.21974938086579643,350,95,raw-average|very_broad|knee
periodic_gamma_power,meditator,0.025023485421828973,0.01074083553822501,0.003971834603040066,0.046075136240617875,2.3297522183236277,0.01981925089704108,350,95,raw-average|very_broad|knee
periodic_gamma_power,meditator:condition[T.meditation],-0.006772897037688086,0.006843496491770499,-0.020185903689884474,0.006640109614508301,-0.9896837158947461,0.3223287367918153,350,95,raw-average|very_broad|knee
periodic_gamma_power,Group Var,2.1877875126372137,0.41802554525715974,1.3684724993154622,3.007102525958965,5.233621575187079,1.6622058890157303e-07,350,95,raw-average|very_broad|knee
naive_gamma_power,Intercept,-13.778279006996158,0.05430853284764997,-13.884721775430762,-13.671836238561554,-253.70376043204726,0.0,350,95,raw-average|very_broad|knee
naive_gamma_power,condition[T.meditation],-0.010617761831595582,0.02467742565039966,-0.05898462733754383,0.03774910367435267,-0.43026213439016575,0.6670049682537589,350,95,raw-average|very_broad|knee
naive_gamma_power,first_session[T.meditation],-0.04078084185427424,0.051876577479958934,-0.1424570653561954,0.060895381647646914,-0.7861128053412695,0.43180140291705593,350,95,raw-average|very_broad|knee
naive_gamma_power,meditator,0.09157010646010019,0.05746475247028848,-0.02105873876217433,0.20419895168237473,1.5935004071834384,0.11104797705404969,350,95,raw-average|very_broad|knee
naive_gamma_power,meditator:condition[T.meditation],0.031464294742063886,0.03005281601548162,-0.02743814228228862,0.0903667317664164,1.0469666045889061,0.2951149808496527,350,95,raw-average|very_broad|knee
naive_gamma_power,Group Var,3.5457278409173085,0.648348352895284,2.2749884198066868,4.81646726202793,5.468862263755894,4.5293354157607613e-08,350,95,raw-average|very_broad|knee
exponent,Intercept,1.2969238049828362,0.06123383695972271,1.176907689906582,1.4169399200590904,21.179855278967793,1.464817397024039e-99,348,95,raw-csd|broad|fixed
exponent,condition[T.meditation],0.006165389489096565,0.028313537242616572,-0.04932812378136543,0.061658902759558556,0.21775412362877183,0.8276206908156587,348,95,raw-csd|broad|fixed
exponent,first_session[T.meditation],0.008135110308125701,0.05843867617632546,-0.10640259030167108,0.1226728109179225,0.13920764193185775,0.8892860699159444,348,95,raw-csd|broad|fixed
exponent,meditator,-0.12572035436132523,0.06479505424504269,-0.252716327057928,0.0012756183352775896,-1.9402770138269279,0.05234603334178074,348,95,raw-csd|broad|fixed
exponent,meditator:condition[T.meditation],-0.025189179758087668,0.03448012954580539,-0.09276899185014165,0.04239063233396631,-0.7305419118169179,0.4650590039190011,348,95,raw-csd|broad|fixed
exponent,Group Var,3.4282119553810215,0.6348326852859818,2.1839627560116464,4.672461154750397,5.4001818665601125,6.657337173231949e-08,348,95,raw-csd|broad|fixed
periodic_gamma_power,Intercept,0.03176487585600759,0.007754043055113235,0.01656723073341272,0.04696252097860246,4.096556548658952,4.1934108907696455e-05,348,95,raw-csd|broad|fixed
periodic_gamma_power,condition[T.meditation],-0.006402086098621654,0.006070897306137083,-0.018300826172491572,0.005496653975248265,-1.0545535158616126,0.29162957286344915,348,95,raw-csd|broad|fixed
periodic_gamma_power,first_session[T.meditation],-0.00048251586095931424,0.006940224060024351,-0.014085105063245392,0.013120073341326765,-0.06952453649711436,0.9445721026040144,348,95,raw-csd|broad|fixed
periodic_gamma_power,meditator,0.0003130779480187436,0.00833176490386905,-0.016016881191219415,0.016643037087256906,0.03757642607910823,0.9700254039079195,348,95,raw-csd|broad|fixed
periodic_gamma_power,meditator:condition[T.meditation],0.0031668754433279572,0.007389525996722856,-0.011316329373071286,0.0176500802597272,0.42856273118633303,0.6682414724026862,348,95,raw-csd|broad|fixed
periodic_gamma_power,Group Var,0.8446193867858139,0.1888270799468306,0.4745251107841605,1.2147136627874673,4.47297806555945,7.713769271881768e-06,348,95,raw-csd|broad|fixed
naive_gamma_power,Intercept,-7.8130656746112175,0.057324890059127144,-7.925420394544825,-7.70071095467761,-136.29447289916325,0.0,348,95,raw-csd|broad|fixed
naive_gamma_power,condition[T.meditation],0.021514315387367155,0.031366734531940325,-0.03996335460786471,0.08299198538259903,0.6858959247243099,0.49277874023399915,348,95,raw-csd|broad|fixed
naive_gamma_power,first_session[T.meditation],-0.01863656679125941,0.05398961526422626,-0.12445426824831683,0.08718113466579801,-0.34518799032094744,0.7299530468639043,348,95,raw-csd|broad|fixed
naive_gamma_power,meditator,0.10917152122437485,0.060862731269119404,-0.010117240063838961,0.22846028251258865,1.7937335204633909,0.07285571233456187,348,95,raw-csd|broad|fixed
naive_gamma_power,meditator:condition[T.meditation],0.006559570868942648,0.03819323888645436,-0.06829780180144257,0.08141694353932788,0.17174691280945723,0.8636365026591636,348,95,raw-csd|broad|fixed
naive_gamma_power,Group Var,2.29148487714979,0.4384942371237592,1.432051964958856,3.1509177893407245,5.225803860457689,1.7340009812345231e-07,348,95,raw-csd|broad|fixed
exponent,Intercept,1.505014445607836,0.10211717978748996,1.3048684510215542,1.7051604401941178,14.738112125107968,3.668984502341652e-49,350,95,raw-csd|broad|knee
exponent,condition[T.meditation],-0.021646024084348764,0.04588465746211851,-0.11157830015305809,0.06828625198436056,-0.4717486253922524,0.6371062248856343,350,95,raw-csd|broad|knee
exponent,first_session[T.meditation],0.06649446137990936,0.09761086387061196,-0.12481931630633206,0.2578082390661508,0.6812198841724325,0.4957323680222292,350,95,raw-csd|broad|knee
exponent,meditator,-0.19346099480259113,0.10803646994059536,-0.40520858490300216,0.018286595297819924,-1.7907008152799426,0.07334131882557954,350,95,raw-csd|broad|knee
exponent,meditator:condition[T.meditation],-0.0033490711184806423,0.05587931466454983,-0.11287051534177919,0.10617237310481792,-0.05993400489224884,0.9522081965769688,350,95,raw-csd|broad|knee
exponent,Group Var,3.638957170979189,0.670742600459799,2.324325831181244,4.953588510777134,5.425266217599205,5.7868225444228244e-08,350,95,raw-csd|broad|knee
periodic_gamma_power,Intercept,0.07191645665503581,0.009212749566738463,0.05385979930564143,0.08997311400443019,7.806188167176673,5.894355773478609e-15,350,95,raw-csd|broad|knee
periodic_gamma_power,condition[T.meditation],-0.0016542650697726152,0.006130985193248568,-0.013670775238288151,0.010362245098742921,-0.2698204314037962,0.787298403620354,350,95,raw-csd|broad|knee
periodic_gamma_power,first_session[T.meditation],-0.0029846019088394554,0.008474830568811485,-0.019594964598789066,0.013625760781110156,-0.3521724575619472,0.7247089311558228,350,95,raw-csd|broad|knee
periodic_gamma_power,meditator,-0.016154756291860778,0.009839174870505528,-0.035439184675643165,0.0031296720919216058,-1.64188120492575,0.10061462568355523,350,95,raw-csd|broad|knee
periodic_gamma_power,meditator:condition[T.meditation],-0.0029522103735527506,0.007465868042190144,-0.017585042849573997,0.011680622102468497,-0.39542761228427864,0.692527334367787,350,95,raw-csd|broad|knee
periodic_gamma_power,Group Var,1.3635450368813726,0.27961289368880393,0.8155138356382899,1.9115762381244554,4.876545637408747,1.079597194782033e-06,350,95,raw-csd|broad|knee
naive_gamma_power,Intercept,-7.812132076342398,0.05780459996119276,-7.925427010407081,-7.698837142277715,-135.1472388285204,0.0,350,95,raw-csd|broad|knee
naive_gamma_power,condition[T.meditation],0.024408884429023375,0.03126919375120355,-0.036877609148940504,0.08569537800698725,0.7806048541972361,0.43503493589833564,350,95,raw-csd|broad|knee
naive_gamma_power,first_session[T.meditation],-0.018730241918418912,0.05447905457279544,-0.12550722679289011,0.0880467429560523,-0.34380629519536504,0.7309919656398076,350,95,raw-csd|broad|knee
naive_gamma_power,meditator,0.10813824617042044,0.06137712625550913,-0.012158710764945208,0.22843520310578608,1.7618655803506944,0.07809201125884234,350,95,raw-csd|broad|knee
naive_gamma_power,meditator:condition[T.meditation],0.0062241679434082405,0.038077817338059816,-0.06840698264908383,0.08085531853590032,0.16345915754963758,0.8701569281472468,350,95,raw-csd|broad|knee
naive_gamma_power,Group Var,2.3412687566450567,0.44387448413815395,1.4712907540779794,3.211246759212134,5.274618930148613,1.330322239391579e-07,350,95,raw-csd|broad|knee
exponent,Intercept,1.9132332223051107,0.12787206027885972,1.6626085895296108,2.1638578550806105,14.962089592775675,1.2988288693385362e-50,256,85,raw-csd|narrow_low|fixed
exponent,condition[T.meditation],-0.06589705827774067,0.05592816946958066,-0.17551425615937138,0.04372013960389004,-1.1782445036679075,0.2386991451670203,256,85,raw-csd|narrow_low|fixed
exponent,first_session[T.meditation],0.19294419328516815,0.1238079459935213,-0.04971492186201368,0.43560330843234996,1.558415267589244,0.11913483971483027,256,85,raw-csd|narrow_low|fixed
exponent,meditator,-0.46742942083223404,0.13565121388559936,-0.7333009145071485,-0.20155792715731963,-3.445818193904537,0.0005693332539519817,256,85,raw-csd|narrow_low|fixed
exponent,meditator:condition[T.meditation],0.05730207458240876,0.07218836780507813,-0.08418452641827512,0.19878867558309266,0.7937854300451134,0.427320356109297,256,85,raw-csd|narrow_low|fixed
exponent,Group Var,4.309746932542518,0.875251460270992,2.594285592995284,6.025208272089753,4.924009988178884,8.478850579113945e-07,256,85,raw-csd|narrow_low|fixed
naive_gamma_power,Intercept,-7.892570622684226,0.049331463980071176,-7.989258515389801,-7.7958827299786515,-159.9906020602318,0.0,256,85,raw-csd|narrow_low|fixed
naive_gamma_power,condition[T.meditation],0.02216462555992866,0.027576098307883344,-0.031883533957658625,0.07621278507751594,0.8037622042271414,0.4215343217173476,256,85,raw-csd|narrow_low|fixed
naive_gamma_power,first_session[T.meditation],0.003651109261123221,0.04675557268284416,-0.08798812927379612,0.09529034779604256,0.07808928543961367,0.9377570301487806,256,85,raw-csd|narrow_low|fixed
naive_gamma_power,meditator,0.10017470176891051,0.05256785250206908,-0.0028563958797586525,0.20320579941757966,1.905626671071785,0.05669865923793506,256,85,raw-csd|narrow_low|fixed
naive_gamma_power,meditator:condition[T.meditation],-0.033430538074881985,0.03551098484562723,-0.10303078942785901,0.03616971327809504,-0.9414139940137023,0.3464927449715415,256,85,raw-csd|narrow_low|fixed
naive_gamma_power,Group Var,2.3512632905613606,0.529024843314705,1.3143936507375937,3.3881329303851278,4.444523391054902,8.808692443471867e-06,256,85,raw-csd|narrow_low|fixed
naive_gamma_power,Intercept,-7.888625135723439,0.04917825871396239,-7.985012751625198,-7.79223751982168,-160.4087932760366,0.0,271,88,raw-csd|narrow_low|knee
naive_gamma_power,condition[T.meditation],0.024512480370983882,0.02963931720978106,-0.033579513886545204,0.08260447462851296,0.827025811609948,0.40822243172029826,271,88,raw-csd|narrow_low|knee
naive_gamma_power,first_session[T.meditation],0.006001867728190806,0.04577780917973825,-0.08372098955524324,0.09572472501162485,0.13110867111673177,0.8956893418174283,271,88,raw-csd|narrow_low|knee
naive_gamma_power,meditator,0.09416524957799116,0.052420975254070225,-0.008577973954451895,0.19690847311043422,1.7963276936683794,0.07244241595388724,271,88,raw-csd|narrow_low|knee
naive_gamma_power,meditator:condition[T.meditation],-0.009253711366390353,0.03738107263151307,-0.08251926742763188,0.06401184469485116,-0.24755071791570982,0.8044820453438087,271,88,raw-csd|narrow_low|knee
naive_gamma_power,Group Var,1.9725944286169792,0.4402968873467767,1.1096283869122074,2.835560470321751,4.48014620431184,7.459192683858556e-06,271,88,raw-csd|narrow_low|knee
exponent,Intercept,1.275889694669433,0.07827980314552895,1.122464099787311,1.4293152895515548,16.299091763138996,1.001695610176175e-59,317,93,raw-csd|narrow|fixed
exponent,condition[T.meditation],-0.03170445273690051,0.03638699510957199,-0.10302165265729668,0.03961274718349567,-0.8713127490035667,0.38358341121845174,317,93,raw-csd|narrow|fixed
exponent,first_session[T.meditation],0.037192864462495326,0.07353866251417608,-0.10694026553653553,0.1813259944615262,0.5057593270114974,0.6130256145059502,317,93,raw-csd|narrow|fixed
exponent,meditator,-0.19044299166689008,0.0821028360216283,-0.35136159329787936,-0.029524390035900794,-2.319566544774675,0.020364337410809293,317,93,raw-csd|narrow|fixed
exponent,meditator:condition[T.meditation],-0.005857761937472415,0.04459504130843378,-0.0932624367910786,0.08154691291613375,-0.13135455794195217,0.8954948346240069,317,93,raw-csd|narrow|fixed
exponent,Group Var,3.502241637714689,0.6791176872687478,2.171195429403808,4.83328784602557,5.157046714244602,2.508752307301033e-07,317,93,raw-csd|narrow|fixed
naive_gamma_power,Intercept,-7.8706580449302574,0.05343350124703823,-7.975385782942328,-7.765930306918187,-147.29819048431756,0.0,317,93,raw-csd|narrow|fixed
naive_gamma_power,condition[T.meditation],0.02454543056028764,0.029267093846497647,-0.03281701931100159,0.08190788043157686,0.8386698962673043,0.4016545757756125,317,93,raw-csd|narrow|fixed
naive_gamma_power,first_session[T.meditation],0.0046512220832299,0.049506755843186416,-0.09238023636083334,0.10168268052729315,0.09395125986365849,0.9251478743957108,317,93,raw-csd|narrow|fixed
naive_gamma_power,meditator,0.11704666391275832,0.05624173846902618,0.006814882085546134,0.22727844573997052,2.0811352404623666,0.03742152903382931,317,93,raw-csd|narrow|fixed
naive_gamma_power,meditator:condition[T.meditation],0.006857978711353095,0.035853349831187376,-0.06341329568288939,0.07712925310559557,0.19127860419300674,0.8483073229800764,317,93,raw-csd|narrow|fixed
naive_gamma_power,Group Var,2.3486406474728776,0.4631076665169688,1.4409663001352329,3.2563149948105226,5.071478658811667,3.947365378370737e-07,317,93,raw-csd|narrow|fixed
exponent,Intercept,0.630550628101021,0.12178635063681548,0.391853767044296,0.8692474891577461,5.17751476092271,2.248611581107617e-07,323,93,raw-csd|narrow|knee
exponent,condition[T.meditation],-0.013239970283792299,0.06940419739743442,-0.1492696975586723,0.12278975699108773,-0.19076613202477183,0.848708824077988,323,93,raw-csd|narrow|knee
exponent,first_session[T.meditation],0.013305807813106087,0.11282049883867745,-0.20781830662854472,0.2344299222547569,0.11793785659583125,0.9061168973267377,323,93,raw-csd|narrow|knee
exponent,meditator,0.16364684273912955,0.1284147467108429,-0.08804143589795593,0.41533512137621503,1.2743617608624054,0.2025352377022186,323,93,raw-csd|narrow|knee
exponent,meditator:condition[T.meditation],0.04918899291091033,0.08491793140982185,-0.11724709429398311,0.21562508011580378,0.5792533107468159,0.5624182640828518,323,93,raw-csd|narrow|knee
exponent,Group Var,2.1009746483885743,0.4261232210245704,1.2657884822042151,2.9361608145729337,4.930439236183825,8.204493414016186e-07,323,93,raw-csd|narrow|knee
periodic_gamma_power,Intercept,0.0005587522049745109,0.0005612217744855671,-0.0005412222603568609,0.0016587266703058828,0.9955996548542332,0.3194447025420807,323,93,raw-csd|narrow|knee
periodic_gamma_power,condition[T.meditation],-0.00023027508323669786,0.00036294538612865535,-0.0009416349684038456,0.0004810848019304499,-0.6344620762173594,0.5257793088555296,323,93,raw-csd|narrow|knee
periodic_gamma_power,first_session[T.meditation],-0.0005415678156526548,0.0005127617125214298,-0.001546562304845738,0.0004634266735404286,-1.056178342547409,0.2908867434165552,323,93,raw-csd|narrow|knee
periodic_gamma_power,meditator,0.0004911635671686735,0.0005944244320949244,-0.0006738869112680533,0.0016562140456054004,0.8262842855191374,0.4086428456206028,323,93,raw-csd|narrow|knee
periodic_gamma_power,meditator:condition[T.meditation],6.215680975297784e-05,0.00044441439970047326,-0.000808879407870938,0.0009331930273768936,0.13986227672836507,0.8887688070733267,323,93,raw-csd|narrow|knee
periodic_gamma_power,Group Var,1.5022763896639169,0.393939962449656,0.7301682511915298,2.274384528136304,3.8134653319308827,0.0001370317553149981,323,93,raw-csd|narrow|knee
naive_gamma_power,Intercept,-7.861333083976519,0.053302291825363425,-7.965803656247675,-7.756862511705363,-147.48583625133682,0.0,323,93,raw-csd|narrow|knee
naive_gamma_power,condition[T.meditation],0.01552112789553807,0.02945280516351027,-0.0422053094686174,0.07324756525969353,0.5269830092370128,0.5982053875193081,323,93,raw-csd|narrow|knee
naive_gamma_power,first_session[T.meditation],0.004607011324006371,0.049515359268249376,-0.09244130952332397,0.10165533217133671,0.09304206597891969,0.9258701423271285,323,93,raw-csd|narrow|knee
naive_gamma_power,meditator,0.11226119705119564,0.056134587841724565,0.0022394265944154917,0.22228296750797577,1.9998578660223536,0.04551561397962674,323,93,raw-csd|narrow|knee
naive_gamma_power,meditator:condition[T.meditation],0.011989387860099364,0.03603588780291687,-0.05863965438454392,0.08261843010474265,0.33270688169722024,0.7393555543838585,323,93,raw-csd|narrow|knee
naive_gamma_power,Group Var,2.2707605852665966,0.4478453678806711,1.3929997935773901,3.148521376955803,5.070412129107124,3.969551611923756e-07,323,93,raw-csd|narrow|knee
exponent,Intercept,1.1701744678515078,0.06796354367418186,1.0369683699883963,1.3033805657146194,17.21767884060519,1.9567999839395504e-66,331,94,raw-csd|primary|fixed
exponent,condition[T.meditation],0.012386125097092393,0.034422676819063004,-0.05508108171973288,0.07985333191391766,0.35982457617105057,0.7189783233659469,331,94,raw-csd|primary|fixed
exponent,first_session[T.meditation],0.03286635436727215,0.064496196311791,-0.09354386754366328,0.15927657627820757,0.5095859329190181,0.6103415810898462,331,94,raw-csd|primary|fixed
exponent,meditator,-0.10717769480620579,0.07193543683986384,-0.2481685602244947,0.03381317061208314,-1.48991511714588,0.13624655617598416,331,94,raw-csd|primary|fixed
exponent,meditator:condition[T.meditation],-0.005071076255027105,0.041926373351560305,-0.08724525802646518,0.07710310551641097,-0.12095194145473075,0.9037291007960562,331,94,raw-csd|primary|fixed
exponent,Group Var,2.9223221310815726,0.566908028135539,1.8112028133892966,4.033441448773848,5.154843442052809,2.5384291864814543e-07,331,94,raw-csd|primary|fixed
periodic_gamma_power,Intercept,0.007139394936184494,0.003535091617035513,0.0002107426847454269,0.014068047187623561,2.0195784747925454,0.04342712976403331,331,94,raw-csd|primary|fixed
periodic_gamma_power,condition[T.meditation],0.00038111759286488207,0.0025973649405456995,-0.004709624145311707,0.005471859331041472,0.14673240056316855,0.8833432434430281,331,94,raw-csd|primary|fixed
periodic_gamma_power,first_session[T.meditation],-0.004773089881496727,0.0032029313596627575,-0.011050719991389638,0.0015045402283961843,-1.4902254670856556,0.13616496228340413,331,94,raw-csd|primary|fixed
periodic_gamma_power,meditator,0.004294712700308539,0.0037766805883539074,-0.0031074452339766613,0.011696870634593739,1.1371659847412245,0.25546890378918297,331,94,raw-csd|primary|fixed
periodic_gamma_power,meditator:condition[T.meditation],0.0002773271315863026,0.0031634052865618404,-0.005922833298578514,0.006477487561751119,0.08766727828533051,0.9301411276033974,331,94,raw-csd|primary|fixed
periodic_gamma_power,Group Var,1.0791939498790273,0.23610010148167293,0.6164462542286965,1.541941645529358,4.570916925094159,4.855947726265389e-06,331,94,raw-csd|primary|fixed
naive_gamma_power,Intercept,-7.831856628855888,0.0549683038755861,-7.939592524743291,-7.724120732968486,-142.47950321665954,0.0,331,94,raw-csd|primary|fixed
naive_gamma_power,condition[T.meditation],0.019984669759329225,0.03082358969637244,-0.040428455919800654,0.08039779543845911,0.648356338641543,0.516754502867333,331,94,raw-csd|primary|fixed
naive_gamma_power,first_session[T.meditation],-0.006333325960885245,0.0516706424239055,-0.10760592416978743,0.09493927224801693,-0.12257107060769043,0.9024467639782716,331,94,raw-csd|primary|fixed
naive_gamma_power,meditator,0.10687306824987841,0.05827723691568711,-0.007348217223376433,0.22109435372313324,1.8338732909471593,0.06667280512382749,331,94,raw-csd|primary|fixed
naive_gamma_power,meditator:condition[T.meditation],-0.00455072321776824,0.037543527063482504,-0.07813468411479876,0.06903323767926228,-0.12121192582874281,0.9035231783223941,331,94,raw-csd|primary|fixed
naive_gamma_power,Group Var,2.271835558013437,0.44760236235696,1.3945510483987487,3.1491200676281252,5.075566505168851,3.863431938876921e-07,331,94,raw-csd|primary|fixed
exponent,Intercept,0.8962789677451307,0.1481949962153097,0.6058221124740741,1.1867358230161873,6.0479705161093555,1.4668179077470782e-09,333,94,raw-csd|primary|knee
exponent,condition[T.meditation],0.07543485993596194,0.08105364302494113,-0.08342736120868882,0.2342970810806127,0.9306782165577651,0.3520200410913197,333,94,raw-csd|primary|knee
exponent,first_session[T.meditation],-0.05296436562257006,0.1399246418235637,-0.32721162414642185,0.22128289290128172,-0.37852064462923435,0.7050438604400466,333,94,raw-csd|primary|knee
exponent,meditator,0.30268624961593354,0.1573033486759222,-0.005622648436420352,0.6109951476682874,1.9242200001700571,0.05432701321713399,333,94,raw-csd|primary|knee
exponent,meditator:condition[T.meditation],-0.06804159467985345,0.09850956507791017,-0.26111679436526203,0.12503360500555516,-0.6907105378654355,0.4897474657057027,333,94,raw-csd|primary|knee
exponent,Group Var,2.438799886421643,0.48324851545526754,1.491650200546871,3.3859495722964152,5.046678486169904,4.495569164539927e-07,333,94,raw-csd|primary|knee
naive_gamma_power,Intercept,-7.829292176500937,0.05441462676936355,-7.9359428852010785,-7.722641467800796,-143.88212584247614,0.0,333,94,raw-csd|primary|knee
naive_gamma_power,condition[T.meditation],0.020152754443734728,0.03127212735312333,-0.04113948888833689,0.08144499777580635,0.6444318359339871,0.5192954458374353,333,94,raw-csd|primary|knee
naive_gamma_power,first_session[T.meditation],-0.010144607067929846,0.05110247250572331,-0.11030361270009587,0.09001439856423618,-0.19851499488197333,0.8426421539843681,333,94,raw-csd|primary|knee
naive_gamma_power,meditator,0.10338119465504304,0.05782050535185455,-0.009944913402497313,0.2167073027125834,1.7879676773134114,0.0737812228058893,333,94,raw-csd|primary|knee
naive_gamma_power,meditator:condition[T.meditation],0.006314877323200151,0.03802622590433384,-0.06821515591727823,0.08084491056367851,0.16606637059084123,0.868104719015595,333,94,raw-csd|primary|knee
naive_gamma_power,Group Var,2.1466526167281446,0.4231808509030568,1.3172333900111388,2.9760718434451503,5.07266009827062,3.922928450599585e-07,333,94,raw-csd|primary|knee
exponent,Intercept,1.7744937132066634,0.08945023590593379,1.5991744724224215,1.9498129539909053,19.83777566637977,1.405407012960526e-87,343,95,raw-csd|ray|fixed
exponent,condition[T.meditation],0.038876226931945895,0.04540167955654757,-0.0501094298365158,0.12786188370040757,0.8562728804674669,0.3918468582681238,343,95,raw-csd|ray|fixed
exponent,first_session[T.meditation],-0.0792294205583689,0.08478067832059584,-0.2453964966516125,0.0869376555348747,-0.9345221355597675,0.3500346231483795,343,95,raw-csd|ray|fixed
exponent,meditator,0.13191316975662293,0.09476093247369735,-0.053814845033255926,0.3176411845465018,1.392062808090643,0.16390337936692279,343,95,raw-csd|ray|fixed
exponent,meditator:condition[T.meditation],-0.016181079863734984,0.05537693356318232,-0.12471787522183966,0.09235571549436969,-0.29219891428753775,0.7701345417016798,343,95,raw-csd|ray|fixed
exponent,Group Var,2.7975439581224126,0.5296413751078202,1.759465938188816,3.8356219780560092,5.281958868022557,1.2780989725576626e-07,343,95,raw-csd|ray|fixed
periodic_gamma_power,Intercept,0.0013128086877182178,0.0011293470817142052,-0.0009006709184870378,0.0035262882939234735,1.1624492673461742,0.2450530208486269,343,95,raw-csd|ray|fixed
periodic_gamma_power,condition[T.meditation],-0.0003841253770842535,0.0007864227973175362,-0.001925485736447867,0.00115723498227936,-0.48844639091655695,0.6252336891824511,343,95,raw-csd|ray|fixed
periodic_gamma_power,first_session[T.meditation],-0.00121340182980486,0.0010317478747272223,-0.003235590505395959,0.0008087868457862389,-1.1760642881146368,0.23956918719317144,343,95,raw-csd|ray|fixed
periodic_gamma_power,meditator,0.0009365577615939436,0.0012063266204501149,-0.0014277989680802012,0.003300914491268088,0.7763716274821881,0.43752959204239283,343,95,raw-csd|ray|fixed
periodic_gamma_power,meditator:condition[T.meditation],-0.0004688980765378776,0.0009588208992794558,-0.0023481525067499177,0.0014103563536741624,-0.48903614521778754,0.6248161073068277,343,95,raw-csd|ray|fixed
periodic_gamma_power,Group Var,1.224398371686785,0.25044740457202463,0.7335304787040846,1.7152662646694854,4.888844321541643,1.0142966554411987e-06,343,95,raw-csd|ray|fixed
naive_gamma_power,Intercept,-7.810778340453251,0.05758343988473848,-7.923639808733266,-7.697916872173237,-135.6427882059086,0.0,343,95,raw-csd|ray|fixed
naive_gamma_power,condition[T.meditation],0.0273119336882646,0.03193870413319406,-0.035286776125676315,0.08991064350220551,0.8551359370864132,0.3924758966724865,343,95,raw-csd|ray|fixed
naive_gamma_power,first_session[T.meditation],-0.022166939811466408,0.05414863039895612,-0.12829630520559115,0.08396242558265833,-0.4093721235079243,0.682266593970932,343,95,raw-csd|ray|fixed
naive_gamma_power,meditator,0.10824579510229435,0.06111643095130891,-0.011540208425900159,0.22803179863048884,1.7711406477340457,0.07653731608642779,343,95,raw-csd|ray|fixed
naive_gamma_power,meditator:condition[T.meditation],7.52634148562572e-05,0.03895561776138782,-0.07627634439297272,0.07642687122268522,0.0019320298119070542,0.9984584642010937,343,95,raw-csd|ray|fixed
naive_gamma_power,Group Var,2.251376579517177,0.43183364925827533,1.4049981796584556,3.0977549793758983,5.213527439059413,1.852831089906663e-07,343,95,raw-csd|ray|fixed
exponent,Intercept,2.6712134455464054,0.1389577901258693,2.398861181528426,2.9435657095643846,19.22320039147711,2.3670954675811175e-82,315,95,raw-csd|ray|knee
exponent,condition[T.meditation],0.05461281498486499,0.08816854501128146,-0.11819435780654532,0.2274199877762753,0.6194138167741919,0.5356437812852894,315,95,raw-csd|ray|knee
exponent,first_session[T.meditation],-0.012591931759630874,0.1288856824393439,-0.2652032274636114,0.24001936394434967,-0.09769845277854569,0.9221717441845413,315,95,raw-csd|ray|knee
exponent,meditator,0.16807853666137576,0.1481795078425315,-0.12234796195685646,0.45850503527960795,1.134290018293155,0.256672914778462,315,95,raw-csd|ray|knee
exponent,meditator:condition[T.meditation],-0.08120038332354003,0.10787708245671081,-0.2926355796959509,0.13023481304887086,-0.7527120818837896,0.4516229481157743,315,95,raw-csd|ray|knee
exponent,Group Var,1.770632916338117,0.3709336379750885,1.0436163452525244,2.4976494874237094,4.773449304851211,1.810971505250836e-06,315,95,raw-csd|ray|knee
periodic_gamma_power,Intercept,0.0009210410011657566,0.0003829602138175635,0.00017045277457157374,0.0016716292277599394,2.4050566297326297,0.016169959848475367,315,95,raw-csd|ray|knee
periodic_gamma_power,condition[T.meditation],-0.0005772920947402284,0.0002625227920849586,-0.001091827312347644,-6.275687713281285e-05,-2.1990170459310177,0.027876710267012796,315,95,raw-csd|ray|knee
periodic_gamma_power,first_session[T.meditation],-0.0004016177996178362,0.00035155573272440543,-0.0010906543743162602,0.0002874187750805877,-1.1424015091589357,0.25328716425804676,315,95,raw-csd|ray|knee
periodic_gamma_power,meditator,-0.00036623599802855907,0.00040916988120013497,-0.0011681942287393562,0.00043572223268223805,-0.8950707636504265,0.37074926147597376,315,95,raw-csd|ray|knee
periodic_gamma_power,meditator:condition[T.meditation],0.0004881284983646622,0.00032118238204641484,-0.00014137740291509494,0.0011176343996444193,1.519786033264183,0.1285647604874782,315,95,raw-csd|ray|knee
periodic_gamma_power,Group Var,1.4211302417962801,0.4371894902416672,0.5642545865031869,2.2780058970893733,3.250604768679859,0.0011515982857936687,315,95,raw-csd|ray|knee
naive_gamma_power,Intercept,-7.829065565342021,0.056740625965752384,-7.940275148695154,-7.717855981988889,-137.9798941602707,0.0,315,95,raw-csd|ray|knee
naive_gamma_power,condition[T.meditation],0.01606074505310443,0.030681108656379588,-0.04407312291915966,0.07619461302536851,0.5234734257154975,0.600644839244096,315,95,raw-csd|ray|knee
naive_gamma_power,first_session[T.meditation],0.008877051747577941,0.053543164223134834,-0.09606562174807988,0.11381972524323576,0.16579243823887346,0.8683202971779156,315,95,raw-csd|ray|knee
naive_gamma_power,meditator,0.08289792046295313,0.06027186688077078,-0.03523276790435009,0.20102860883025636,1.375399912979981,0.16900749595356368,315,95,raw-csd|ray|knee
naive_gamma_power,meditator:condition[T.meditation],0.013540704537469495,0.03754545265682081,-0.06004703045315298,0.08712843952809197,0.3606483230136148,0.7183623604713036,315,95,raw-csd|ray|knee
naive_gamma_power,Group Var,2.6802562273303194,0.5359477951619508,1.6298178512192456,3.7306946034413935,5.000965115493029,5.704403450122935e-07,315,95,raw-csd|ray|knee
exponent,Intercept,1.324806789849733,0.04829782306206956,1.2301447961163887,1.4194687835830775,27.429948305271818,1.2053341927656221e-165,350,95,raw-csd|very_broad|fixed
exponent,condition[T.meditation],0.01258797387907069,0.023381844469634424,-0.033239599173529824,0.0584155469316712,0.5383653071261535,0.5903248727069825,350,95,raw-csd|very_broad|fixed
exponent,first_session[T.meditation],-0.013015264084220997,0.04593467713394831,-0.10304557690823524,0.07701504873979326,-0.2833428881249714,0.7769140037434085,350,95,raw-csd|very_broad|fixed
exponent,meditator,-0.07968426069413476,0.05116255701107576,-0.17996102979282047,0.02059250840455097,-1.5574722091564845,0.11935841374708935,350,95,raw-csd|very_broad|fixed
exponent,meditator:condition[T.meditation],-0.023041200980027123,0.028473292535645962,-0.07884782887116636,0.03276542691111212,-0.809221517012184,0.41838774038894055,350,95,raw-csd|very_broad|fixed
exponent,Group Var,3.0600380508420573,0.5680441798763347,1.946691916656849,4.173384185027265,5.386971927972643,7.165462042420171e-08,350,95,raw-csd|very_broad|fixed
periodic_gamma_power,Intercept,0.03817993794894918,0.01741458986093821,0.004047969015973901,0.07231190688192446,2.1924109757295334,0.028349844822081173,350,95,raw-csd|very_broad|fixed
periodic_gamma_power,condition[T.meditation],0.013188108462195126,0.00886140843035563,-0.004179932913601522,0.030556149837991774,1.4882632445896475,0.13668148408782302,350,95,raw-csd|very_broad|fixed
periodic_gamma_power,first_session[T.meditation],-0.00830407561228626,0.016500168648032484,-0.04064381190126688,0.024035660676694368,-0.5032721658439809,0.6147729330507763,350,95,raw-csd|very_broad|fixed
periodic_gamma_power,meditator,0.04248346221767243,0.018466257856246525,0.0062902618901994126,0.07867666254514544,2.300599425633043,0.02141428353947089,350,95,raw-csd|very_broad|fixed
periodic_gamma_power,meditator:condition[T.meditation],-0.006223521750400161,0.010792286155265417,-0.027376013925570628,0.014928970424770305,-0.5766638931607447,0.5641665282106794,350,95,raw-csd|very_broad|fixed
periodic_gamma_power,Group Var,2.716697398926468,0.5107330919364521,1.7156789330182378,3.7177158648346986,5.319211623092738,1.0421785797280704e-07,350,95,raw-csd|very_broad|fixed
naive_gamma_power,Intercept,-7.812132076342398,0.05780459996119276,-7.925427010407081,-7.698837142277715,-135.1472388285204,0.0,350,95,raw-csd|very_broad|fixed
naive_gamma_power,condition[T.meditation],0.024408884429023375,0.03126919375120355,-0.036877609148940504,0.08569537800698725,0.7806048541972361,0.43503493589833564,350,95,raw-csd|very_broad|fixed
naive_gamma_power,first_session[T.meditation],-0.018730241918418912,0.05447905457279544,-0.12550722679289011,0.0880467429560523,-0.34380629519536504,0.7309919656398076,350,95,raw-csd|very_broad|fixed
naive_gamma_power,meditator,0.10813824617042044,0.06137712625550913,-0.012158710764945208,0.22843520310578608,1.7618655803506944,0.07809201125884234,350,95,raw-csd|very_broad|fixed
naive_gamma_power,meditator:condition[T.meditation],0.0062241679434082405,0.038077817338059816,-0.06840698264908383,0.08085531853590032,0.16345915754963758,0.8701569281472468,350,95,raw-csd|very_broad|fixed
naive_gamma_power,Group Var,2.3412687566450567,0.44387448413815395,1.4712907540779794,3.211246759212134,5.274618930148613,1.330322239391579e-07,350,95,raw-csd|very_broad|fixed
exponent,Intercept,1.407494422767676,0.07186816826352797,1.2666354013362966,1.5483534441990554,19.58439260072193,2.100974691794425e-85,348,95,raw-csd|very_broad|knee
exponent,condition[T.meditation],0.019669514827073523,0.042089334267308535,-0.06282406447011875,0.10216309412426579,0.46732777245068363,0.6402653894147202,348,95,raw-csd|very_broad|knee
exponent,first_session[T.meditation],-0.016516350385699482,0.06726729507329242,-0.14835782606678125,0.11532512529538227,-0.24553314307798113,0.8060436489423577,348,95,raw-csd|very_broad|knee
exponent,meditator,0.011571499151970449,0.07637259235997494,-0.13811603127953934,0.16125902958348023,0.15151376684228932,0.8795704518349217,348,95,raw-csd|very_broad|knee
exponent,meditator:condition[T.meditation],-0.03355871124749451,0.05107717218952847,-0.13366812917112117,0.06655070667613217,-0.6570197567510307,0.511168213021606,348,95,raw-csd|very_broad|knee
exponent,Group Var,1.9647415288567005,0.3852643979038444,1.2096371844396567,2.7198458732737443,5.099722527039904,3.401517555255812e-07,348,95,raw-csd|very_broad|knee
periodic_gamma_power,Intercept,0.03830255750605177,0.012109272220943466,0.014568820074011227,0.06203629493809232,3.163076756983461,0.0015611116543576865,348,95,raw-csd|very_broad|knee
periodic_gamma_power,condition[T.meditation],0.0033937744083510765,0.007117946019829448,-0.010557143434414867,0.01734469225111702,0.4767912539511496,0.6335107742861645,348,95,raw-csd|very_broad|knee
periodic_gamma_power,first_session[T.meditation],-0.007570771620343169,0.011330446666670308,-0.029778039015768882,0.014636495775082543,-0.6681794498546455,0.504019051527973,348,95,raw-csd|very_broad|knee
periodic_gamma_power,meditator,0.022579698650302144,0.01287036338222719,-0.002645750046806266,0.04780514734741055,1.754394804538516,0.07936288096495463,348,95,raw-csd|very_broad|knee
periodic_gamma_power,meditator:condition[T.meditation],-0.0014943001439942528,0.00863577344538232,-0.018420105075590977,0.01543150478760247,-0.17303605212029707,0.8626230895362662,348,95,raw-csd|very_broad|knee
periodic_gamma_power,Group Var,1.9483886894360138,0.38592461008026935,1.1919903529310223,2.7047870259410054,5.0486251421767685,4.4500093176911514e-07,348,95,raw-csd|very_broad|knee
naive_gamma_power,Intercept,-7.818677463958886,0.05638594181305061,-7.929191879146836,-7.708163048770936,-138.66359614745747,0.0,348,95,raw-csd|very_broad|knee
naive_gamma_power,condition[T.meditation],0.013264750296106421,0.0317108232506709,-0.0488873211953239,0.07541682178753674,0.41830356125572304,0.6757251862062229,348,95,raw-csd|very_broad|knee
naive_gamma_power,first_session[T.meditation],-0.01256884197111901,0.052995551366215796,-0.11643821398974444,0.0913005300475064,-0.23716786875683943,0.8125265622634976,348,95,raw-csd|very_broad|knee
naive_gamma_power,meditator,0.11147297732494646,0.059859059285720044,-0.005848623023512717,0.22879457767340564,1.8622574202655304,0.06256681420887854,348,95,raw-csd|very_broad|knee
naive_gamma_power,meditator:condition[T.meditation],0.017366814610785323,0.03847916947897013,-0.05805097172300901,0.09278460094457965,0.45133028716424717,0.6517515191254931,348,95,raw-csd|very_broad|knee
naive_gamma_power,Group Var,2.1779364638305645,0.42119875232577136,1.3524020789388462,3.0034708487222828,5.17080464223708,2.3308814541226454e-07,348,95,raw-csd|very_broad|knee
